Customer Id,First Name,Last Name,Company,City,Country,Phone 1,Phone 2,Email,Subscription Date,Website
85F54DA3e4A4cFD,Norma,Ortega,Abbott-Grant,Carlborough,Nicaragua,+1-152-975-9065x2069,632-815-1673x980,patty06@marsh-mcclure.com,2022-04-06,http://www.barker-larsen.com/
Eb3c12fc46a7966,Oscar,Church,Frost Ltd,Smallstad,Korea,(460)036-9281,(746)482-3059x962,lonnie66@blake.biz,2022-01-25,http://potter.org/
1d33fD8cFc8372d,Kendra,Banks,Frey-Krause,Chasefurt,Indonesia,614-529-3677x831,(101)924-9066,tonibest@ellis.biz,2020-10-11,http://www.gonzales.com/
DDcdC5d99e78c80,Jodi,Frost,Villanueva Group,Tyroneberg,Mauritius,001-000-063-3072x286,001-209-513-2574,kristiemiles@chaney-brennan.com,2020-10-23,http://www.livingston.com/
Fc1AEA19E7D000B,Jade,Oneal,Harding-Barber,South Mikaylabury,Estonia,(259)793-8011x185,001-792-433-2130x76837,dshaw@baker-morris.com,2020-07-01,https://cervantes.com/
38ad1494129579d,Ronald,Bryan,Beltran Ltd,Fitzgeraldfurt,Malta,065-433-5637,+1-058-132-5152x7767,aimee87@riggs.com,2021-12-24,http://www.chavez.com/
f698DbBe3AdBCd8,Dillon,Koch,"Lucas, Carpenter and Cuevas",Branchberg,Libyan Arab Jamahiriya,(406)651-0834x713,989.802.3709x43073,marie17@benson.com,2020-08-20,http://www.may.biz/
63cEC09aC4FF8AD,Ray,Carrillo,"Rojas, Boyer and Raymond",Alexaburgh,Australia,001-822-796-9773,746-521-3042x48329,abrewer@castaneda.biz,2021-04-05,https://www.salinas.com/
1a1F80b3401c7aD,Robyn,Acevedo,Cortez Inc,North Joannefurt,Kiribati,754.074.1462x29000,(005)062-3738,gallegospamela@travis-cannon.com,2020-05-24,https://www.sellers-salas.com/
3E02f6ACbbDd8A6,Joanna,Anderson,Short LLC,Lake Yvetteborough,Tanzania,098-221-5161,077-540-0604x8590,jonathon01@nielsen.com,2020-10-08,https://mays.com/
9aD8552188B0FCc,Sally,Brown,"Underwood, Zavala and Baker",Floydstad,Kazakhstan,(298)370-0672x84793,9472010514,andreschultz@howe-flowers.biz,2020-10-08,http://www.giles.com/
345bb1727648cFC,Angie,Weaver,Hansen-Baxter,Trujillomouth,Northern Mariana Islands,001-736-172-0169x63097,001-039-562-2083x664,pettysydney@rivas.com,2020-11-04,http://www.franklin.com/
17e73834584b140,Kristina,Mcclure,Cortez-Moss,Port Ethanmouth,Sudan,+1-514-612-7215x379,103-815-0846,collinduffy@christensen.biz,2021-07-20,https://www.raymond-meyers.biz/
E0bdCfab2b5C1dD,Wesley,Walker,"Mitchell, Short and Boyd",Cardenaschester,Albania,(589)780-9675x8692,397-131-5617,valerie07@wells.biz,2021-09-16,http://gillespie.biz/
01F682209D1F28d,Evelyn,Khan,Grimes-Reese,West Monicafurt,Algeria,(531)374-1346x935,520-585-1658,floreszachary@salas.info,2020-08-05,https://www.schroeder-alvarado.net/
b1C84c589cD6b1C,Philip,Pugh,Fitzgerald and Sons,Port Adamfurt,Sudan,(159)927-0849,+1-833-174-7328x9740,tamibeck@michael.info,2022-01-04,https://bautista.com/
72A962E3a3A1908,Tiffany,Bird,"Cochran, Barrett and Pierce",Annburgh,Chile,357-784-7136x12025,259.252.6874x5666,jodilara@chang.biz,2022-05-18,https://richards.com/
8C4d0FE0D867CD6,Cassie,Moody,Stevens-Mendoza,Booneville,Malawi,672.474.1985,2147105338,rcantu@pace.com,2020-06-25,https://kane.org/
a1AafDCBeE510A3,Sara,Nunez,Adkins Group,Ronaldfurt,Australia,(816)647-1929,649.657.7469,eatoncurtis@gamble.net,2020-09-21,http://www.alvarez.com/
78DAF1519E2fDbF,Dominic,Hahn,Hansen and Sons,North Alexandria,Ukraine,726-597-2356,459.144.2007,sylvia15@boone-baxter.info,2020-09-23,http://www.mcgrath.biz/
6bF0C36DF0E9CdE,Christine,Morrison,Weber-Giles,Isabellafort,Moldova,154.321.9140x451,695-246-1201x0155,willie82@benson.org,2020-04-20,https://sanders.com/
8Da183C1d628679,Mackenzie,Dominguez,"Noble, Rivers and Rosario",Navarroland,Maldives,362-903-6191,615-547-3089x6590,clarencesanford@murillo-mcpherson.info,2021-09-13,https://archer-kaufman.com/
dBCDC7D10eeA1E5,Ian,Hester,"Mcdonald, Gregory and Casey",Estesbury,Holy See (Vatican City State),+1-209-931-9034x49458,001-567-428-6589x225,romeroterrance@frost.biz,2020-12-30,https://www.rodgers.org/
AE72cCCD7bffDAB,Theresa,Mclean,Gardner-Ellis,North Chloehaven,Algeria,(591)950-7188x66845,8557960260,wilsonnatasha@moon.com,2022-05-12,https://www.hanson.com/
c1C2A201BfCFA3f,Alyssa,Terrell,"Patterson, Copeland and Riley",Port Mia,India,064.781.3631,476-569-0327x93350,daltontheresa@chambers.info,2020-01-07,https://www.duncan.info/
8B6ED5b3Aca7fCD,Glenn,Petty,Gamble Inc,South Virginiamouth,Senegal,908.253.3077,+1-514-525-4825x578,cwalter@francis.info,2021-05-05,https://www.harrington.com/
33605b4e2b35cce,Logan,Hickman,Richards PLC,Birdport,Cote d'Ivoire,001-646-749-4465x276,001-602-583-8863,danahorn@sellers.com,2021-07-16,https://www.burgess-koch.biz/
1c8289ea71E97D9,Kristopher,Tapia,Day-Mclean,Taylorshire,Faroe Islands,679.554.9438x394,+1-377-070-6392,nprince@small-mckenzie.com,2022-04-21,http://nunez.com/
6e42CaAF7ba5C39,Teresa,Weiss,"Gould, Reyes and Rosario",East Caseytown,Burkina Faso,831-586-0499x751,9988598791,cummingsstanley@snyder-stark.net,2020-01-26,http://wade.com/
08AC8E316aeCdc5,Roberto,Nguyen,Haynes-Archer,Gwendolynborough,Solomon Islands,(122)138-8287,+1-278-557-9471,kevinarias@anderson.net,2021-12-11,http://www.mann-marquez.com/
8f1BFD7BDE69fDb,Lacey,Osborne,"Moody, Greer and Middleton",New Kristiside,Montserrat,8590442075,002.717.9314,brightcarla@hood-castro.com,2021-07-21,https://www.liu-arias.com/
172BBd85dab10b4,Amy,Duncan,Kane Group,Lake Beverly,Turkey,042.395.2284x1596,589.711.1637x150,romerojenna@solomon.org,2020-05-20,https://chang.info/
2Dd8fC29aAAdd9F,Connor,Whitaker,Burgess-Meyers,Baileystad,Malta,153-064-8088x054,001-646-033-7800,joyrusso@hendricks.com,2020-06-17,https://pham.com/
cb5c56Dc41c5caD,Harry,York,Kirk-Moon,Mosesburgh,Benin,+1-276-456-1332x570,(846)105-4696x0459,macosta@waters-barton.biz,2022-02-02,https://mccann-burgess.com/
2422850C6768095,Chase,Benson,"Bates, Walters and Fletcher",South Coreymouth,Cape Verde,+1-083-406-4191x6115,+1-447-315-1907x740,kristie14@brown-bailey.info,2021-10-19,http://stevenson.biz/
B6cABADBb985a4c,Terrance,Marsh,Nixon LLC,Smallmouth,Wallis and Futuna,648-227-7546x0354,+1-769-604-3882x793,alejandro45@huber-wu.com,2021-12-06,http://ware.info/
22b48a191Ab6e63,Gavin,Fuller,"Chaney, Pierce and Winters",Clarenceberg,Niger,001-683-311-2811,(246)092-2194x860,saramathews@chang.com,2021-03-08,https://www.macdonald-rogers.com/
43cAbe680FE4Fda,Janice,Lee,Stark-Leach,Lake Miguel,Jersey,001-716-067-1465,+1-142-421-3549x5136,ehorne@mccoy.info,2020-04-07,http://hays.biz/
d0a4a44Dc1Ce23C,Blake,Gilbert,"Roy, Contreras and Bass",East Cassandraview,Mexico,860-266-1351x260,001-141-467-5172,katherine31@collier.com,2021-04-27,http://www.navarro.net/
d0D0F0b144d26DE,Ashley,Massey,"Carson, Hopkins and Cunningham",North Janechester,Djibouti,919.255.0384,259-123-6072x16797,hensonzoe@gaines.com,2020-04-15,https://www.reilly-terry.biz/
e51573bC2a7F72b,Natasha,Patton,Holder and Sons,Maysborough,Panama,+1-559-801-4631x8564,817.772.8576x339,uhaley@christensen.net,2021-11-21,http://www.price-harrell.biz/
e5fAFBfd2C0aA5E,Anita,Kelley,Olsen LLC,Port Jesusmouth,Korea,(568)624-5226x0809,001-436-648-4504x1401,joanna72@krueger.org,2022-01-22,http://haney.net/
9622EB52Fc3FEbe,Sue,Rodgers,Salinas-Barnes,East Max,Ukraine,001-598-830-7844x42547,+1-603-318-1786x1851,cooksierra@maxwell.net,2020-08-18,https://kerr.info/
6f0c451d95cD6be,April,Gardner,"Pham, Koch and Harper",Shellyfort,Bolivia,001-111-310-5141x5762,+1-574-694-7020x2711,patrickfrank@costa.com,2020-08-09,http://mcfarland.com/
A1dB54F659Af6Ce,Charlotte,Hamilton,"Hunter, Blanchard and Roman",Gainestown,Micronesia,3891332906,001-538-086-7229,cathy43@stokes-myers.net,2022-03-21,https://www.greer-munoz.com/
aaff67C6f739Ee9,Julia,Frost,Johnston-Potts,Bonniemouth,El Salvador,(363)696-5899x54182,295.988.4058,gjackson@glass.com,2021-12-04,https://www.ellis-howard.info/
708B9DEE2aceebA,Douglas,Mckinney,Landry Group,North Devinbury,South Africa,+1-454-409-5611,294-468-6594x01252,marilyn20@mack.com,2020-07-27,http://www.ortega.com/
B3DE452b2ffFEc0,Tonya,Jensen,"Tyler, Bowman and Newman",Cassidyhaven,Marshall Islands,410-640-0524x690,+1-294-723-4674x41494,garrettwalters@boone.com,2021-12-31,https://rice-holt.com/
bdaf74CcEDC5A6B,Gene,Glenn,Cardenas LLC,New Jacobton,British Virgin Islands,(639)185-5188x9405,+1-159-591-3729x1462,leroy68@farley.net,2022-02-08,https://www.jenkins.info/
6b62f128fECfdFC,Gregory,Greer,"Stanton, Foley and Freeman",North Tracey,Kuwait,001-508-010-4129x85155,857.070.1813,norriscolleen@jensen.biz,2022-01-14,http://wilkerson-hess.com/
fffE7bDd1e6F4fd,Riley,Lynn,"Chavez, Kerr and Brennan",Port Jodimouth,Mongolia,5396815638,7529041955,tjackson@little.net,2022-02-20,http://cervantes-berger.net/
2edacB92F81e27D,Alfred,Hunt,Gallegos-Owens,Gwendolyntown,Bouvet Island (Bouvetoya),+1-477-518-6436,(702)814-2423,sherrymoore@jones.biz,2021-08-21,http://www.hart.com/
5E7F3322Ca5B87d,Roberto,Zavala,Frey PLC,Lake Danielside,Falkland Islands (Malvinas),+1-750-453-7643x5618,926.104.7160,lambertjoan@mccall-hancock.info,2022-01-06,https://joyce.org/
f1237Faf1CfaCfB,Diamond,Mora,"Davila, Hawkins and Lynn",Sullivanville,Bhutan,082-771-9625x203,(757)511-9749x9834,ginalucas@romero.com,2022-04-24,https://hancock.biz/
5E0090CC9ca0EB7,Ebony,Perry,"Collier, Crawford and Sexton",Maryfort,Austria,+1-331-425-7718x588,594.268.4618x82635,kerrbrittany@martinez.com,2021-09-26,https://www.hull-walton.com/
bF3aE9acdDC8e74,Kelli,Blankenship,Lloyd Inc,Sethland,Netherlands,470-052-3300,528.602.1453,kimwiley@ray.com,2020-02-17,https://ruiz-bullock.net/
0Fa40A7A4eBcad6,Sandy,Pollard,Pitts and Sons,Lake Hannah,Kiribati,+1-299-930-2112x052,001-054-110-4913,mckenzieforbes@reid-davies.com,2020-10-01,http://www.levine-brock.biz/
b75E87B928b86F7,Connor,Maxwell,"Abbott, Frost and Baker",South Daltonside,Macedonia,693-127-6264x51440,001-611-034-4488x20528,conradbrittney@brennan.com,2021-01-19,https://www.decker.com/
0Ca800d460CFE15,Jillian,Chavez,"Archer, Branch and Gregory",Adrianahaven,Chile,1209105154,2127765997,ggood@rush-howard.net,2020-04-16,https://www.curry.com/
cCBb6c54D73fAa2,Briana,Adams,"Holloway, Davis and Curry",East Alexandershire,Wallis and Futuna,853-415-1180x8378,982-309-6476,harrellfrancisco@benitez.org,2020-02-23,http://burgess.com/
d4d0C5a854bb781,Jared,Oneill,"Walsh, Ballard and Mccormick",New Tanyaport,Myanmar,1568645395,916.798.7596,leonbowman@tate-holder.com,2020-10-11,http://wilkins.org/
C8Fc39F1Db6ca66,Danny,Rice,"Lynch, Duncan and Krueger",Claytonborough,Mauritius,(355)592-6686x0189,673.179.6909,brendangallagher@fisher.com,2020-09-01,https://www.gallagher-barnes.com/
F43Bcb65B3FEFcd,Kaylee,Hansen,"Tran, Clarke and Farley",East Marisaton,Holy See (Vatican City State),904.183.0384,+1-957-412-8977,mollybeltran@mccall-gilbert.com,2020-12-19,http://www.boyle.net/
B7dcD9aFE0FeA41,Kiara,Charles,Long and Sons,Richardfort,Nauru,944.256.0846,(492)273-1599x40679,stephanieedwards@doyle-doyle.org,2020-01-31,http://cowan.org/
09ab9a7C04dfeEA,Kathryn,Daniels,Gould PLC,Beanbury,New Caledonia,001-429-901-6553x40763,5228356751,deanna86@brennan.net,2021-05-11,https://mckee-fields.com/
0Baaeef2A4bAFCc,Christine,Reynolds,Murphy-Hebert,Arellanoburgh,Lao People's Democratic Republic,(579)233-4974x66128,874-948-6778x56390,simonbradley@hodges.com,2020-11-07,http://www.morrison.info/
Ef922f8ac05E954,Courtney,Stephenson,Mckay LLC,Contrerasview,Christmas Island,955-957-2546x0811,142-136-5775x06835,louis40@richards-oconnell.com,2020-12-11,https://wong-henson.net/
0889389B1c9bf63,Tanya,Holmes,Kaufman-Marshall,South Thomas,Turks and Caicos Islands,639.257.4677,001-642-440-7290x57943,bridgetbarton@schmitt-case.net,2021-12-20,http://www.watson-graves.org/
31A7098a3Ab99c4,Kathryn,Branch,"Ritter, Hill and Summers",Christianshire,Senegal,001-055-373-1450x6116,439.136.0624,zprice@reeves-wilkinson.info,2021-01-19,http://velez.com/
5cFBEaaEEcB3d1f,Gordon,Cohen,Turner-Ware,East Rossfort,Nauru,(763)685-6553x9824,333.263.4122x5265,shelly76@holt-riddle.com,2020-08-17,http://www.jefferson.biz/
Ede2b4aF6f79b3d,Seth,Vance,Harrison-Delgado,East Davidtown,Turkey,(726)641-6058,395.423.6967,alvin02@ford-garrison.com,2021-06-30,https://www.howell.com/
6e124FCa60cC2c7,Geoffrey,Thompson,Anderson LLC,New Beverlyfort,French Southern Territories,444.140.4853,735.845.5188,zchristensen@carson.com,2021-06-04,http://www.lowery.info/
109b3c8B741bdfb,Herbert,Tanner,Medina-Haynes,Mckayfurt,British Virgin Islands,073.350.8264x27123,(165)025-0287,ealvarado@ayala-christensen.com,2021-10-13,https://price-clayton.com/
dd1d95ba2c7fCF8,Jermaine,Welch,Rowland-Blackburn,East Brookestad,Mali,413-719-7610,455-465-2413x38231,jamespage@pope-jackson.com,2020-08-16,https://www.nicholson.com/
fcd66fD4Ce91C0F,Joseph,Cross,Bright Ltd,Greerchester,Nepal,(654)080-3534x02763,080-286-4608,sharon01@forbes-good.biz,2020-01-28,http://www.berg.com/
BB9b641e4238BA8,Kristine,Alvarez,Valdez-Barton,West Gregg,Israel,(331)827-8985,290.238.0254,collin01@cameron-moran.biz,2021-12-08,http://cortez.com/
3d3De8ed173e1d0,Rita,Velazquez,Finley-Harvey,Hoodbury,Spain,111-672-2691x5554,8892591070,gibbsmorgan@haas.net,2020-08-14,https://hodges-maynard.com/
ECf415fF73ec487,Kirk,Travis,Bonilla PLC,Lake Pamtown,Guyana,207-582-0583x0992,038.248.7253x223,iosborn@garrett.com,2021-01-31,https://www.gallagher.com/
Bda5A1d6cee9de3,Jeanette,Mendez,"Daugherty, Simmons and Hogan",Donview,Yemen,3521654823,(984)888-0612,kwalters@mann.com,2020-07-09,https://guerrero.biz/
BA426eD4e48da5d,Johnny,Townsend,Booth and Sons,West Sallyfort,Djibouti,737.854.0642,3980420520,vfreeman@blackburn.com,2021-05-26,http://www.bernard-cantu.net/
FfDE7aac4cfeA1a,Stephanie,Fitzgerald,Carlson-Reid,Valenzuelaside,Georgia,(205)142-7751,3839038964,oliviaware@vaughan.com,2021-02-19,http://www.allison.org/
27980Ea6fDfe0ed,Belinda,Buckley,"Joseph, Fritz and Lin",Port Joan,Angola,(288)504-2804,392.031.9185x31100,ihensley@buck.com,2020-02-06,http://www.long-strong.com/
7b441017A2bCACB,Beverly,Oconnell,Mccullough PLC,West Jennystad,Palestinian Territory,+1-616-236-2384x9279,061-322-6198,quinnjorge@jefferson.biz,2021-01-10,http://www.cordova.com/
C59D0C66209d40d,Marilyn,Carrillo,Henry Inc,West Aaron,Jamaica,+1-752-470-5610x1241,(508)753-1617,wallsmargaret@day-woodard.com,2020-07-30,http://www.jordan.com/
0E4A43238802a3a,Michael,Mcfarland,Sparks Ltd,Sandyport,Nigeria,7932786825,001-645-762-3145,brenda93@knox-padilla.com,2020-10-12,https://www.haynes.info/
931e8EfAA0fEB78,Brittany,Russell,Mayo and Sons,Cartermouth,Togo,687-383-5794,2558222891,gwendolyntaylor@sosa-holt.com,2021-09-02,https://www.shepherd.com/
9E7e5F9D4eCA1a5,Andre,Costa,Rose-Neal,West Ernest,Guinea-Bissau,+1-418-143-4273x919,(837)583-9185x9153,gene44@garcia.com,2021-10-24,http://www.meyer.com/
0D362A8ff3a9C5b,Elizabeth,Esparza,Vang Group,Bryceborough,Cape Verde,(237)873-2338x26171,765-478-7114x740,caseygilbert@avila.org,2020-06-17,https://turner.com/
266b2AAb9887Ee0,Kristine,Lane,"Tanner, Mathews and Carson",New Meghanburgh,Vanuatu,812.662.7950,942-421-9038,sydney92@house.org,2020-12-24,http://barton.com/
AA37Befc1B3eefB,Summer,Doyle,Owen PLC,Kendrabury,Kiribati,5558379654,675-149-5235x27992,earellano@vasquez-stevenson.info,2022-02-08,http://pittman.biz/
3E4C5EE4C4faaD9,Blake,Jefferson,Carey-Cabrera,Haleyfort,Reunion,976-557-3507,366.638.5594,emalone@monroe.com,2022-01-07,http://lawson-bowman.info/
dFc9EE59FEaDff6,Malik,Nielsen,Aguilar Ltd,Port Jerrymouth,Mali,001-707-504-8677x721,001-933-398-7152x691,paigeriley@duran.com,2022-03-03,https://www.gill.org/
BED9e8A2122F5B6,Kristina,Wilkinson,"Foster, Rose and Harris",Katrinahaven,Cuba,+1-514-799-4273x968,8582658943,bergdavid@lindsey.com,2022-04-10,https://www.carney.com/
fd5EF29aEB50a00,Carolyn,Novak,Spence-Hunter,Port Charlesbury,Afghanistan,+1-818-153-2805x24661,655.068.4297,barrychavez@mercado.org,2020-08-26,https://frank.com/
AE43d41d4baCDC7,Tiffany,Madden,Turner-Cortez,Conradfurt,Holy See (Vatican City State),(416)835-7633x4564,109-924-1848x258,jharding@neal.biz,2020-09-09,http://www.fischer-prince.biz/
fAcabaBab61992d,Maria,Khan,Chavez LLC,South Shawnton,Saint Martin,884.791.1649,(440)597-9229x8001,rkane@stark.com,2020-11-03,https://www.le.com/
63fe2db0EEa4401,Sherry,Sweeney,Hart-Livingston,Summerschester,South Africa,390-772-6793x76283,792.420.2762,daltonsarah@willis-barron.biz,2020-10-06,https://www.shelton.com/
A82DBF603aAb0F1,Gabriella,Harrington,"Soto, Bonilla and Jordan",Cristianfort,Western Sahara,001-865-716-3246x78856,001-686-659-8160x5465,santhony@evans-oconnell.net,2020-03-31,https://browning-combs.info/
dabeFBadD80Eeec,Erik,Hatfield,Frost-Marquez,East Dalton,Guatemala,326.359.9776,+1-731-976-9733,barbarasosa@cain.com,2020-09-24,http://hayes.com/
FB830f3D90cf4FA,Norma,Powers,"Weeks, Ramirez and Decker",Lake Cameronborough,Falkland Islands (Malvinas),(794)043-4031x0702,809.912.4123x6195,bkaufman@richardson-rivera.com,2020-11-01,https://zuniga-ritter.com/
C5B71ffCd6feA2E,Allen,Decker,"Kaufman, Branch and Foster",Craneville,Anguilla,+1-884-549-6004,001-803-135-4615x4109,friedmantimothy@soto.com,2022-02-14,https://www.garrison-perkins.com/
BAaECB0DA4cF6F5,Claudia,Walters,Park-Shannon,North Belinda,Gambia,+1-654-848-7111x87903,829.490.9382x85809,rosedana@mayo-shelton.com,2020-03-08,http://barr.com/
74962aB79cCeb5F,Julie,Russell,"Paul, Melendez and Ritter",East Chloe,Ireland,001-673-692-5097x58951,1969950864,robin82@burnett-ware.org,2020-07-27,https://www.shelton-contreras.com/
3db7df88F2eB7a9,Brett,Miles,Fuentes-Savage,Port Calebstad,Cambodia,7511212632,2853011278,lynnkellie@powers.info,2020-07-27,https://www.sherman.net/
1DC0Ab2c49fD6D1,Kristie,Malone,"Sanford, Lane and Sawyer",North Sydneyview,Brazil,623-962-4689x13190,001-147-253-0067x57734,fandersen@acevedo.com,2022-04-06,http://fisher-buckley.com/
7fbCa0Ccc5C3537,Noah,Blanchard,Dixon-Jordan,Port Arianatown,Kazakhstan,+1-314-035-8487x0851,845-826-4739,courtneybrock@mccormick.info,2020-04-18,http://www.solis.com/
E74b239786C3aeb,Karen,Morgan,"Whitney, Navarro and Williamson",New Yvonne,Egypt,2131743899,589.389.3273,pdalton@rivera.com,2022-01-25,http://www.pace.org/
A2b7E50ee8a3e84,Maxwell,Maddox,"Adkins, Durham and Cowan",Moralesville,Venezuela,001-514-102-0252x668,(290)109-7959x1821,morrowpeggy@barrera-poole.com,2022-01-11,http://www.lewis.net/
AF6BE2fb8A8584C,Philip,Andersen,"Edwards, Blackburn and Fernandez",South Kathleenborough,Bosnia and Herzegovina,956.892.1458x53645,(928)202-0904x2344,msuarez@galloway.info,2020-10-22,https://www.delgado-hall.info/
6415F2DA3EEB87a,Mitchell,Jacobson,Carlson Ltd,West Duane,Cape Verde,001-771-785-9979,796.032.2136x0979,joan42@hartman.info,2021-01-20,https://www.lambert.com/
b0ee5b54e300a80,Barry,Barry,Crawford-Weaver,West Herbert,Saint Lucia,+1-035-156-2385,001-089-010-8164x88998,olsonmartha@davila.com,2021-04-30,https://www.haley.biz/
97De8e12e4d6D4c,Dale,Glover,Middleton-Bailey,Kirkton,Russian Federation,+1-865-017-0897,(623)074-5647x23370,iburke@case.com,2020-02-23,http://rodriguez.com/
9ca9cFEfFfC49E1,Sonia,Ward,"Michael, Contreras and Holder",West Tommouth,Cocos (Keeling) Islands,916-007-3709x9173,(038)562-7961,qcalhoun@morrow.info,2020-06-30,https://madden.com/
dcbf5a3F6FBaEc3,Marcia,Contreras,Hurst-Ashley,South Caseyton,Lebanon,379-373-2422x206,001-821-471-6902x7292,rtodd@hull.com,2022-02-22,https://www.collier.biz/
ffBc6F82c3f4dCF,Clarence,Patton,Sharp-Santos,East Caitlin,Montserrat,322-766-0233x20165,(693)481-9042x6188,avelez@johnston.org,2020-05-20,http://www.beltran.net/
3aaADFDb9e0c417,Kathryn,Farley,Gilmore-Garrett,Warrenmouth,South Georgia and the South Sandwich Islands,247.690.3340,(523)201-3864,meghan14@flynn.com,2020-08-31,http://www.mosley.com/
015b063dC67758c,Kurt,Barajas,"Kaiser, Rosario and Pacheco",North Alex,French Guiana,(782)594-5308x52494,881-832-7669x1467,brandonboyer@boyer.org,2022-02-14,https://mack.info/
93e6f8bDCb4D1AC,Chad,Nguyen,Mccann LLC,New Gracebury,Mauritania,492-075-5960,(785)636-2008x449,isaac73@hood.com,2021-04-03,https://forbes-garrett.net/
B179dACDBCe4ABE,Stuart,Fowler,"Dougherty, Marsh and Webb",East Dwayneport,Burkina Faso,406.953.5159x27628,181-342-6599,lauragraham@cunningham.com,2020-02-28,http://villegas-mckay.info/
0AFbFCB4ce11B3d,Frederick,Huynh,Phillips Ltd,Lake Spencerport,Trinidad and Tobago,556-206-5248x5864,001-323-973-3371x12697,garrett41@baxter-booker.com,2020-04-17,http://bender-daugherty.com/
09DEC4ABd858aDb,Andres,Daniels,Horton Group,Connieburgh,Saint Helena,+1-959-362-3886x60181,(798)910-0823x3076,franklinshelly@graves.com,2020-04-03,https://www.buchanan.info/
61ffeEEcA2c6A33,Brittney,Coffey,Lane-Parks,East Claudiashire,Niue,963.907.2012,716.731.7217,cynthia62@brock.com,2020-05-01,https://mcfarland-marks.org/
46cDc12FaAf0a6a,Diamond,Clayton,Mack-Bass,Maddoxberg,Cameroon,261.150.6216,532.377.8325x7935,walkervincent@hood.com,2021-10-07,https://james.com/
38BB58C607f3aFF,Alicia,Burgess,Walls LLC,Atkinsonhaven,Aruba,(336)322-1892x7059,790.480.5029x51608,stefaniegentry@conley-webb.com,2022-04-25,https://rasmussen-wood.com/
B8EF5fa82Cf2eE5,Andrew,Smith,"Myers, Sexton and Leblanc",Griffinton,Libyan Arab Jamahiriya,686-214-8507,001-448-962-3494,bsnyder@huff.com,2020-10-28,https://barton.info/
e8dCA474DDC5ADB,Isabel,Sellers,"Collier, Dean and Armstrong",Port Hunterfort,Uganda,470.009.2801x45179,048-989-7704,stefanienielsen@warner.com,2020-09-04,https://chambers.biz/
F6D0f24eaD824aC,Keith,Daniels,"Rice, Woodard and Rich",Lake Ginamouth,Honduras,+1-944-706-9471,927.859.9526x90045,scantrell@mcclain.net,2020-01-27,https://vasquez-friedman.biz/
4581DB97bE63646,Christie,Maddox,Page-Sosa,South Judithview,Barbados,126.280.9489,326.155.8972,kweeks@hudson-vargas.info,2020-01-20,https://www.steele.org/
3f50Fe6E4C05edb,Cheryl,Juarez,Marsh-Sims,Davebury,Germany,+1-089-557-1139x93718,727-427-2556x7274,katherinecolon@byrd-hickman.org,2022-02-22,https://gomez-patrick.org/
0FE8eA68A3E2D0f,Patrick,Ray,"Chambers, Mcguire and Obrien",Schultzton,Norway,425-835-8660,580.657.0349x57101,wyatt03@keller.com,2020-02-29,http://hays.com/
39a7B5CDE5a5cD4,Rita,Mccann,Booth and Sons,Rodneyville,Mozambique,001-978-143-0907x744,723-679-2120,jessicabecker@valentine.biz,2022-02-07,https://massey.com/
811db9628456AB7,Brandy,Mcconnell,"Frost, Irwin and Hood",Russellshire,Korea,348.556.5444x2436,(832)490-8238,vrusso@andrews-henry.com,2021-04-11,https://david-aguilar.net/
1586F447E7E2C88,Jonathan,Sloan,Robinson Inc,Raymondton,Brazil,001-543-376-4039x834,(200)828-2914x00513,rangelrachael@carr.net,2021-09-13,http://www.wade.com/
Ccbe183eAEa6A6b,Brandon,Lozano,"Day, Fleming and Burnett",Port Normanmouth,Haiti,619.040.8069x133,682-399-0874,ryandorsey@villegas.com,2020-07-11,https://duffy-farley.com/
8aadeCD2FA2B9Af,Daryl,Chan,Ho LLC,Lake Melissahaven,Iceland,432.909.0882x25851,(742)443-2812,hunter57@small-mathis.org,2020-06-28,http://www.hill-gomez.info/
506aAb3dEE3e7C9,Trevor,Pruitt,Mcintyre-Moran,South Lukeside,Antigua and Barbuda,001-638-628-8930x88833,732-410-0340,sharondurham@ayala-mathews.com,2020-08-09,http://www.friedman.org/
d03d0321A8DC6aD,Selena,Sharp,Hensley Inc,Gomezview,Nepal,(101)802-6962x32896,001-457-528-2087x81533,yskinner@barber.com,2022-03-09,http://www.newton.com/
2D87D4c98F1dc84,Darren,Atkins,Stanley-Mccarthy,Jodiland,Greece,001-944-715-5149x62983,(559)795-3150x901,galvarado@vance.com,2021-09-13,http://hickman.com/
Ad32EEeDdFD1E2C,Edwin,Fitzpatrick,Kirk-Wolfe,Prattside,Namibia,8059614990,+1-957-260-3555x636,leblancleon@cobb.com,2020-11-21,https://miranda-booth.com/
a88f50a26639aC7,Ana,Martin,Arroyo-Mejia,Leslieland,Austria,001-693-235-6846,271-611-7047x9334,jeffsimpson@shannon-singh.biz,2021-05-20,http://www.abbott-choi.com/
fA8d3f90B787641,Yesenia,Shepard,Contreras-Bowers,Rollinsport,Indonesia,148.884.0565x0750,+1-702-511-2163x5356,wwilliams@khan.com,2021-02-13,https://franco-gentry.com/
58aFaBf0EA3b0e8,Sandy,Lang,Andrews Group,Lake Dalemouth,Croatia,+1-937-712-2352,+1-199-573-2958x791,masonmelody@weeks.com,2022-02-15,https://tran.com/
fCdf35dcc0ba4F4,Dylan,Nunez,Robles-Deleon,Gentrymouth,Sao Tome and Principe,(755)537-0900x019,+1-166-079-8569x77574,agreer@wolf.com,2020-11-07,https://www.cooke.com/
6F9aCA7a4F014D1,Kiara,Gentry,Grant-Barrera,East Kyle,Guernsey,+1-218-401-4412x281,+1-046-449-9589x1762,jordannavarro@moses.com,2020-06-25,https://www.henry-clements.biz/
Ca086b385F4D4Ca,Paul,Martin,Cantrell Inc,Ninachester,South Georgia and the South Sandwich Islands,+1-239-431-8075,618-735-8512,curtis31@cuevas.info,2020-04-07,https://gill.com/
743E069Ac5AEe8B,Meghan,Stone,Rollins Group,Bettyton,Uruguay,001-544-676-1642x779,565-690-3393,dfaulkner@hogan.com,2022-03-19,http://flynn.com/
a1A7c5d6B086dBF,Holly,Lin,"Garrett, Fuentes and Olson",Baldwinfort,Honduras,218.645.5150x16428,860-912-6407,shelleyleonard@carlson.net,2021-06-02,https://grimes-fry.com/
ff0305D6F63Def6,Tommy,Sellers,Blair-Ho,West Lindastad,Russian Federation,(351)589-4537x8920,(758)361-5062x2929,pinedakaren@herring.com,2020-11-17,http://www.stevens.net/
F911D8Acb0fdaa6,Candice,Torres,Harrison and Sons,North Guymouth,Burundi,(157)994-5044,001-641-764-1750x4995,dgilbert@stanton.biz,2021-12-19,https://burke.org/
8a1879E8dEfc7F8,Vanessa,Steele,Johnston-Strickland,Dennismouth,Antigua and Barbuda,208-423-8187,+1-117-368-9576x7077,matthewsmitchell@manning.net,2021-09-11,http://pineda.info/
4ede9D5B2cD79bd,Joann,Mckay,Mckay PLC,Port Cole,Dominican Republic,+1-007-507-9444x917,037.504.6947x546,dlowery@austin.com,2020-12-26,https://www.knox.com/
603D03Cbbe6bCc8,Melody,Hurley,Mendez Group,Aaronstad,Guinea-Bissau,001-743-500-9209x44898,654-787-0035,shawn19@lowery-burns.com,2020-09-30,https://www.cortez-murphy.com/
eDcF9C03753e89a,Clinton,Cherry,"Schmitt, Mosley and York",South Jesse,Vietnam,459.154.4531,(608)038-0214x63178,bruceadams@russo-perry.org,2020-02-17,https://larson.com/
465bEeB7ed1B91d,Sergio,Klein,Sandoval and Sons,Lake Norma,Montserrat,1671070825,440-060-3234x6903,shelby27@bowman.com,2021-05-02,https://glover.org/
A87d6D772BcBF59,Roberto,Lynch,Freeman-Owens,Glendafort,Bermuda,(425)266-2541,+1-048-783-3189x1191,gilesdominic@kelley-kaufman.com,2021-09-29,http://cox.com/
6f5a4aae7d6A1Bf,Ann,Byrd,Sosa-Montgomery,Mccannstad,Sudan,(664)624-3178,001-529-317-5450,derek70@richmond.com,2021-10-22,https://martinez.com/
C8e8DD1dBD1Cc1B,Denise,Frazier,"Fitzpatrick, Bernard and King",Jordantown,Mozambique,+1-140-340-3998,671.223.8591,epratt@weaver-malone.com,2021-06-09,http://www.swanson-ballard.com/
CDb3EB07DbdeCC5,Ray,Chaney,Gardner-Snow,Lake Teresa,Mauritania,001-813-861-1665x98901,+1-793-209-6292,bjones@evans.com,2020-06-08,https://www.mcknight.com/
e3E846defcaC4Fa,Tabitha,Mendez,Faulkner-Novak,Katrinaton,Bahrain,071.074.5629,929-840-2669,markscaleb@diaz-roth.com,2021-10-23,http://sutton-perry.biz/
33fb0b96A3Ce3Da,Savannah,Franklin,Riley-Bell,Calebfort,Greenland,967-979-2273,3326884645,stevensonalexis@eaton-flynn.com,2022-04-03,http://campos-craig.com/
Fe9B4De4DC87d8a,Jean,Bennett,Welch Inc,Cooperfurt,Guatemala,(567)792-4538x39826,001-997-798-0860x828,pelliott@carlson-zhang.biz,2021-04-05,https://compton-lyons.com/
1f9B6Bc6fcC41bc,Ivan,Gardner,Kennedy-Dalton,Karinamouth,Australia,261.770.3981x49432,(700)151-3217,holmesdakota@compton-rogers.com,2022-01-15,https://www.frazier.com/
f2eD20d3c60c5EE,Mindy,Peterson,Herrera-Delgado,Port Eugene,Bosnia and Herzegovina,001-794-726-1277x300,533.005.7766,vanessaking@harris.com,2020-03-06,https://haas-riggs.com/
aDf86eD21AEBA71,Greg,Yang,Mayer and Sons,Obrienville,Martinique,359.853.7181x080,981-341-0620x5364,blake60@hurley.com,2020-04-14,http://hernandez.com/
D51b40267112fB9,Shaun,Beard,"Carpenter, Reid and Thornton",North Megan,Korea,+1-905-612-0020x639,651-541-2714x76210,alvin02@allison-barker.com,2020-08-15,https://mckenzie-horne.com/
8d74C14Af95B74c,Priscilla,Wiley,Pacheco Group,Hunterton,Ireland,607.867.7400,8089730265,reedruth@walker.net,2022-03-01,http://sherman-morales.com/
eDe45bf6aC8ADf2,Daniel,Saunders,Deleon PLC,Murillomouth,Anguilla,+1-303-100-7355x72073,(339)014-6677x12329,lshea@davis.biz,2020-11-09,http://espinoza.com/
aAC0dEdc22BBa83,Max,Osborn,"Cole, Gibson and Duffy",Meyerbury,Brazil,862-825-9146x0710,(003)701-7242,vhammond@carrillo.com,2021-10-04,http://www.archer-cross.com/
E325c8d31857cEf,Patty,Barrett,Hoover Ltd,New Arthur,Isle of Man,+1-755-739-4688,230.009.0939,dave21@dickson.com,2022-01-21,http://hahn.biz/
CadF3E4Af2ea92e,Joy,Lynn,"Brennan, Fox and Horn",Lake Lynn,Burundi,800-401-8785x595,700-573-1916,scarney@maynard.com,2021-06-01,https://barrett-lozano.org/
da9189effC52064,Aaron,Horton,Acosta Group,South Traci,Somalia,+1-321-533-5851x67019,068-824-3744,awest@bernard.com,2020-01-20,https://rose.info/
97B9A224fdeAedA,Alec,Webb,Ballard Group,North Glendaton,Heard Island and McDonald Islands,+1-626-914-6702x9060,001-586-192-0781x158,sanfordfranklin@esparza.com,2021-09-17,http://lam.com/
dDa8aC2Dd99a36F,Theodore,Arias,Houston and Sons,Thompsonshire,Sweden,001-819-476-1530x727,015-987-3441,yrich@oconnor.net,2020-04-08,http://foley.com/
080d64e37586bDA,Madeline,Cortez,Walsh-Bass,Lake Joanna,Vanuatu,155.703.5825x06726,+1-422-720-2893x72069,kristiegarza@english.com,2021-01-20,https://malone.com/
b816EECEB9AEFF6,Mariah,Hardy,Santiago-Baker,South Jasmineshire,American Samoa,343-761-4011,035-238-0649x4750,kayleerodgers@leblanc.org,2021-11-15,https://glenn.com/
0c7cE200C288D83,Sarah,Combs,Mills-Davila,North Teresaburgh,Hungary,309-811-9174x03152,(005)640-0371,riverscarmen@wyatt.com,2020-01-27,http://foley.com/
fFAf8F4Cfa2ecd9,Dustin,Oliver,"Long, Jarvis and Morse",Lake Jillian,Israel,001-389-211-4943,818-889-9178x9312,elijah19@duarte.com,2020-04-22,http://www.graham.com/
59e3AfDeEd7aad0,Meredith,Cantrell,Ramos-Sullivan,Coltonfurt,Saint Pierre and Miquelon,863-560-4047x25104,+1-216-860-7201,nina16@rodriguez-ruiz.net,2020-04-16,http://paul.info/
E7D74f12DeA75FF,Craig,Hoffman,Bowers-Cox,North Sallymouth,Lebanon,4225725307,001-775-854-9431x6922,ybrady@gilbert.com,2020-03-25,http://sellers-perry.com/
bc12F82EAff157f,Rebekah,Frazier,"Bailey, Dominguez and Bullock",South Joeberg,Israel,930.122.4682,+1-326-938-0075x7694,cruzjuan@waters.com,2021-07-14,http://www.welch-green.com/
5F2faA929AD5dC7,Anne,Michael,Henderson-Vargas,Shelleyville,Costa Rica,684.430.1980x01442,2770418829,gshort@mckay-garrison.com,2020-08-19,http://buckley-jones.com/
22FD8CFFeCDE7DF,Meghan,Harmon,"Rasmussen, Gallagher and Bowen",Crawfordside,Serbia,+1-932-816-2581x7901,(537)431-8923x68408,ariasjuan@kim-collins.com,2020-05-22,http://chandler.org/
f2bd6BEea14F3cC,Summer,White,Luna-Frank,South Tom,Singapore,961.188.6252x629,5160126775,dawn82@carey-richmond.com,2020-01-05,http://www.velez-garrett.com/
F0f5bC93b6eeC25,Melissa,Gonzales,Herman-Charles,New Rebekah,Bouvet Island (Bouvetoya),001-704-349-1816x51402,563.230.1419,costaivan@ferguson-stein.com,2021-06-25,https://ray.biz/
5B5eA31634ACC14,Jake,Hurst,"Goodman, Ramirez and Lutz",South Carmenmouth,Russian Federation,+1-813-302-8094x1479,+1-207-654-7553x679,samuel71@summers-ford.com,2020-05-12,http://campbell-velez.com/
60D03A0a3F0da9a,Alexis,Reese,Hayden Group,Mariochester,India,001-611-182-2027x81638,(083)975-9564x0664,jhuynh@kane.com,2022-04-15,https://www.shea.com/
3aBe7dd22e1ecD6,Sherry,Boyer,"Marshall, Bell and Hooper",North Amanda,Haiti,(790)258-2066,723-043-1374,bobbywilcox@hamilton.com,2020-06-23,https://pace.com/
bca8c61e80D02A4,Isaac,Walls,Dominguez-Ward,Watersfurt,Ireland,001-883-762-3211,120.038.9796x50456,chrisrich@obrien-hawkins.info,2020-11-15,http://www.small-robertson.biz/
eAD9fF7cad2c49d,Austin,Knox,Mcbride-Donaldson,New Chloe,Romania,+1-660-444-1591x303,+1-015-071-0031x1222,anaray@morales-fuentes.info,2020-03-17,http://bates-torres.com/
FB358C9e5bC0E12,Jackie,Becker,"Ramos, Bryant and Goodwin",West Shane,Brazil,001-911-744-0581,001-070-356-5674x587,haguirre@cherry.com,2021-01-13,http://www.reese.com/
8e2Cb63f4FA05B8,Janice,Mills,Jones-Davenport,West Rodneyhaven,Greece,001-036-819-8375,731.201.1266,terri08@donovan.com,2021-04-26,http://www.huerta.org/
9931eB23F1CdDC9,Judy,Rivas,Haas Ltd,Lake Rodney,Netherlands,397.535.8713x219,(499)453-8284,alexa93@love.net,2021-09-19,http://www.bolton-mcbride.com/
Cc2b9aFfAE3cF6f,Mikayla,Dixon,"Fernandez, Watson and Dougherty",Cassidystad,Marshall Islands,453.824.1525x97586,(817)783-1808,tristanschultz@ruiz.info,2022-04-20,http://davies.net/
aBAfDAF3CA90EC2,Jacob,Perez,Roach-Anthony,Chamberston,Palestinian Territory,+1-098-965-7583x4101,(317)606-3649,katie06@greene-pham.com,2021-06-21,https://mcgee.com/
55e6738Ecc5fDe0,Marco,Byrd,Beltran-Kemp,Yvonnehaven,Yemen,(572)145-0929,734-164-7847x559,strongfelicia@morris-kennedy.com,2020-04-26,http://www.howard-reed.org/
0A0EFB6DDB9EB59,Mackenzie,Hancock,Zhang-Mcconnell,Reynoldschester,Palestinian Territory,+1-418-782-5236,001-902-062-3247,christinabass@glenn.com,2021-08-03,https://bean-woodward.com/
dFb4Bfeac0FF3Fb,Roberto,Estes,Lindsey-Howard,West Ernesthaven,Namibia,1624703862,530.791.1105x14380,whitney64@woodard.org,2021-10-13,https://walter.com/
56aef1a60a6dABc,Chase,Martin,Conley Group,Joyland,Libyan Arab Jamahiriya,001-584-206-9175x38198,601-439-0740x02690,aimee25@franklin-bentley.biz,2021-08-18,https://mahoney-lyons.biz/
8cAF34a0F7eac6c,Riley,Black,Andersen-Maddox,East Duanehaven,British Virgin Islands,001-166-741-2472x3472,(726)646-8453,omar29@mcneil.com,2020-11-01,http://ochoa.com/
81d3bA3fC7CDA8C,James,Holt,Kent and Sons,Suttonland,Andorra,1800337906,951-006-9287x937,marisa33@richardson-tate.com,2021-01-06,http://www.jackson.com/
2824dc9febf3f1D,Arthur,Casey,Dudley PLC,East Ruth,Croatia,+1-320-209-7880x276,(175)216-8133x56124,kristi14@york.com,2021-06-25,http://www.wade.biz/
74dEEbe0CFB7E85,Emily,Morris,Berg-Crane,Mcneilburgh,Greece,(449)630-0712x064,341-640-4767x8014,breanna29@lucero-hunt.com,2022-04-27,https://www.dixon.com/
7ADcFb7bc7D1663,Mandy,Meza,"Blair, Vazquez and Hurst",Devonmouth,Faroe Islands,324-726-7199x738,(959)136-2277,dianedickson@jimenez.com,2021-09-27,http://www.lang.com/
678c8c023Bd920d,Lindsey,Hancock,Gill-Shelton,East Coltonchester,El Salvador,+1-227-416-4955x2331,107-663-1965x5659,charlotte56@shelton-rivers.com,2022-01-12,http://coffey.info/
b3dc68DBaE110BE,Devin,Hood,Strong Ltd,Bonniestad,Mauritius,(933)662-9273x5553,750-943-5862x41653,friley@ryan.biz,2022-01-07,http://www.schneider-lin.info/
2DB500eb3a0DE4A,Trevor,Fitzpatrick,"Mack, Tanner and Dickerson",Port Bryan,Lebanon,050.730.7165x30697,+1-861-838-9767x990,irwinchelsey@berg.biz,2021-11-08,http://www.phelps.com/
A81492Ad5F9AcdF,Jody,Fitzpatrick,Richmond PLC,Milesfurt,Morocco,+1-291-825-2658x78214,(457)143-3602x9186,brucemary@hayden.com,2022-05-15,http://watson-bautista.org/
9E13f2c2a68E9d1,Jack,Mora,"Wiggins, Ashley and Flowers",West Arianafurt,Myanmar,355.434.1546x7779,7898146230,coffeyroberto@gross.org,2020-08-06,https://bender.biz/
849E8AF7D48dA2c,Juan,Stark,Skinner PLC,West Brucebury,Sierra Leone,(855)565-8753x49134,001-849-906-1900x96554,alecbrooks@huang-tate.com,2021-07-14,http://mendoza-wood.info/
65EbC9707a2E4a1,Rick,Mayer,Pierce-Perez,Lake Lynn,Maldives,001-563-077-9293,(566)395-7994x3935,harringtonmarisa@proctor.com,2021-09-20,http://www.sharp-singleton.com/
F5f264c481eaE1d,Morgan,Robles,Jarvis-Fox,Port Martin,Norway,001-046-462-6677x29915,001-090-971-4902x519,ritapage@webb.com,2020-06-05,https://www.munoz.info/
8cF0b6cd2E93c00,Erik,Huff,Prince and Sons,Mcphersonborough,Japan,671.671.1993,627-155-4710x384,lynnpacheco@lloyd.com,2021-06-26,https://www.benitez.com/
d2e4F8EEEFD262C,Jocelyn,Underwood,Ray and Sons,Courtneyside,Turkmenistan,930.939.6176,128.444.2364,pbishop@grant.com,2020-03-12,http://browning-parsons.com/
2Ea64a27cDd5eA7,Janice,Vang,"Huang, Huynh and Medina",New Sheila,Nigeria,9592715253,+1-573-358-2957,timothymorton@fields.biz,2020-03-21,https://www.chen.com/
Fd1aC693903c1f6,Hailey,Graves,Munoz-Porter,East Isabella,Jersey,+1-556-142-6704x4473,668.483.5515,fisherchristian@delgado.net,2020-06-06,http://guzman.com/
04ea8cfaB87DcDb,Savannah,Hunter,Brown-Clarke,Lake Natalieshire,Poland,+1-657-187-9332x05942,(880)273-7652,sblevins@villarreal.com,2022-03-12,http://www.nicholson-woodward.com/
B67f0bC593dE9e4,Cassidy,Rush,Marks Group,South Jacob,Saint Barthelemy,567-513-3075,+1-456-266-7485x845,dennis88@francis.com,2020-04-25,http://mcneil.com/
B31c210B2D05ed0,Daisy,Shaw,Castillo Group,Sierraburgh,Qatar,+1-448-681-9378,(056)993-8612x0336,vbates@tate-walls.com,2020-04-13,https://fischer.com/
4effbb015B8BD82,Edwin,Pennington,Roberts PLC,Hardinburgh,Guadeloupe,+1-075-245-2014x4298,2304548172,caseysydney@clark.com,2021-05-09,http://foster-burnett.com/
5FD087094D61F20,Destiny,Cohen,Krueger-Holland,Philipton,Taiwan,+1-759-880-4716x3322,(008)374-6605x08110,charleneabbott@mcintosh.biz,2020-09-03,http://www.cordova.com/
83bfC38Cc08BbF7,Meghan,Bonilla,Melendez-Holden,New Mistyburgh,United States of America,347-170-8284,(613)560-8810,alan49@andrews-yang.org,2021-03-18,http://www.graves-mitchell.com/
FE5c66EBEb3bBF4,Jocelyn,Cobb,"Jenkins, Lozano and Houston",South Anthony,Mozambique,028-735-7323,721.933.4036,alec26@proctor.com,2021-04-15,http://www.sanders-valencia.info/
5faDDad87B098f7,Collin,Flynn,Nguyen-Ryan,New Carol,Angola,(738)353-2672x25311,001-122-957-8137,xpham@banks.com,2021-03-21,https://caldwell-schmitt.net/
14Ff4b63A2fecF4,Manuel,Patterson,Lin LLC,West Diamondview,Oman,583-835-8064x3404,776-881-4871,ohaney@fields.org,2022-02-04,https://www.aguilar.biz/
8d32c2fcD809843,Earl,Mccormick,"Montoya, Hensley and Bush",Valerieville,Afghanistan,216-956-5845,001-799-776-5269x7242,cdunlap@woodward.com,2021-03-28,https://www.curtis.com/
bdd60975F95e13f,Kari,Elliott,"Mckenzie, Chase and Ortega",Warrenbury,Turkmenistan,920-459-2372x04493,131639868,scase@krueger-ali.com,2020-03-27,http://www.bray.com/
8F0BfBe3D4CD58d,Alison,Mcmahon,Gould Inc,Mcintoshside,Seychelles,(205)510-1583x90532,923.057.5536,pachecoevan@lopez.com,2021-08-22,http://www.cantu-russell.com/
3d50150d02477c6,Rick,Melton,Tucker-Bonilla,Kristinetown,Bulgaria,699.545.4978,262-805-8457x928,mirandadennis@strickland-burnett.net,2020-01-04,https://www.solis.com/
fAae57eb4aa316c,Jordan,Zhang,"Cox, Blevins and Savage",Georgeborough,Ethiopia,(521)658-8500x26417,390.001.0151x8617,sylviafernandez@murillo.org,2021-01-25,http://www.chapman.biz/
aECaF271AdE58AD,Amy,Romero,Stuart PLC,Martinport,Chad,887.189.7045x15148,5321931285,tabitha76@goodwin-ware.net,2021-01-10,https://www.lucero-finley.com/
A8d84178dAA908d,Felicia,Mccarthy,Gray Group,East Evan,Barbados,(121)424-4751x2621,514963070,jenkinsmason@haley.com,2020-07-06,http://www.garner.com/
41FB63B1bcA71F6,Makayla,Shelton,"Lopez, Oneal and Giles",Marcoberg,Cambodia,001-037-345-2027x37133,036-696-4965,meredith21@mills.org,2021-06-24,http://maynard.info/
D3eAf74eb27fa9f,Meagan,Petersen,Mckinney-Ellison,Omarstad,Gabon,(429)122-3142x9309,001-180-867-0190,derrick42@evans.info,2020-10-18,https://ray.info/
6E4cC7efA8baaf5,Sheila,Saunders,Ayers-Hopkins,Pearsonville,France,6878369423,100-746-9247x1724,cabbott@pierce.com,2021-05-11,https://www.gentry.com/
afe2C0C71D31209,Heidi,Clements,Wood-Murillo,North Darrylton,Tanzania,115-702-9505x922,+1-413-892-8360x4139,shortjasmine@gamble.org,2021-08-19,http://www.nielsen.com/
ed6F250BBf1b87F,Sylvia,Lloyd,Dodson-Byrd,South Debraview,Isle of Man,+1-272-752-2243x833,447.290.6585,barbaraaustin@webb.com,2021-09-08,http://www.montgomery-glass.info/
09cc751fF83BE5e,Geoffrey,Archer,Bartlett and Sons,Lake Cliffordstad,Bosnia and Herzegovina,001-474-746-0361,(496)069-9291,gmorales@bauer.com,2021-06-23,https://www.conley.info/
4126aEFff163e5c,Elaine,Sparks,Cruz Group,South Alectown,Guernsey,001-219-201-4395x00010,896-082-1038x857,candace32@jensen-bullock.com,2020-12-27,http://rogers.net/
6D9bF63d3DA044d,Patrick,Phillips,West-Cohen,Cohenbury,Bahrain,258.775.2611,984-029-4948x6766,houstonnathaniel@deleon.org,2020-11-28,https://www.hubbard.com/
d83A31462C8dd34,Mark,Hester,Huber-Ewing,Port Cindy,Ethiopia,833.648.6982x4982,(396)134-6646x19151,frederickstark@mcintyre-wang.biz,2020-08-13,http://jordan.org/
0507bEE6705B1Be,Janice,Walsh,Hall PLC,Curtisshire,Hong Kong,339.659.9922,292-296-2107x486,millsariana@vincent-pittman.com,2022-04-02,https://www.camacho-george.com/
DA33E4eb08D82e1,Jasmine,Stephenson,Carey-Cabrera,New Kimhaven,Timor-Leste,+1-961-127-5291x1401,(457)928-5536,sharonfreeman@atkinson.net,2021-12-01,https://vaughn.net/
CC9EFA9ead50cc4,Yvonne,Willis,Gutierrez Inc,Brianberg,Maldives,007.226.0077x178,297.105.5974,jwhitehead@gamble-hatfield.com,2021-02-08,https://chan.com/
f7Ad0BBbbBa05dC,Deborah,Conrad,Lowery-Avila,Lake Russellland,Thailand,007.052.4018,(347)823-1312x560,whobbs@atkins-pruitt.com,2021-08-23,https://rowe-molina.biz/
A35A5CdBE8168b2,Kristie,Hendricks,Orr-James,Houstonborough,New Zealand,+1-110-196-0828x66952,344-958-4525,jackhicks@henry-blackwell.com,2022-04-25,http://www.mosley-oconnor.biz/
dfD2d1faCa759df,David,Escobar,"Fitzgerald, Love and Carson",Douglasfurt,Turkey,001-100-468-9813x653,809-987-7132x7788,norrisgabriel@holt.com,2021-08-25,https://www.lucas.net/
ce24B24fe544a83,Kellie,Juarez,"Ferguson, Schroeder and Roach",Shawnstad,Grenada,131.316.1562x044,7820080329,audrey02@bowers.com,2022-02-08,https://harrington-tyler.com/
Ee40F4dbAD2C1b3,Molly,Elliott,"Estes, Hodge and Best",East Ravenview,Western Sahara,431.572.7801x293,9027405737,henrycoffey@wagner.net,2021-12-15,https://lowery.com/
4Aa0DeFBCfFbADe,Carly,Cabrera,"Ali, Wells and Blanchard",Copelandland,Denmark,(480)293-6769x305,(420)953-5385,zortega@cannon.info,2021-10-26,https://www.griffin.info/
f41dF8Fd2aF69d5,Haley,Davies,"Hendrix, Meyers and Braun",North Albertborough,Guinea-Bissau,351.505.8558x6249,001-992-635-7508x439,camachooscar@clark.com,2021-11-05,https://www.kirby.com/
4d9c154a6FBB4d9,Trevor,Dixon,Ayers Ltd,North Belinda,Macao,+1-020-795-7200,495.044.8546,rileydave@johns.info,2021-12-15,https://www.tanner.org/
5bbB2caA615b33c,Earl,Oconnor,Krueger and Sons,Port Donald,Iraq,001-048-723-5763x010,(676)301-3438x84807,arielschroeder@heath.com,2021-11-29,https://pennington-miller.com/
923C0eEC7aa5F0B,Veronica,Sanchez,Reynolds LLC,North Yolanda,Sudan,934-011-5932x05296,(275)198-2360,donnashannon@stokes-blevins.biz,2020-10-29,https://novak.com/
EceFB65BD36e2bD,Sally,Tate,Quinn Group,Wilkinshaven,Mozambique,+1-770-176-0071x68309,001-846-045-0276x26588,villegasjerome@cisneros.com,2020-08-25,http://gaines.com/
Cde0069a9554Da9,Garrett,Pugh,Eaton Inc,Joyceville,Bolivia,6864940475,243.823.6950,uvazquez@briggs.biz,2020-06-14,http://quinn.com/
FaE1D17e7fC1dc8,Breanna,Bryan,Barrera-May,Wendybury,Denmark,2381532229,(419)089-3355,jim48@bernard.com,2020-06-14,https://brandt-roth.com/
E3D5B6ee13A76eE,Mitchell,Duarte,"Mcfarland, Boyle and Bender",Rickberg,Nepal,478.634.2906x2672,127-991-5720,kaylee69@george-gilmore.com,2020-11-30,https://gould-diaz.biz/
101a9f2F128dbef,Emily,Abbott,"Daniel, Giles and Wise",Port Timothy,Niue,753-716-4210x537,(850)642-2620x761,jaywilkinson@roy.com,2021-08-03,https://fernandez.com/
f838D73a1AcA4dd,Anita,Marquez,"Reilly, Andrews and Roman",Matthewsville,Papua New Guinea,466.697.1387x099,001-238-614-3180x99888,jackson10@suarez.info,2020-08-12,http://reeves-valencia.info/
D1ffc455BE1ab2e,Stacy,Farley,Bowman Group,Boyertown,Japan,+1-143-738-0008x66426,887-033-8670,omeyer@ali.com,2021-03-08,https://www.taylor-wilkins.com/
7ffdc6cfcB8bEf6,Julian,Walsh,Gross Inc,Greerside,Guernsey,001-099-171-6423x5891,001-828-288-8801x73174,qrobles@robbins.info,2020-05-04,https://www.mullins-hodges.net/
eE322ffA75afC89,Misty,Hendricks,"Jennings, Mullen and Robbins",New Mikayla,Liberia,(584)537-5519,(516)599-7868,javier60@hendricks.com,2020-07-16,https://www.boyd.org/
fA5FF5fbE098ea7,Randy,Rivas,Hurst-Hatfield,North Duaneport,Norway,+1-297-625-1797x302,(559)493-2694x331,andrewyoder@powers.com,2020-01-18,http://www.christian-bruce.net/
15f4FAF78D4db6f,Amber,Blanchard,Newton-Moody,North Kara,French Southern Territories,+1-931-571-4784x36862,+1-436-488-7041x3130,madison64@caldwell.com,2022-03-14,https://buckley.com/
49c9b3729D9040E,Yvonne,Brady,Beck-Horn,Lake Williamview,Jamaica,(747)560-0698x96034,6231911240,lucas26@livingston.biz,2020-04-02,https://anthony-kidd.com/
575AE57b2ad64c3,Shelly,Jefferson,Guzman LLC,Skinnerton,Jersey,8291722445,9423241976,warrenerik@horn.biz,2020-11-13,https://duran.info/
87D7420354C5dC0,Ricardo,Jones,"Jefferson, Moon and Hogan",Lake Stacy,Korea,(560)462-2868x0863,(497)197-0764x697,vcox@medina-daugherty.com,2022-05-02,https://www.glass.com/
1eaF40D3aDb4551,Rachael,Carrillo,Flynn Inc,Rickyberg,Falkland Islands (Malvinas),(058)336-2304,(507)354-5160x41864,warrencoleman@compton.com,2021-08-14,https://daniels.com/
29E25A66Df915b1,Shawna,Fisher,"Richards, Guzman and Ayers",East Lydiafurt,Gambia,060.413.9154,469-349-8558,sierradowns@brown.net,2021-01-20,http://www.carter.com/
b9Be8b78fdc6855,Nicholas,Wagner,Lozano-Copeland,Jeremyfort,Belgium,001-587-273-8752x75427,545-994-2839x7784,jillianbooker@mills.com,2022-02-03,https://www.dudley.com/
ebbFccF9776b1C5,Clarence,Dean,Hampton Inc,Trevinoview,French Southern Territories,1315794276,818.933.7944x0279,hannahbranch@miranda.org,2022-02-09,http://dodson.com/
bFdD0b5D6Be5Ee4,Priscilla,Levy,"Esparza, Andersen and Lawson",Laceyfurt,Armenia,352.638.6484,426.158.8556x8280,rbentley@spears.com,2021-02-24,https://dunlap.com/
93eb5Bf642f92A7,Gabriel,Casey,Underwood-Dean,Mcbridestad,Mozambique,+1-745-836-3629x35271,255-334-5753x7982,selena52@richard.info,2021-03-18,https://hughes.com/
FFD36b8448435a7,Angelica,Parrish,"Larson, Huynh and Lee",Coreybury,Malta,(984)872-1351x1168,001-537-902-6961x7125,howellmorgan@greene.info,2020-06-22,https://www.bradford.info/
cCdfaCc7961eEC7,Alejandro,Mueller,"Duncan, Douglas and Cross",Lake Sheila,Nepal,175.447.8626,001-015-633-6935,khantricia@fields.com,2021-12-09,http://www.lambert-mullen.org/
3932C8cbB30Ed0a,Felicia,Lucero,Avila Ltd,Osborneview,French Guiana,802.899.7840x51231,+1-640-667-9562,prattbryan@mack.com,2020-08-31,http://schwartz.org/
6b2Ba7d88bDdA21,Nicholas,Rasmussen,"Steele, Garner and Valenzuela",West Danielle,United Arab Emirates,584-794-1794,979-576-2154,fieldsjoanna@cantu.com,2022-03-10,http://jackson-huffman.com/
35F1d7ACF1E98ee,Omar,Holder,Meyers-Braun,Alisontown,Grenada,6336966007,+1-515-813-1908x210,isaiahduarte@buck.net,2020-06-20,https://www.juarez.biz/
bF1a8C40ECc7a69,Jacqueline,Woodard,Villegas-French,Peggyton,Isle of Man,098.076.1930x394,+1-148-515-9087x7587,boydariel@brennan.com,2022-03-17,http://www.gibson-dickerson.com/
C9966eCAbd5F1AC,Kristen,Sanders,Rowland-Grant,Choistad,Paraguay,+1-405-353-1742x608,001-951-879-5674,davidmorris@tran.biz,2020-05-16,https://arroyo.com/
BF1d01C90A54dE7,Harry,Barber,Walls LLC,North Rhondaborough,Cook Islands,1669569024,+1-985-316-6494x77477,christine16@anderson.biz,2020-01-14,http://downs-glenn.biz/
5Cf3dD6b28B7006,Martha,Schaefer,Marshall-Wilkinson,Wileyside,Guinea,9118924586,+1-111-253-4615x5444,dfarrell@holden.info,2021-09-12,http://www.newton.com/
ffB8FB3589eEd0b,Alexis,Calderon,Meyer LLC,Frederickberg,Monaco,(758)520-8553x85407,+1-946-189-6675x81402,jennyjefferson@choi.info,2020-02-26,http://www.kent.com/
ADed0c1b093d89A,Marilyn,Rogers,Malone-Spencer,North Anneside,Rwanda,+1-360-806-1215x49288,4409276892,darrenlynch@leblanc-lewis.biz,2020-12-23,http://cowan-johns.net/
1b8bd557eeccBb4,Monica,Watkins,Ewing Ltd,Port Sarah,Sao Tome and Principe,001-517-749-7294x896,860-109-9092x776,lowerygeoffrey@owen-robbins.net,2021-10-13,http://www.mann.net/
7D0cE91963E42Ec,Misty,Barrera,Mcneil Ltd,Carterfort,Bosnia and Herzegovina,362-807-9323,(162)690-0327,duane54@klein-savage.org,2022-04-12,http://www.wyatt.com/
Df3E1f93B7B5be7,Jodi,Waters,Sexton-Tucker,Lake Devin,Singapore,(485)161-5482x606,+1-218-502-3417x66600,darin35@edwards.com,2021-09-30,http://benjamin-mays.com/
DCA6cFefcbd8e58,Dan,French,Cooley-Campbell,East Sonya,Central African Republic,001-441-104-7842,726-148-9622x94527,cruzolivia@prince.biz,2020-01-15,https://farmer-rhodes.biz/
32625aFEdBf4f62,Jermaine,Kramer,"Mccarthy, Mcpherson and Randall",North Joycestad,Liberia,(445)751-4103,276.935.0923x832,joannwise@meadows.biz,2021-01-20,http://curry.info/
ef968C34824a798,Sonya,Waters,Beard Ltd,Lake Mindy,El Salvador,127.286.1543x951,793-717-7460x10002,jo58@hanson.com,2021-09-22,https://www.webster-hudson.info/
1c98Da1cbab2Ff9,Brianna,Levine,Mathis-Mckee,East Tara,Poland,001-699-245-3788x9827,001-843-129-8436x0172,plindsey@ballard-case.info,2021-04-14,https://www.reyes-floyd.com/
1C4B0BfBDe9f77c,Lori,Lam,Meadows-Fitzpatrick,Jaredstad,Cyprus,790-809-6196x3115,001-635-155-8772x7234,haleygabriella@roth-nixon.net,2021-04-08,https://montgomery.info/
EacdbFBC2D60aB1,Colleen,Salinas,Nelson-Adams,Wangborough,Mauritius,267-817-8381,001-583-738-5618x179,qhuber@webster.com,2021-12-18,https://www.beasley-clay.net/
5eCa666ecDdBD51,Kari,Vega,Woods Ltd,Kentfurt,Pakistan,129-845-6622,001-320-025-6512x9655,angelmosley@norris-garrett.com,2022-03-29,https://www.downs.biz/
FBC86d9B2Cd7F15,April,Mason,Washington-Ball,Cindyview,Azerbaijan,(046)740-1340x9169,+1-471-514-0936,valenzueladustin@duncan.net,2021-06-06,http://dunn-greene.net/
b58f2D9DeB0FD9e,Alejandra,Lynch,"Rojas, Hanna and Richard",East Harry,Colombia,(756)069-5183x0677,418-061-4432x6039,allisonpeck@gentry.com,2020-09-05,https://burke.com/
af6D924AABa015e,Karla,Klein,Padilla-Christensen,North Gailstad,Guatemala,644-777-2962x94107,683-527-6396x919,mwhitney@haley-morton.net,2022-02-27,https://www.gregory-best.com/
BEB593136e76a70,Steven,Harrell,Hurst-Diaz,New Triciaburgh,French Southern Territories,+1-426-109-4752x514,970.338.9902x9336,adriennenguyen@buck.com,2021-06-02,http://www.howell-booth.com/
Eedaa2Cf4efa503,Sarah,Alvarado,"Crosby, Bates and Conrad",Lake Beverly,Denmark,530-197-5883x65749,1876708892,jim59@townsend.info,2020-07-06,http://www.harrell-murray.com/
7DdA048afAc78bE,Lacey,Dunlap,Glover-Petty,West Elizabethburgh,Venezuela,378-739-2381,(620)405-4072x4893,simpsontanner@murray.biz,2021-02-27,http://hunter-sutton.com/
D4e86cFdDb63413,Cheyenne,Weiss,Clements-Pace,North Hectormouth,Malawi,868.638.4119x88208,001-702-560-2026x68812,dmoyer@johns.com,2022-02-26,http://www.whitney.org/
d64aAa813DebAb4,Penny,Dougherty,Munoz-Dorsey,Palmerchester,Anguilla,+1-740-942-7761x95649,+1-825-799-2306x94192,glen96@greer.info,2020-10-29,http://www.stephens.com/
be4f53D0ed6aa57,Cameron,Le,Collins-Obrien,Lake Sherritown,San Marino,(667)691-9385,780.923.4808x0592,herbertphelps@reid.com,2020-11-16,https://lester.com/
fFd1Cd01F444c5B,Holly,Quinn,Abbott Group,Lake Moniquebury,Sri Lanka,085-178-0746,617-087-7806x73922,ferrellhayley@mccoy.biz,2020-07-04,http://vazquez.info/
3cBb4ef80f50f64,Dakota,Pacheco,Mckenzie Inc,Ralphborough,Japan,416.142.8154x7807,001-516-725-4972x387,williamsonfernando@meyers.com,2021-10-29,http://williams.com/
8f3acF81847CBEc,Dillon,Berry,Suarez Ltd,South Joy,Liechtenstein,267-619-7485,558.277.3699,belinda66@cain.info,2021-11-08,http://www.york.com/
Fb445762eAfFCec,Mikayla,Carter,Harper-Holt,Dustinburgh,Micronesia,3290552810,001-214-252-9140,manngregg@blankenship.com,2020-12-28,https://www.avila.com/
b5988BAea396458,Evan,Yu,Hines PLC,Fostermouth,Greenland,715.900.6400x3228,+1-431-302-0386,kaitlynstevenson@crane.info,2021-11-01,http://www.stevens.com/
55ccE335EaAD335,Zoe,Walsh,Hughes-Steele,Lake Devin,United States of America,5425875834,+1-293-673-7840x39730,alex34@barajas.com,2021-11-08,http://ramos-chandler.org/
A70fcbC0Af58085,Drew,Vega,"Howe, Bowman and Wallace",West Roy,Antarctica (the territory South of 60 deg S),604-575-9747x72770,661-921-2507x9998,gpratt@rivas.biz,2020-11-06,https://lee-hebert.com/
EF2ae2Fc40fBAef,Elizabeth,Burton,Kennedy Ltd,Alejandroton,Cambodia,342-750-6258x604,001-547-407-9743x7194,lauren40@chaney-delacruz.org,2020-09-15,http://www.cooley.com/
23C14E030BDCE52,Denise,Crawford,Harding-Logan,Melodyhaven,Qatar,(513)927-6251,539-655-0516,tammie24@jones-pruitt.com,2022-01-28,http://clayton.com/
fcfe25172EED2b8,Francisco,Owens,Mclean-Ramirez,Port Kristine,Niue,+1-017-356-3419x69739,446-585-8292x764,donald13@salas-klein.com,2021-07-11,https://www.schultz.net/
FCC4E2AaF36C084,Shane,Higgins,"Haynes, Barber and Cortez",Jefffurt,Saint Pierre and Miquelon,001-119-428-6132,001-305-925-4856x46931,monique02@wong.net,2021-06-03,https://www.knight.org/
C63a4C5e8Ef1eE9,Rick,Fuentes,Bowen Inc,Rochamouth,Croatia,6175371586,122-718-7478,nmontoya@watts.info,2021-11-30,http://nash-odom.com/
083E212Babb5CaC,Rebekah,Schwartz,"Gallagher, Small and Mcguire",Garyton,Yemen,001-777-207-2397x10879,976.872.0504,marygross@nguyen.info,2022-01-23,http://www.coleman.com/
FbBDaFb4B4E71Ac,Connor,Ford,Whitehead Group,West Katelynview,Faroe Islands,+1-849-973-3305,+1-351-397-5170x576,jackson51@edwards-hale.com,2020-05-23,http://mendez.com/
42a7A7feEfFA7Db,Jill,Nelson,Richards LLC,Lake Philip,Pitcairn Islands,306-302-8917,721-283-7498x69686,frostautumn@sandoval-molina.com,2020-12-11,https://lin-sloan.net/
Ddaed446bBefDbd,Alan,Vazquez,Hinton-Abbott,Jaredmouth,Saint Helena,291.621.7200x74949,814.090.0823x1497,belindahuffman@fritz.com,2021-08-08,https://www.holmes.com/
c7FE37C2b87dC2A,Stanley,Adkins,"Rodgers, Graham and Henson",Hardingside,Iraq,(427)277-5365x584,913-907-3335,rquinn@macias.biz,2021-04-04,http://gould.com/
c6E0fcBebfbd29C,Victoria,Jennings,"Marshall, Herman and Boyle",Prestonmouth,Georgia,013-641-6467,001-308-378-7174x71840,mccartydillon@hinton-bruce.com,2020-07-20,http://www.gallegos.org/
3eeEafAaE0E89Dc,Kristen,Pacheco,Stephenson Inc,Lozanoland,Guyana,604.649.1724x21371,764-287-8916x0203,gmora@mcgrath.net,2021-02-12,http://barrett-larson.biz/
1aB92f532B21cea,Belinda,Dunlap,Bentley-Berger,Kellyton,Cameroon,9634125152,757-076-0713,stoneandre@proctor.biz,2021-03-18,https://norris.biz/
6f33e0E021C7C72,Yvette,Mejia,Barrett-Benton,Glennchester,Guinea-Bissau,001-876-047-1095x734,2174079341,cherrytami@everett-alexander.net,2020-12-30,https://gross.info/
eeeBFd34dc0cdcc,Travis,Little,Horne-Garza,West Rosshaven,Lithuania,(710)476-9083x1381,001-469-652-4027x692,nicolas09@harvey-richards.com,2020-11-09,http://roach-collier.net/
2d7d4aCdDc4D10e,Kaylee,Christian,Madden-Burnett,Yorkbury,Isle of Man,+1-337-342-1441x880,+1-353-487-5460x830,gabriel17@bauer.org,2021-12-16,http://www.williams.info/
88eD74b3aFbEfaC,Dalton,Gallegos,Haynes and Sons,Jordanfurt,Spain,(696)179-9985x711,164.457.1568x387,rachelperry@short-costa.com,2022-02-07,http://levy.info/
0F4A11a64a3eb31,Dalton,Villarreal,"Gates, Wiley and Mckee",Port Marcport,Hong Kong,740.506.5049x31295,001-341-036-9846x858,gabriella85@cannon.com,2020-01-06,https://www.flowers.info/
7D07A123cDaebfB,Darius,Howard,Wong PLC,Port Kiara,Wallis and Futuna,(363)202-6090x16483,+1-355-472-0719x51811,mistyluna@maldonado-roberts.com,2021-05-04,http://colon.com/
83Fe5bde1eCd27a,Johnny,Mcdonald,Estrada-Haas,Erikastad,Svalbard & Jan Mayen Islands,+1-287-107-8024x9488,001-689-634-1207x15185,imorrison@mcconnell-bauer.com,2022-03-19,http://roth.info/
eECEfa2B5C9Fe48,Paul,Daugherty,Pugh-Brennan,South Paigefurt,Zambia,001-023-286-4712x8119,157-694-5814x678,paynebenjamin@schwartz.biz,2020-03-19,http://cervantes.com/
3A0AbFFB99A3ACB,Jackson,Donaldson,"Branch, Pittman and Vaughn",Molinahaven,Sri Lanka,8637129327,737-287-5526,destinybullock@avila.com,2020-04-29,http://david.com/
fEbD9DF696e83E4,Russell,Benitez,Rodgers-Gilbert,Hendersonmouth,Macao,741.664.5984x79479,+1-049-168-4965x79444,lcarson@schmitt.biz,2020-07-31,http://booth.org/
FDa1b21fe9b9EB0,Colleen,Pitts,"Blackburn, Keith and Carlson",Port Daniellebury,Cyprus,+1-750-435-3170,+1-816-456-5986x797,wyatt59@george-kennedy.com,2021-03-29,http://www.burns-quinn.com/
5e835cb625CfCeD,Beth,Wyatt,Rosario Inc,Port Kaitlyn,Antigua and Barbuda,(758)988-7140x04211,077.861.3842x279,tammiegonzales@gill-bowen.biz,2020-01-18,https://www.scott.com/
bbf46abB7D7DF3F,Donna,Gallagher,Newton-Chase,West Preston,Marshall Islands,+1-496-537-5768x74388,+1-197-607-3570x236,gatesdebra@richards.org,2020-02-12,https://gross.com/
bbE9C0B6e5ff0DF,Barbara,Booth,Avery LLC,Grimeschester,Slovakia (Slovak Republic),454-651-8146x4008,6558750908,xcobb@trujillo.com,2020-12-08,https://www.cooley-chavez.com/
8a4d8eFE2F552D8,Raven,Peters,Pittman-Ford,Allenfort,Turks and Caicos Islands,001-460-635-8606x35366,+1-164-072-5820,houstonyolanda@aguirre.net,2021-01-17,https://lozano.info/
c4DeaD0959D7C06,Edgar,Fritz,Yoder PLC,East Sherrimouth,Guadeloupe,+1-640-963-8076x2409,183-935-5649x60112,bhester@lin.com,2022-02-16,http://novak-gordon.com/
3011adBC97dC143,Angie,Shepherd,Cowan-Bray,Shepardview,Guam,+1-042-073-9603x491,+1-724-276-5178x01645,avilacarolyn@aguirre.com,2020-08-22,http://www.spence-briggs.com/
d8cee1cC8A1C6Fb,Kelly,Raymond,Francis-Gay,New Derek,Ireland,(697)408-1785x316,001-732-388-5758x038,micheal14@wells.com,2020-10-13,https://www.walls.com/
edc646126B41eb6,Clarence,Weaver,Woods-Vincent,East Alejandro,Puerto Rico,+1-601-346-0717x3603,201-932-3613,popematthew@foley.com,2020-08-01,https://www.drake.net/
C1E9Abf3AF2Ae02,Misty,Galvan,Fields-Hodge,Pughborough,Montserrat,159-009-8051,001-789-318-0063x05794,troberson@soto.com,2020-11-02,https://www.montoya.com/
Bf3B8dE1B93A6d4,Jake,Newton,Joyce and Sons,Vasquezview,Anguilla,(583)317-8474x33992,+1-797-940-3974x551,mcmahonerika@benjamin-warren.com,2020-05-08,https://garza.com/
f8FA5cbb5BD2E54,Dan,Jackson,"Velez, Moreno and Heath",Port Gabrielaside,Guadeloupe,+1-410-210-3269x990,+1-992-420-1321x08239,brentchapman@wu-freeman.net,2021-04-04,https://spears.com/
A7cAd49d9E61Ac4,Chelsea,Brewer,Richmond Group,East Tammie,Cayman Islands,001-760-552-9834,149.355.2966x41831,hooperfernando@lloyd.com,2020-04-05,http://www.king.com/
bA829972bFc6fc9,Lisa,Hines,"Gonzales, Woods and Allen",Lynnshire,Botswana,(602)498-0740,+1-998-036-6127,marshmonica@madden-charles.info,2021-07-19,https://petersen.info/
6b86dEADBadfEb1,Tyrone,Beck,Fry-Chung,New Tanyaton,Singapore,857-043-4246x917,287.864.3414x71217,darin53@tucker-meyers.net,2020-11-07,http://torres.com/
B5fdfe80E372FDb,Clinton,Simmons,Chan-Moss,Meghanbury,Bolivia,800-871-5945x25805,+1-647-039-3689x497,andreabaldwin@shaw-harrell.com,2021-03-13,http://jensen.com/
5Da583a3aA4aCBA,Timothy,Lowery,Simpson-King,Cookland,Canada,001-075-643-4986x728,072.214.8315,ellen38@rush.com,2021-03-05,https://www.avila.com/
cfC51Eb78eBbc9d,Rita,Hensley,Barker Ltd,Loganside,Palestinian Territory,+1-761-592-4317,(155)060-2584x863,jeanette03@mitchell-blevins.org,2020-08-02,http://eaton-davies.org/
25C7833cD3782C1,Christian,Fuentes,"Alvarado, Alexander and Stanley",Pamelafurt,Finland,+1-794-006-3213,+1-814-933-7302x757,oday@mccann.org,2020-09-27,http://www.glover.com/
bFedD64adf4C5Bc,Nathan,Massey,Hanson-Calhoun,East Tim,Brunei Darussalam,001-489-853-1900x21332,(745)389-5620x072,rhorton@harrison.net,2021-04-15,https://haynes-bates.com/
e4C0A6B675B3E0c,Laura,Galvan,"Ewing, Potter and Townsend",South Levi,Togo,711.936.3917x01274,590.087.5677x3420,alisha76@foster.biz,2020-06-07,http://www.wolfe.biz/
AdC8B0f05fecE4C,Marc,Preston,George-Spencer,North Kaitlinburgh,United States Virgin Islands,766.556.6971x354,(091)219-7231x7621,cassidy19@marshall-mckenzie.com,2021-08-19,http://orr.net/
4cA2AFff4CB33eF,Abigail,Allison,"Stark, Schmidt and Lucero",Alfredchester,Lithuania,430-523-3977x7451,001-390-111-7660,pedroknox@kent.com,2020-11-19,http://berg.com/
4fA018fb372a8EF,Ryan,Bradford,Bennett-Mcfarland,Lake Yvette,Macao,001-998-883-6818x3196,+1-063-013-0220x82289,haneysonia@petersen.info,2021-03-27,https://www.benitez-chavez.com/
dD3e50df682dA1C,Sheena,Stark,Huber-Chandler,Faithville,Egypt,151-568-8608,(487)629-5377x31686,msingh@rubio.com,2022-02-21,https://leblanc.com/
0eD7Cc1F849CD62,Bryce,Haley,Atkins LLC,Boydfort,Uganda,767.724.5099x68495,+1-512-614-1882,pittmangerald@miller.com,2020-05-07,https://guerrero.com/
e83cf24520FBeb8,Emily,Chaney,Pollard PLC,Port Patty,Malta,(298)153-8238x130,(120)344-2136,caseyjuarez@hale.com,2020-12-20,http://mcintyre.com/
2d2CaE9aaDebCcA,Gregory,Finley,"Bernard, Kidd and Maldonado",North Stephaniefurt,Saudi Arabia,001-331-768-2677x2949,(766)787-2336x111,abernard@perkins.org,2021-07-08,https://www.harvey-franco.net/
CF5EDe060e5fCA5,Alec,Page,"Blanchard, Davis and Khan",Joanport,Spain,+1-478-663-0978x6910,452.968.6511x7832,michael46@rosales.biz,2021-03-23,http://www.fitzpatrick.com/
5DFeEaDE4CAa019,Geoffrey,Riggs,Lawrence-Sweeney,Kellytown,Finland,383757850,(098)854-6379x89143,allenbuck@vazquez.biz,2020-11-01,https://kramer.info/
2497DfA1EbF2dec,Shawna,Foley,Robbins-Patrick,New Normanhaven,Bolivia,+1-002-351-2237,001-296-029-9802x5022,isaiah21@cantrell.com,2022-05-16,https://www.hinton-gaines.com/
c7Ff4269Dad0642,Helen,Solis,York-Hayden,Sheliastad,Burundi,179-155-8734,857-362-2131x78008,lestercory@schwartz.org,2021-03-10,http://holland.com/
a767e55C67eb8f6,Wayne,Whitney,Dominguez and Sons,West Noah,Lesotho,431-051-3939x587,(744)292-9978,rosalesdarrell@wang.info,2021-03-10,http://cummings.com/
8b019Fc206f7601,Amanda,Thompson,"Jacobson, Curtis and Montgomery",Leviburgh,Saint Kitts and Nevis,+1-333-869-4717x79570,(190)186-1138x2786,huertarandy@burnett.com,2021-09-17,https://morris-sutton.org/
C4ccFC3c6E255ea,Cody,Strong,Sutton Inc,Ibarraside,Wallis and Futuna,7921036532,832-898-2925x58021,faulknerleroy@morton.com,2020-05-04,http://www.george.net/
afe3Dd2df8dBc9d,Andrea,Gilmore,Melton Group,Feliciastad,Kenya,211-754-7827x4048,269-513-6213x43976,tkelly@chaney-decker.org,2020-12-05,https://www.mills.com/
CaF3696521b1Ec9,Lonnie,Weiss,"Alvarez, Harper and Haynes",Galvanstad,Andorra,+1-278-463-7269x9152,182-504-7895,nichole69@hodge-boyd.biz,2021-03-22,https://bates.com/
5eCB0c0fc9e3B15,Glenda,Haas,"Young, Garner and Hull",East Shawna,Taiwan,(703)152-4500x2127,+1-723-379-8219x7856,qkramer@browning.com,2020-09-12,http://www.huerta.com/
d6b82c7FFA07DAD,Pam,Buckley,Glover and Sons,East Sheila,Syrian Arab Republic,889.041.8991,763-297-0683x013,jerrydean@oneal.com,2020-07-14,http://www.rhodes.org/
B97ed75eACCf993,Allen,Hays,"Rose, Cortez and Valdez",Mckeeside,South Africa,+1-625-747-8241x94626,001-288-970-6708x908,awu@russell.com,2022-05-11,http://briggs-frank.org/
36CEe6bC3bC0864,Kendra,Green,"Odonnell, Howe and Navarro",Fritzland,Turkmenistan,115.162.7693x34665,+1-855-493-2676x18376,zgarrison@gilbert.biz,2022-02-12,http://johns.biz/
045ACDE7B2c6f7f,Deanna,Acevedo,"Avery, Larson and Weber",Daleview,Sri Lanka,676-402-9608,001-332-843-2867x120,bobby62@cochran.com,2021-03-10,http://www.gonzalez.com/
cC244d59b1fcBB1,Blake,Church,Meadows-Barajas,Clarencefort,Brazil,001-272-259-7835x15109,2886885297,espinozachloe@whitehead-watkins.info,2021-11-24,http://www.nixon.com/
aF294aE75f4fe3c,Russell,Stevens,Reese-Hale,Cesarchester,Afghanistan,001-985-857-3866x1896,5092084934,newtonjeffery@crane.com,2021-01-27,http://ayers.info/
5F929CC62eeDFBf,Tricia,Turner,Taylor-Kirk,North Dwaynehaven,Greece,001-964-002-0304x490,001-827-406-4775,wendyferrell@bauer-graham.com,2022-01-14,http://www.stokes.com/
aa59377Df120fF5,Leroy,Klein,"Carlson, Bowers and Galvan",Kristinaport,Hong Kong,129.057.9163x007,(621)258-7992x36751,jackwatkins@turner-singleton.com,2021-05-12,http://www.wheeler.com/
1bC1BF42ef9fFA0,Brady,Kirby,Dougherty Inc,North Brianna,Guyana,(432)016-6156,+1-589-251-2756x4506,angel80@cortez-galvan.biz,2020-01-21,https://www.rowland.com/
74ff44FDA78e9FE,Rickey,Bradshaw,Turner-Bell,North Jaclyn,Vietnam,001-616-754-8104x119,122.066.2993x46914,philip59@watson-rocha.com,2020-05-28,https://leblanc.com/
aa83eFC5EbF7706,Mason,Benitez,Fuller LLC,Darylstad,Wallis and Futuna,001-409-803-3534x584,001-633-389-9544x1270,martinjo@singh-spears.biz,2022-02-11,http://cortez-huff.com/
f9f5D3dCb425E5a,William,Mcknight,Sheppard LLC,Lake Dana,Mauritania,(353)073-4038x9352,7758673691,nicholas70@short-leonard.com,2021-02-21,http://www.newman.com/
5778EEEd2d6f23c,Shelby,Thornton,Mckay Ltd,Lake Zoe,Mauritius,(450)574-4151x9756,8155180567,judithmcgee@farmer.info,2021-08-03,https://sweeney-bender.info/
5a92768EE067db8,Rick,Mclean,Frazier Ltd,West Walter,Turkey,+1-206-337-7450x7746,350748018,brittanywarren@orr-lane.com,2021-11-23,https://mccullough.com/
4B27EC39Ab83D9E,Pedro,Ayers,"Dunn, Conley and Elliott",Port Vincentberg,Albania,6480940275,(747)434-7961x512,alejandro04@riggs.org,2020-08-05,https://www.wells.com/
A5dedAeEf108aAd,Natalie,Sandoval,Stanton-Leach,Hollyland,Cyprus,001-704-627-0165x4560,346-905-9577,edwinrogers@zamora.info,2022-03-02,https://www.turner.net/
C05fd16Bf9Ca3E3,Candice,Kirby,Lambert-Stewart,East Michael,United States Virgin Islands,001-154-850-1653x858,(247)367-3578x8819,turnerlucas@yang-cameron.net,2021-12-09,http://www.rojas.com/
eb8a292F27CCF4b,Larry,White,Gentry-Shelton,Tonichester,Myanmar,(716)645-1696,547.479.5803x390,lorrainekaufman@reid.com,2021-07-23,http://www.ray.com/
17f1B041b0bc58B,Albert,Mcfarland,Mathis PLC,South Mariah,Afghanistan,001-774-583-0062x287,001-607-235-1597x718,qburke@alvarado.com,2020-10-22,https://www.stanton.com/
BAf22D8FEFe1Cac,Bryce,Cook,Meadows PLC,West Darius,Chad,+1-028-972-8580x0939,001-844-060-6445,klandry@sellers-fields.biz,2021-08-28,http://rivas.com/
803579cd2cDDCb6,Julie,Sloan,Sherman-Harding,West Julieville,Mexico,001-582-709-1361,831-060-0158,morganroberts@tran.com,2020-10-06,http://riggs.com/
825e0B3FA7FBa23,Brent,Jacobs,"Camacho, Howe and Schultz",South Joanna,Venezuela,(276)209-8733x73692,990.487.6166x356,aaronrasmussen@spears.biz,2020-05-07,http://www.callahan.info/
63E4F5ff5Eb58A1,Dawn,Giles,"Parks, Weeks and Fritz",North Rebekah,Latvia,+1-623-882-2732x783,(511)685-2986x08146,wwalton@long-skinner.com,2020-05-22,https://calderon.com/
C92E39b2eBE7215,Chris,Gilbert,Knox-Riley,Lisashire,American Samoa,426.643.7568x22331,459.833.0421x081,joepreston@gross.com,2021-07-15,https://www.woodard.biz/
ef2E35aaBbd01D2,John,Hickman,"Hammond, Webster and Stewart",Faithchester,United States of America,+1-384-821-8201,(141)082-0694x4352,ngates@escobar-merritt.com,2021-10-28,https://www.may-owen.net/
8A499D4D82EeaC8,Sydney,Hale,Shepherd-Black,West Carolyn,Brazil,4916787669,900-164-7125,nkline@english.net,2021-10-14,https://www.buck.com/
b82cDFA96Cf8353,Karla,Huffman,Wong-Kemp,Lake Patty,British Virgin Islands,4623703037,7620407960,fmartin@hanna.com,2021-11-06,http://www.clark-robbins.com/
1DF7EEa5FDbA75b,Ebony,Ray,"Singh, Benson and Mercado",Hurstchester,Sierra Leone,+1-005-480-3950x959,001-799-374-8584x11288,elane@phelps-spears.org,2020-12-22,http://weiss.com/
9Ebe23dfA713FCa,Marissa,Curtis,Pierce Inc,Bartonchester,Denmark,(453)788-6932x887,(458)585-2398x4534,shelby81@blackburn.info,2021-11-09,https://bell-mcbride.com/
Afe26be40aaE9BE,Debra,Tate,Olsen-Ayers,New Stephanieview,Bosnia and Herzegovina,+1-544-776-5455x00346,7076128733,vernonbenson@floyd.com,2020-11-27,https://watkins-blanchard.com/
3DE998ecAD1ABB8,Jordan,Norton,Blake-Skinner,Ayersview,Bouvet Island (Bouvetoya),485.265.3285x20933,237-290-2181x605,carrolldebbie@frazier-sims.info,2020-10-02,http://www.haynes.com/
544F80dFf8E8fd8,Dominic,Rivera,"Horton, Atkins and Blankenship",Port Lauren,United States Minor Outlying Islands,520-713-8469x53261,709-244-8586x756,chenjulia@mason.com,2020-12-11,http://page-meadows.com/
b9b8275F1A5Cf97,Haley,Schroeder,Mcbride-Conrad,New Louis,Australia,262.664.3897,172-727-9621,isabella49@clements-valencia.org,2021-03-28,https://www.frost.com/
f900721a6CAD4bc,Edward,Compton,Daniels-Ponce,Steveland,Kazakhstan,317-847-3021x374,850-681-6365x88112,nduarte@guzman-griffin.com,2021-12-14,https://villanueva.net/
D272FbdC55e3947,Harold,Moon,Richardson-Long,Lake Roy,Madagascar,457.401.4947,212.502.5418x96099,isaiahferrell@chapman.org,2020-03-22,https://ho-valentine.com/
D2FbAeD7Ba92C14,Abigail,Irwin,"Cross, Faulkner and Gross",Troyfort,Israel,4397995127,+1-809-338-4344x3263,bethanyestes@peck.com,2021-05-30,https://www.schaefer-rivera.com/
E37eEbA83Bb9C7c,Deborah,Mcdonald,"Carney, Newton and Sanders",Port Meghanmouth,Finland,945.384.4885x4562,172-904-8129x3483,nicolas38@lowe.biz,2021-01-20,http://eaton-todd.com/
eF265Ffe5F32251,Darin,Frye,Barron PLC,Cunninghamburgh,Norway,137-447-1793,(540)399-2312,anna44@eaton-ferrell.com,2020-02-04,http://www.bruce-lin.biz/
a8fEbbf214fd0cc,Noah,Tapia,"Mcdaniel, Potts and Suarez",Brittneytown,Saint Lucia,745-358-0467,367-576-8877x134,noahproctor@serrano.org,2021-05-07,http://www.dillon.com/
C24caA81ad61d6c,Shawna,Erickson,Chen Inc,Port Gwendolynhaven,Seychelles,358.460.4582x773,7553849200,rodney94@vance.biz,2021-02-14,https://www.sparks.info/
A5a7Ad7d9b6f1B4,Selena,Montgomery,"Ross, Weeks and Curry",Schwartzhaven,Gibraltar,601-353-6253x745,(227)241-2841x59951,destiny64@trujillo.com,2021-05-19,https://gross.biz/
502bfa3399cbAdB,Mark,Ortiz,Frost and Sons,Richardview,Comoros,001-018-152-8747x67446,001-947-571-2844x902,frank25@bray-beltran.com,2020-03-22,https://www.schmidt.com/
f6d251eD4ae024E,Judith,Yates,Pham Group,North Savannah,Nepal,8642268721,001-513-914-0843x733,eburch@parrish-cameron.org,2021-02-28,https://www.hughes.info/
98f7dCef6EF92dD,Albert,Singleton,"Lawrence, Gonzales and Terrell",East Autumnstad,Myanmar,+1-032-663-0508x06945,1987893348,cray@crosby-walls.com,2020-10-01,http://www.miller.com/
1083767cB9d88Cb,Christopher,Golden,Sanchez-Gregory,North Glen,Cayman Islands,5864021958,6501593062,martinamanda@gaines-cooley.net,2021-10-13,http://osborne.biz/
9a3ff6Ab5bfa0Fe,Douglas,Sampson,Gibson-Carrillo,Port Kiaraport,Argentina,(295)679-7328x2932,(965)819-0588x99602,roy98@nichols.com,2022-03-24,https://stokes.biz/
A71261AFE0bfbc0,Anne,White,"Farrell, Williamson and Fisher",Haroldland,Lesotho,(309)850-4482,001-266-148-6515,lawsonkelli@chase.com,2020-02-18,https://blanchard.com/
D0de99020DbDA12,Adrienne,Preston,Pitts LLC,Port Craig,Belgium,982-427-2106,129-778-9465x38649,dzhang@aguilar.com,2021-09-05,http://www.rocha-ho.com/
3CC9ff0fDF8837A,Phillip,Galvan,Larsen-May,Hurleybury,Equatorial Guinea,755-203-9452,001-106-227-7307,sherrimontgomery@cooley.com,2022-05-04,https://summers.info/
D96FEF8459EcEb0,Emma,Davies,Escobar Group,East Tristanport,Congo,633-088-8389x23693,822.309.5385,tannermcmillan@nixon-luna.info,2020-01-19,https://guerrero.biz/
dd80974F62EA6Ac,Elaine,Patrick,Acevedo-Cantu,Beanchester,Pitcairn Islands,210-571-2263x904,946-905-4691x8812,jon55@mathews.biz,2021-10-29,https://www.charles.com/
FFF51Fbc317d01d,Laurie,Alvarado,"Bass, Mcpherson and Arroyo",Jerryview,Tanzania,092.707.0792x635,001-124-472-5053x81372,deborahwiggins@navarro-hill.com,2020-10-27,http://www.kline.com/
4FCb5dC6F5E0814,Dale,Yu,"Weber, Roy and Lee",Ralphshire,Central African Republic,+1-666-285-2791,335-282-2581,weeksantonio@brown.com,2020-04-17,https://www.pena.com/
c5Ffc6b5BE3C17c,Barbara,Richard,"Riley, Walton and Hahn",Fullerborough,Dominican Republic,295-326-2930x4054,870.943.1503x23405,meadowstanner@cohen.com,2021-06-02,https://www.vega-choi.info/
380f4DdDC06fa82,Grant,Snyder,Buckley LLC,Mortonmouth,Ecuador,006.798.9180x5770,689.541.4149x06592,breweredgar@aguirre.com,2021-02-01,https://krause.info/
3254Bb7DcfD7AaC,Belinda,Graham,Crawford-Saunders,West Guymouth,Philippines,001-564-943-5171x7505,001-161-461-9386x84740,buckrickey@hensley.biz,2020-12-26,https://shields-daniels.com/
53caa2AEC37a6eb,Scott,Cox,Bullock and Sons,Port Dennishaven,Uruguay,712.784.2115x446,728.552.9194,christiananthony@dunlap.com,2022-02-03,https://www.wilcox.com/
de0dB69f8AfDBBf,Brett,Chase,"Bruce, Wilkins and Lowe",East Kristymouth,Guadeloupe,244.465.2230x9457,964-200-7821x1864,cathymedina@berg.com,2020-06-13,http://fisher.com/
97AEFB7Ff65bCD0,Gregg,Delgado,Miranda LLC,North Kenneth,Solomon Islands,+1-940-218-5387x367,(306)434-0744x420,dmclaughlin@gentry.net,2022-04-24,https://mueller.com/
b389BDfC3F2537D,Gabriela,Cook,Hamilton-Shepherd,Jorgefurt,Venezuela,+1-909-618-1745x587,+1-665-886-8494,phyllis97@garza-newman.info,2021-03-24,http://www.ballard.com/
b33c57ff9eE1BdC,Gail,Cain,Jacobson Ltd,Fowlermouth,Mauritius,(711)979-6572,762.148.5801,yhoover@lindsey-forbes.biz,2022-04-20,http://malone-kaiser.net/
b52146EeE2ffdf7,Brittany,Nelson,Choi and Sons,Michaelton,Denmark,773.512.0983x90656,+1-490-384-9488x7362,rhawkins@griffin-hancock.net,2022-01-02,https://www.murphy.com/
B5C476bc39ddEbA,Desiree,Everett,"Jarvis, Aguilar and Pennington",Tyroneshire,Solomon Islands,001-459-879-4098,001-578-161-9093x311,zodom@norton.com,2022-05-02,http://www.roy.com/
EdBBe0D36479Dd7,Sandy,Church,Rodriguez and Sons,Juliashire,Palau,769-150-1401,001-244-071-4899x067,hinesmelinda@weber-joseph.com,2020-04-20,https://fletcher.com/
a88dfEeFB2BFBf0,Jasmine,Clay,Taylor-Whitney,West Yvettestad,Madagascar,+1-929-752-0369x94846,(604)366-6591,blogan@wang-dyer.com,2020-05-13,https://elliott-mcknight.org/
407cfdB94Eb54Ee,Gina,Strickland,"Charles, Lin and Mcintyre",Schroedershire,New Caledonia,001-883-795-6687,298-393-6220x937,reillykaylee@dickson.biz,2021-11-22,http://mosley.net/
342ADDf1c69d1Cc,Richard,Blake,"Horne, Choi and Mcguire",Adambury,Trinidad and Tobago,(620)116-0145x6077,857.530.3868,dsaunders@nicholson-park.info,2020-03-17,https://fitzpatrick.com/
5fe1294Eee679cf,Brad,Leblanc,Luna-Lozano,Port Diamondtown,Tajikistan,506-162-8927,952.433.9570x810,uhicks@arias.info,2021-12-17,http://www.kelley-acosta.biz/
DCFfe9Afb7c021E,Andres,Mcclain,"Pruitt, Campos and Michael",North Charlotte,Tuvalu,(950)523-5640x859,215.140.3308,xmyers@forbes.info,2020-05-17,https://wu.biz/
CEaAfc1c3B5BBDE,Neil,Orozco,"Holden, Key and Rocha",Marshallshire,Pitcairn Islands,(421)094-0310,250-645-1284x3667,jane85@wilcox.biz,2020-04-17,http://www.doyle.com/
fdCdfE6f31839E4,Stefanie,Pollard,"Horne, Roberson and Gates",New Angiefort,Equatorial Guinea,173-281-4412x87406,001-836-526-9692x75900,spearscurtis@rich.com,2021-12-28,https://henson.org/
FD02e393215fa89,Diane,Mora,"Patel, Liu and Bray",Lake Toddshire,Ethiopia,+1-160-913-2607x4803,001-821-266-9035x9684,greggmccarty@banks-baker.com,2022-02-18,http://bridges-escobar.com/
2Fce2356EbcA054,Misty,Choi,"Simmons, Case and Wells",East Heather,Niger,001-208-099-6594x770,807.690.2335,rhonda38@buckley.biz,2021-06-15,http://baxter.info/
b8bf7E6c86AE1cb,Ricky,Daniels,"Burke, Cantu and Navarro",Hayleytown,Saint Helena,074-247-9621x87465,(412)754-9977x816,jonathon83@fitzpatrick.info,2022-04-08,http://reilly-pennington.com/
D06FDEBbfef76e8,Oscar,Snyder,Glenn-Hutchinson,West Arianaside,Qatar,312-672-0083x23519,8650843113,orrtodd@murray-mann.com,2021-10-30,https://dickson.com/
397BF95DFfb95A7,Gabriel,Rojas,Mosley PLC,Port Beth,Guyana,345-987-9652x60632,(498)484-0747,leeoconnor@moon.biz,2021-08-23,https://www.lucero.biz/
ca7AA38695e8E0B,Joan,Greene,"Petersen, Curry and Nash",Port Henryton,Vietnam,+1-985-898-0072x39872,(378)238-6213x440,dmoyer@moon-ewing.com,2021-10-10,https://www.torres.com/
5118ccfEcCFf92F,Joanna,Salas,Morris-Brown,West Angel,Tuvalu,629-652-7192x06828,096-007-8323,vdyer@vega.com,2022-01-17,http://www.king-rivera.org/
b9c7eCDB6d34bEF,Courtney,Snyder,Noble Inc,Vazquezfurt,Paraguay,130-181-2936x510,6928649644,duranbobby@english.net,2021-01-24,http://woods.org/
56C4dDB1EB7c004,Bob,Wilcox,Melton Ltd,North Katie,Sudan,829.002.2276x68795,(591)423-8553,dsimon@mays-harmon.com,2021-01-31,http://www.cummings.com/
cC66f892bbaEC38,Shelley,Bentley,Stafford-Cook,Dyerport,Pakistan,551-614-0350x511,9128676431,hannahgutierrez@barker.com,2021-03-03,http://shepard-ponce.com/
98C857b3cEC2C29,Frank,Horton,Farley-Mcclain,North Paige,Cameroon,239-761-4225x2555,+1-273-142-6196,baldwinmark@deleon-riddle.com,2020-07-26,https://www.oneal-dickson.com/
D699d92E5Fd7f3F,Dominic,Serrano,Hickman-Galloway,Candaceburgh,Argentina,+1-059-471-6933x4684,+1-862-055-5815x53198,prandolph@alvarez.com,2020-12-13,http://www.mcclain-lang.com/
FFfA807FEf66F93,Christie,Jordan,Whitehead Group,Barrchester,Belize,+1-423-051-2129x609,449-632-3185x3292,fhoward@crawford-herring.com,2021-01-03,http://torres.info/
E2fEF1bA17A5A4B,Drew,Rubio,Daugherty-Cruz,New Melaniefurt,Somalia,394431738,001-865-775-3311,barrybrittney@ramsey-villegas.com,2020-02-14,http://sandoval.com/
a778DCf5C2d3193,Regina,Boyd,"Carter, Rodriguez and Hurst",Lake Cory,Bosnia and Herzegovina,2878584638,036.235.6824,holly18@bautista.com,2022-01-02,https://price.com/
eEF7ea406d36dbA,Daniel,Love,"Hinton, Caldwell and Gross",Kentton,Puerto Rico,2418308843,344-618-2713,montgomerylacey@gibson-hayden.com,2021-09-03,http://www.vazquez.com/
E4b99e2ECD4c020,Whitney,Mccarthy,Camacho-Farmer,West Jorge,Anguilla,194.138.9636x8531,085-848-6672x39882,petersonjoe@parsons.biz,2021-09-30,https://sexton.com/
10A99b177AD1eC8,Ruben,Kidd,Hutchinson LLC,North Kiara,Bhutan,(285)041-9739,+1-316-529-9103x04703,tuckerhayley@mcintyre.net,2021-12-02,http://donaldson-ward.info/
22f54B5EbDe3f2F,Ashlee,Mathis,"Griffin, Hayden and Bailey",Kiarachester,Cayman Islands,(839)520-3099x0770,713.516.7109x57193,bdaugherty@patton.biz,2020-11-02,http://www.wilcox-brandt.net/
75eff8a1c363EAe,Xavier,Gordon,Woods PLC,Navarrobury,Andorra,460-020-7429x110,(400)001-5850x0976,rebeccaestrada@mooney-blackburn.net,2021-07-24,https://www.ford-pruitt.com/
8CB58f03eFe6dDe,Guy,Solomon,Huerta-Rivas,Lake Leonard,Syrian Arab Republic,001-457-175-0519x21265,+1-503-004-3154x96800,kgay@kelley.net,2020-09-22,https://www.weber.net/
a8Eff9e04AdfC29,Jerome,Pearson,Patel-Costa,Watkinschester,Netherlands,732.495.6762x104,+1-506-597-2261x20206,wolfmiranda@burch.com,2021-09-18,https://strickland.biz/
E1CE0D4070F76F3,Douglas,Chang,Levy LLC,Normanview,Trinidad and Tobago,+1-793-021-4940x874,(218)991-1008,tammierobertson@johnston-marshall.biz,2021-03-09,https://www.arellano.info/
cCF3957FbB1eEbb,Grace,Ellison,"Hunter, Hayden and Moreno",Averyberg,Sao Tome and Principe,+1-768-405-3492x89034,750-633-1841x003,carlosdawson@mcclain.com,2021-10-08,http://www.harper.biz/
BBeBEB60E08738A,Amy,Irwin,Crane Group,South Tony,Croatia,001-364-592-3401x5570,(478)854-8804x451,danrich@shields.com,2020-11-12,http://www.spears.org/
fe58c05B5AE1c72,Mary,Francis,"Carter, Whitney and Summers",Davetown,Poland,372.266.4657x7993,+1-271-464-4234,iyates@frederick.org,2021-01-08,https://www.odom.com/
CbE7a1f6b80aD88,Shelley,Hurst,"Delgado, Gonzalez and Snow",Port Lacey,South Africa,489.450.8045x10259,001-043-278-3528x85971,brittneynixon@cochran.com,2020-01-17,http://calhoun-cochran.com/
A80989EE3Da7F7d,Gordon,Randolph,Hickman LLC,Herringburgh,Jamaica,112-210-9330x30823,837.649.6240,fergusonchloe@mcgrath.biz,2022-04-29,https://velazquez-hudson.info/
7f8049e6324ED3e,Tyler,Woodard,"Leon, Harrington and Mcintosh",Francesville,Micronesia,549.782.9473x892,001-629-745-8395x095,maxwellmarks@mayer-carey.com,2020-07-20,http://www.zhang.com/
e5169aAa0A2cE5e,Vernon,Wong,"Kane, Sawyer and Frye",New Lynn,Holy See (Vatican City State),7021188400,+1-932-776-6495x590,antonio35@joseph-hansen.com,2021-10-26,https://daniels-mccarthy.info/
c84FA04FDD3dB8C,Troy,Leonard,Woodward LLC,Dalebury,Guam,932-151-9287x2271,218.337.0847,ipruitt@hartman.com,2020-06-04,https://larsen-gonzales.com/
b964E7dA75A0ccE,Alexa,Beasley,Johns PLC,South Olivia,Gabon,+1-742-395-4159,(166)172-2543x723,churchbarbara@lara.com,2020-11-10,https://mccormick.com/
be3E2226351DDA8,Lorraine,Duke,Snyder-Baxter,Port Sharon,Gambia,001-850-440-3760x4531,(953)091-4817,garrettjustin@hess.com,2020-06-13,http://snyder-serrano.biz/
F14Ae2e5EAA065a,Reginald,Spencer,"Dickerson, Curry and Montoya",Port Robertoberg,Monaco,(722)335-0618x14581,884-887-2863,vegaluke@faulkner.net,2020-03-18,http://www.dawson.com/
B29FCfBfD746fF7,Susan,Mendoza,Golden LLC,Hurleybury,Albania,272.960.6989,001-644-278-2645,jared30@mays-clarke.com,2021-07-16,https://pittman.com/
33e0D2Ae0edf0Fd,Nicole,Horn,Hahn-Garcia,Terrystad,Lesotho,218.694.4628,(002)357-2302,craigaustin@ayers-oneal.org,2020-05-17,https://www.delgado.biz/
2Eea6cb109d9d3A,Shane,Kidd,"Donaldson, Duke and James",Rileyville,Guadeloupe,512.313.0252,+1-121-432-4001x0082,rachelwalsh@long-stuart.com,2021-10-30,https://ibarra-wall.net/
7ea1Bb5E45FCcAD,Sabrina,Allen,Doyle Ltd,Lake Franklin,American Samoa,(429)792-3564x00504,994.540.3595x47998,greenekylie@welch.info,2021-02-25,http://www.salas.net/
Cb32e928AAEdf5F,Katelyn,Michael,Harmon and Sons,Mcgeeburgh,Saudi Arabia,001-508-796-3140x0980,(967)533-0445,wattsjaime@shea-ford.biz,2021-08-21,https://www.rivers.info/
51fc98e4E80DEF6,Molly,Roberson,Jacobson-Garza,Westchester,Turks and Caicos Islands,+1-528-041-9377,355-512-6916x8317,manningmackenzie@foster-hahn.com,2021-11-08,https://www.snyder.com/
929685f77ecba7c,Jenna,Maldonado,"Sandoval, Orozco and Hines",East Wyatt,Mozambique,989799734,(474)377-8546x7640,dmckenzie@wood.com,2020-04-06,http://www.barr.com/
23b81b3c6bdB4ac,Beth,Holt,"Grimes, Klein and Ruiz",Port Brian,Montenegro,311-908-2657x604,292.549.4181,lydiahuang@sweeney.com,2021-02-28,https://www.owen.info/
B45bA53e816bf07,Isaiah,Munoz,Avery-Orozco,Robynborough,Tokelau,(161)268-1447x599,(749)749-6127,rita55@gomez-sanchez.com,2022-05-23,https://harrell-coleman.com/
9B7bCbA060807BF,Dorothy,Weiss,Mcmillan-Newton,Claireberg,Belize,563.864.9939,(063)816-2424,malikoconnor@wiggins.com,2021-05-23,http://www.carlson-ayala.com/
3DbcDDda3F5baFA,Alex,Stokes,Barajas PLC,Masonchester,Indonesia,166-793-2751x1508,001-905-717-9103x36624,christyreed@wood.com,2021-10-20,https://www.landry.com/
A3FaF059bDeF94D,Willie,Holden,Guzman-Thompson,Gabrielville,Mexico,4429933652,(277)163-1197x8112,joseph12@lee.com,2021-05-22,http://www.hawkins.com/
e212B5C986BF9bf,Roger,Dorsey,Mcdonald Ltd,Acostafurt,Equatorial Guinea,045.569.6915x059,2514580822,mindy94@hebert.com,2021-02-10,https://www.mayer.biz/
06e3a0B88eFC96f,Jane,Chambers,Gray-Huang,Lake Stuart,Paraguay,001-871-656-5065,+1-031-313-7096x554,stokessheri@reynolds.org,2021-10-04,https://www.franco-watson.com/
e2e99dEdC2f4Cad,Joanne,Esparza,Sutton and Sons,Underwoodside,Zambia,070.492.3789,945-314-5286x0482,franciscarney@david.com,2022-04-13,https://ali.com/
78c5CF38BFC8bFE,Gail,Hensley,Holland-Allison,Craigbury,Mayotte,926-015-6706,+1-441-373-8634x349,lromero@friedman.com,2021-06-22,https://barton.info/
14BEc500d6A777d,Rebecca,Sampson,Cameron-Moyer,Beardchester,Isle of Man,+1-690-922-4618x82795,306-928-2344x098,meyersrobin@vazquez.com,2021-08-05,https://www.scott.com/
bB3D5A00BbA3bC4,Maria,Eaton,Schultz-Garza,Bethview,Antarctica (the territory South of 60 deg S),174.813.8363x889,438-909-0865,brandy69@mclean.com,2021-03-11,https://colon-jacobs.net/
0B8cDF820f0FEF5,Alexandra,Mejia,"Allison, Lewis and Schmidt",New Melanie,Liberia,+1-711-126-7004x03115,964.821.8137x461,anavarro@reeves.com,2020-02-12,http://shannon.com/
F806889ebb2aBdc,Fred,Glass,Duncan LLC,East Ariana,Uruguay,7337179645,825-493-2388x08116,derrickmcbride@marsh.com,2021-11-05,https://www.griffin-phillips.net/
101e5D1E0A29Aa3,Kristina,Choi,"Roach, Byrd and Melendez",New Marc,Dominica,(013)317-3528,001-427-606-3727x7319,parkchase@obrien.net,2021-04-30,https://delacruz.com/
cAd6fDE09dD5fef,Joanne,Cobb,"Stephenson, Pope and Noble",Guzmanmouth,San Marino,016.286.5212,592.400.0333,sherrymadden@kane-wilson.net,2021-03-15,http://osborne-rose.com/
e090f2CAF78D1fa,Erica,Sloan,Rowland LLC,West Noahview,Botswana,+1-092-286-3619x944,001-666-132-2734x6100,hendrixshelby@gallagher-villanueva.com,2021-12-15,http://vargas.com/
e1a02caEc142cA6,Kirsten,Schmitt,"Hammond, Salinas and Perez",West Cameronville,Lao People's Democratic Republic,(483)291-3354,056.080.5821x461,tatemia@bates.net,2021-03-27,https://moore.com/
fd32dEA2818DdDa,Calvin,Sparks,"Newman, Travis and Mooney",West Sheilachester,Gambia,981.049.2081x35589,804-395-9963x034,sullivanjane@wilcox-crawford.net,2022-03-07,http://jordan.biz/
31349F0a8a1EA7b,Denise,Chen,"Hurley, Guerrero and Mullen",Klineside,Congo,(246)162-9025,966-875-0268x5836,zunigamarc@ruiz-parks.com,2020-04-13,https://nelson-gordon.info/
5782A7007DA656B,Yvonne,Dunlap,Conley-Mcgee,Kellermouth,Nauru,+1-897-804-6295x4973,+1-013-063-2813x4673,kfarley@george.net,2020-08-19,http://jennings.com/
815Bcc5e222Afff,Roberta,Mccall,Estes-Welch,Schmittland,Kiribati,4915281375,010-467-4008x90808,craigdalton@strickland.com,2021-02-20,http://hines-mcfarland.com/
47fD4e56E0Be315,Jeanette,Oconnell,"Mendoza, Villanueva and Bruce",Port Arthurville,Bahamas,+1-220-087-1436x5533,562.219.9359,qgibbs@delgado.com,2021-06-30,https://www.daniel-zhang.com/
624e2aEbFf6C72b,Kristin,Hull,Aguilar-Zimmerman,Basston,Martinique,627-486-3182x6880,810-757-7863x6863,brucenancy@burke.com,2020-03-15,https://www.dunlap.com/
dC8CB3EcfC6BDaA,Jesus,Cunningham,Kelley Group,North Melissa,British Virgin Islands,(943)527-4394,001-313-365-0667x9961,summer34@gates.info,2020-11-17,http://hanna.info/
B2EeC18aF7d7D7B,Phyllis,Johnston,Blanchard-Ellison,Mahoneyfurt,Mauritania,(507)702-2108x4365,001-227-749-1620x501,williswendy@lindsey.net,2022-01-20,https://www.york-mann.org/
6FC2dE40aFa7ce3,Phillip,Eaton,Mueller-Padilla,Faulknerport,Bangladesh,+1-484-921-1205x26289,482-501-3956,larrybarton@parsons.net,2022-04-09,http://www.blair.net/
D8Fab80188CfBF2,Lucas,Ball,Santiago and Sons,Savageport,Macedonia,213.311.7378,491-658-3861x045,judybeard@krueger.com,2021-05-02,http://kline.com/
C8Aa24e3B9E8B0d,Sherry,Kim,"Martinez, Moyer and Downs",South Tamishire,Netherlands Antilles,7149656013,847.889.2372,dbarnett@weiss.com,2020-05-08,http://www.cunningham.com/
5BF40306BA799d0,Monique,Brown,Crawford-Sloan,Shortborough,Guinea,914568898,(328)742-2391x188,darrylstark@lloyd.com,2021-02-26,http://munoz-porter.info/
eF1EdAcfc933489,John,Henry,Rivera-Hanson,Walterchester,Kiribati,147-969-5660x57021,+1-036-942-3283x077,eduardo51@guerra.com,2020-05-11,https://woodward-reeves.com/
080F07eD9FC82ed,Miguel,Schneider,"Vincent, Lambert and Burch",Port Amy,Equatorial Guinea,055.764.6167,552.625.1374,reynoldsross@jennings.org,2021-01-16,http://chapman.org/
cDC814CAeCFcbba,Patricia,Austin,Cook-Donaldson,Port Mariomouth,Honduras,+1-442-028-1258x08419,001-134-721-9329x1968,kelly13@adams.com,2021-03-24,http://krueger.info/
AA8127Eb6Cb62Cb,Brandy,Whitaker,Lutz-Delacruz,New Candice,Maldives,+1-933-906-0894x14649,(857)903-8074,mayerjustin@kelley.com,2020-04-12,http://www.christensen.com/
cDBacB5be591eCa,Kara,Jarvis,"Rollins, English and Dean",Carlhaven,Ethiopia,(769)516-1091x06408,(645)137-9673x9175,sheriprice@tapia.com,2021-04-23,https://carter.com/
E3c7AD5Cde565cD,Jesse,Marsh,May-Conley,Mcphersonshire,Marshall Islands,284-935-1119,505.619.7710,gabrielroach@jefferson-savage.info,2020-12-18,http://hardin.com/
74443F17aa0725e,Clarence,Nichols,Koch Group,Phyllisfort,Montserrat,322.092.6908x8144,349-920-4953x60458,allisonreilly@cantu.com,2021-07-20,http://rose.net/
87Eab13E8b9C18a,Melody,Middleton,"Camacho, Bernard and Hale",Port Tyler,Ghana,236.726.1055x6468,713.329.1052x500,crystal58@peterson.biz,2020-06-25,https://tapia-weber.com/
3782d1AbCF86496,Leonard,Cohen,Castro-Rodgers,West Grant,Tunisia,882.798.7207x43514,(535)121-4703x1879,emcdaniel@chung.org,2020-02-19,https://porter.com/
AdF14cE45b4fd08,Cesar,Chambers,Maxwell-Murillo,South Christinamouth,Heard Island and McDonald Islands,(238)370-8734,001-639-899-3305x98066,warren68@harris-barnes.com,2020-07-12,http://steele.com/
53dC87C2Ffe6bb9,Kyle,Hodges,"Tanner, Cochran and Watts",Alexaberg,Colombia,001-971-394-9213x7648,338-472-9656x63930,nolanrandall@hickman.com,2022-01-25,http://www.bruce-baxter.biz/
6E8b320EdeD15Ed,Alexa,Weaver,Hartman-Abbott,South Leah,Marshall Islands,818.003.0753,+1-668-388-5306x3347,mileslori@clarke.com,2020-08-19,https://bruce.com/
a18b1Fe5D8E0FFE,Jeff,Reeves,Mercado-Lowe,Torreschester,Cuba,3009822298,001-344-063-0061x39993,stokestimothy@beltran.info,2020-12-08,http://www.daniels.com/
4b2Fd6afBc2b43B,Charlotte,Rhodes,Boone Ltd,South Rita,Madagascar,9919260479,043.261.9362,samuel96@colon.com,2020-08-04,http://www.carroll-santos.com/
Fb0FDba4e37AF5B,Felicia,Andersen,Fischer-Wilcox,Lake Dustinhaven,Saint Kitts and Nevis,367606756,(610)484-1001x931,qcowan@conley.com,2022-01-04,http://www.roy-stone.info/
8dBC3De87B82F0f,Wyatt,Carson,"Santos, Duran and Clark",Port Adrianmouth,Uruguay,335.097.5090x3692,+1-465-996-1269x76503,leachkerri@oneill.info,2022-02-21,http://www.rowe-huber.com/
Af1431b64FE4DBF,Riley,Dawson,Melton-Pratt,Jesseland,Puerto Rico,825578960,294-485-3943x0744,savannah09@trevino.com,2021-04-23,http://www.stokes.com/
72AD1509E35FFB2,Hailey,Zamora,Holloway-Hatfield,Acostaberg,Namibia,644.633.3850x67815,(779)904-8242,rdouglas@mcknight.com,2021-02-04,http://www.jenkins-pruitt.biz/
bbE1DDC7F7BbfDf,Sandra,Burnett,Mills and Sons,Kurtburgh,Bhutan,+1-232-303-7107x78994,923.066.3441x280,carol05@blevins-spears.org,2021-03-30,http://rosales.com/
62D4D97B24Ab5fC,Tiffany,Barron,Rojas and Sons,Tristanside,Eritrea,001-677-394-7631x998,744-549-0517,simmonsomar@hines-fowler.info,2020-09-27,http://yang.info/
06338CDfD4a28F1,Cassidy,Mcintyre,Henderson-Wall,West Kirk,Myanmar,+1-823-064-3134x27074,488-001-6150x527,eharding@salazar-wade.net,2021-03-02,https://www.simpson-ayala.com/
2B7daeDEDC7725D,Tanya,Reid,Strickland-Farley,Phillipsburgh,Dominica,939425032,(032)801-8834x0232,darryl51@smith.com,2020-04-19,http://www.contreras-jenkins.com/
adDD4Da93Dc13ed,Keith,Luna,"Raymond, Sloan and Lowe",Pruittshire,Hungary,001-337-776-1125x7252,701.128.3984,gmacdonald@ramsey.info,2020-01-29,https://www.terrell-everett.com/
8e6aD823A6eAEcA,Karina,Hunt,Hartman-Malone,Theresaton,Tokelau,9114676785,+1-123-207-1970x341,vincentsosa@moses-kaufman.com,2021-03-17,https://www.park-joseph.com/
aFDF4aFCa7Be6EB,Autumn,Boyer,Harrell Inc,Chungville,Bermuda,001-970-909-9575,001-802-599-1680,fmoyer@hampton.com,2022-05-14,https://kerr.com/
fc93923Cdb44b48,Rick,Barnes,Stanton Group,Collinsview,San Marino,885.824.4017,328-937-3214,bradhendricks@gutierrez-greer.org,2021-05-02,https://herman.net/
4C6dD9f7bcbed9d,Mathew,Whitehead,"Medina, Charles and Graves",South Emma,Cape Verde,(687)635-3292x5491,001-230-697-2183x028,aprille@richards-bartlett.net,2021-01-24,http://solis-bean.com/
0DC4332A50d6C6F,Alison,Hoover,Dillon-Decker,Danfurt,Trinidad and Tobago,+1-556-305-5793x738,965.672.7253x736,omar03@castro.com,2020-07-16,https://solomon.info/
49aD7Dfa8cD2B13,Jorge,Wiley,Murray-Wilson,Phillipsfurt,Philippines,404-223-7722x09225,(258)391-9345,martinezdiana@alvarado-simmons.com,2021-06-14,https://hopkins.biz/
39da4E98D47D392,Bonnie,Oconnor,"Mitchell, Mayer and Perry",New Austin,Seychelles,+1-788-954-1073x507,340.812.2881,monroecarol@bowers-hatfield.com,2021-08-19,http://www.atkinson-klein.com/
BDE2F6eF874db60,Parker,Simon,Dillon Group,South Haileyshire,American Samoa,511.641.7764x9920,484-679-9549,samantha60@shepard.com,2021-11-13,http://www.evans.net/
e6cE2fa46D8B32f,Charles,Tran,Knight-Copeland,Elizabethchester,Uruguay,001-220-187-8412x4613,3717716243,jamesholmes@page-watts.net,2021-10-23,http://robbins-brown.info/
1f7BECAD9ccCda1,Rick,Hensley,Tate PLC,Figueroatown,Armenia,001-943-275-7324,(885)743-1690x25770,paynedanny@drake.info,2021-09-30,http://www.jordan.net/
1DB39e7Ae3Dc555,Patrick,Huffman,"Acosta, Cordova and Adkins",Devonshire,Costa Rica,(526)396-2570x655,(421)555-4713x403,jwebster@ellis.com,2020-08-30,https://www.harmon.com/
D9544D1Ba89D1c8,Perry,Moody,Evans Ltd,North Susanmouth,Israel,943-114-1789,049.390.4695x7828,harperalfred@ford.info,2021-03-25,https://www.roberts.com/
e0c4AfcBDA20BED,Faith,Madden,"Tate, Calhoun and Blevins",Martinview,Holy See (Vatican City State),+1-685-660-0593,001-016-077-2286x0437,styler@bernard.com,2020-10-30,http://krause.org/
A4A70f48DDD19fc,Rick,Pratt,Bowers-Bruce,New Harrychester,Luxembourg,(007)904-7220x881,(753)395-4538x0770,ooneal@jenkins.net,2021-07-14,http://www.sims-santos.info/
2733BDa2cCCfDDE,Diane,Werner,Guerrero-Woodard,Sheliamouth,Somalia,4576761712,(977)523-1721x85830,mezacameron@ware-camacho.com,2021-01-21,https://cohen.com/
A64C2186EbBa7aD,Kathy,Bolton,Russo PLC,Sherryburgh,Chad,9748700636,001-605-490-2745x6021,earl05@boyd.org,2020-07-13,https://www.stevens.com/
31F497BFEdea708,Caroline,Marshall,Pruitt Group,Nathanborough,Afghanistan,272-843-8202,9161091588,tuckerjohn@haley.com,2021-10-18,http://www.conley-hawkins.info/
57DAB79F18FCe13,Summer,Jensen,"Russo, Myers and Thornton",Paulastad,Qatar,(988)392-8023x8671,(408)765-1927x65252,imorrison@garner.com,2021-06-21,https://www.estes.com/
80b4C6EdecedaB0,Maureen,White,Higgins Ltd,Mullinsside,Bolivia,981.361.5077,+1-235-410-7405x80797,ipatel@santiago.com,2020-01-06,https://figueroa.biz/
CdC21FA47DcA6e7,Alexandra,Suarez,Castaneda and Sons,Jaimeview,Monaco,236.827.7710x023,1083408547,billjuarez@hardin.com,2022-02-11,https://may-franco.org/
7DDe7Fdf17fCaca,Faith,Wise,"Ward, Mills and Gordon",East Alvin,Zimbabwe,059.946.8811,001-707-223-0952x5745,roycarney@herring-duffy.org,2021-01-17,https://www.delgado-knapp.com/
Fe2b6Ef83499971,Austin,Barton,"Richardson, Fox and Nash",Lake Rachael,French Southern Territories,2765042849,736-366-2370x76441,wyattburnett@wu-bean.org,2022-02-02,https://matthews-suarez.com/
0aeF1F37663e82E,Terrance,Davies,"Pineda, Brennan and Shah",Lake Harold,Congo,625-498-5195x120,083.283.1209x7662,bradfordlaurie@figueroa.net,2021-06-01,http://reid-nguyen.com/
2b0aDCb1eFAf63E,Doris,Moore,Dominguez Group,Port Katherine,Ghana,001-379-021-6236x2686,(501)431-1278x02621,mayorandall@johnson.com,2020-07-14,https://www.boone.com/
c8Cb9D2CcB2C3Ce,Kristi,Pruitt,Freeman-Hernandez,New Amy,Central African Republic,001-821-200-6934x41681,750-473-3631x8420,iwatson@moss.com,2020-07-10,http://bowman-macdonald.com/
1a5052EaEA363D8,Brandi,Medina,"Vasquez, Glover and Buchanan",North Caitlinport,Honduras,(321)683-9665x0938,(131)422-0523,rsantana@baxter.com,2020-07-15,http://daugherty.info/
D72c1BAdDAFfECa,Bradley,Richard,Durham-Martinez,Lake Deanna,Korea,001-598-694-3519x215,+1-151-437-1818x9987,sbaxter@burnett.info,2022-02-22,https://weaver.info/
00FFCc74aCcB5BD,Dominique,Simpson,Blanchard-Villegas,Jennyshire,Oman,179-908-8758,(767)991-8977,julieburns@bray-mccarty.net,2020-08-29,https://www.choi-kerr.com/
E1F9eeD16CD0B5E,Yesenia,David,Blanchard LLC,Samanthashire,Svalbard & Jan Mayen Islands,+1-886-554-1358,(652)042-5294,briannaford@small.com,2021-03-27,http://www.hutchinson-mcdaniel.com/
A900ebAB9C1A591,Dominic,Cowan,"Zhang, Castaneda and Boyer",North Bethany,United Arab Emirates,846.853.5593x2790,+1-892-570-0528,psanders@baldwin.com,2021-10-15,https://mckee.org/
F8775a0B1d3504E,Carrie,Mcgrath,Garner-Dunlap,Lake Ana,Brazil,386-657-5617x38751,001-059-021-2523x607,marshearl@santiago-sosa.com,2020-04-13,https://www.reyes.com/
EfB0A49ADfc3246,Dawn,Holden,"Booker, Kennedy and Cooley",Lake Normahaven,Palestinian Territory,021-631-1820x6344,+1-619-236-8750,orozcotravis@underwood.com,2021-11-29,http://anthony.com/
6Ab34FdcE8E5e02,Brandy,Ferrell,Bishop and Sons,Janicemouth,Spain,8696057153,049.867.1095,cameron24@blanchard.info,2020-02-26,http://ford.com/
cb4F18Ba4B81649,Stanley,Rush,"Singleton, Callahan and Harmon",North Greggmouth,Bahamas,948-508-5700x38342,7518505348,skirby@patton.com,2020-01-11,https://ross-wilkins.net/
D64bf9154BbDFe9,Jamie,Valencia,"Kim, Potts and Baker",Port Billyshire,Latvia,(453)614-8336x012,617-011-7031x4014,claytonmeghan@sparks-nelson.info,2021-04-11,https://www.morgan-spence.com/
09BEad84b8Dd813,Dean,Richards,Spencer-Jacobs,South Priscilla,Vietnam,001-420-266-2853x122,470.721.5593x5853,lortiz@chan.biz,2021-08-29,https://hess.com/
2D1a36dac6a635F,Elizabeth,Hale,Costa PLC,Goldenmouth,Colombia,232-485-4706x8778,664-614-9154x0245,krystal87@evans.com,2021-11-09,https://banks.info/
Fea1e4F704D5fAA,Neil,Buck,Cole-Bishop,Delgadoville,Monaco,991-624-0103x901,875-117-2417x0224,fergusonterri@hebert.com,2021-06-29,http://garza.com/
b588B5edb16bCfC,Casey,Lopez,Ibarra Group,Donnamouth,Romania,156-426-2258x7241,3084054550,miacampos@weeks.com,2022-04-02,https://www.castillo-weaver.com/
f9e8aeAcd5c0fbC,Jermaine,Bruce,Hardy-Stevenson,East Emily,Kiribati,001-983-651-2469x51535,893-343-2826,shieldsderrick@thomas.org,2022-04-12,http://www.bennett.org/
f9D2b311e232F4A,David,Brennan,Deleon Group,Jamesville,Chile,(826)289-1551,(713)523-1334x68159,humphreyisaac@mora.org,2020-11-03,http://underwood.com/
6C439Ef4D73Fbe9,Mitchell,Campbell,"Spears, Preston and Obrien",Derricktown,Saint Vincent and the Grenadines,001-156-572-9038x754,001-847-307-2837x2490,xterry@cooper.com,2021-04-22,https://keller-ramsey.com/
3BEb4Fc4BacF8e5,Eric,Cruz,Pena Inc,West Bobby,Christmas Island,(720)264-8931,652489344,katiemcmillan@gould-barrera.biz,2020-01-19,https://morse-fowler.info/
f28Af6808f12FaD,Bryce,Fuentes,Jensen-Murphy,Wilkinsmouth,Heard Island and McDonald Islands,(289)762-0033x220,572.786.6851x409,alison21@atkins.com,2021-05-10,http://rodgers.info/
A1C532de63DccD5,Harold,Green,Roth Inc,Annbury,Korea,1665041093,+1-397-733-2662x053,hutchinsonmike@hall.com,2020-04-03,http://www.king.com/
6372fDD324B57Bf,Connor,Maldonado,Phillips Group,West Jillian,Comoros,+1-849-830-0298x62093,116.454.5110x609,stanley94@duffy-burke.com,2021-08-04,http://www.baker.org/
cb054FeD01fCCED,Jake,Pacheco,"Yang, Travis and Herrera",South Priscillaburgh,Malta,001-479-240-7788x8269,001-381-005-3508x184,jackwolf@rosario-levy.org,2020-08-21,https://orozco.com/
02898865ef261D8,Gary,Watson,"Cameron, Peck and Hale",North Grantbury,Greece,334-059-0518x2057,749.882.3352,mariecochran@maddox-mcdowell.com,2021-08-21,https://www.crosby-hicks.com/
83BE9B53aa446b7,Kelsey,Gonzales,"Bender, Avery and Holland",West Lisaland,Chile,001-918-453-6959x92027,(905)727-6560x058,jack44@herrera.com,2020-02-03,http://www.rocha.biz/
9bd61a1419db0DF,Nicole,Hobbs,"Hicks, Gamble and Barnes",Lorrainetown,Argentina,+1-712-572-4795x99535,001-277-897-9016x268,melanie77@middleton-burns.com,2020-04-04,https://singh-woodard.org/
c3928aAEf93beA7,Perry,Zuniga,Lawrence-Gay,West Valerieland,Belgium,829-415-0057x08290,(574)431-5896x462,brettruiz@rivera-moss.com,2020-06-15,http://novak.com/
Fbb4AA4EA3c51EB,Sierra,Lindsey,Mccann-Wang,Gwendolyntown,Antigua and Barbuda,(634)268-2108x132,001-061-518-9703x711,donaldsonvictor@velez-watson.com,2020-04-26,http://www.bolton.biz/
dEDa1a7Acf11A2f,Miranda,Villa,Cummings LLC,Lake Davidhaven,Uzbekistan,+1-185-920-3303x6156,387183534,twalsh@macdonald.net,2021-05-12,https://www.sawyer.com/
e6bFE30AEf105Ab,Destiny,Krueger,Chan-Zimmerman,West Damonburgh,Japan,282-953-7933,188.273.3282x877,mlevine@harper.com,2020-02-04,http://www.campbell.com/
14B104A02f5a744,Charlene,Higgins,Tyler-Romero,North Emily,Lebanon,001-483-689-8841,+1-832-154-8899x3220,dorothy89@wolfe.biz,2020-01-02,https://crawford.com/
10Ed67eBb0edBD2,Ryan,Figueroa,Lang-Whitehead,West Evanbury,Zambia,091-153-8961x028,444-839-5196x646,sampsontodd@rose-mooney.org,2022-04-15,https://www.roberson.com/
e1b5eCa0a12CBAE,Claire,Crosby,Morrow-Baird,Lake Karen,Tajikistan,001-098-251-6810x2990,(519)779-6999x99029,nmoyer@wiggins.com,2020-01-18,https://huff-donaldson.info/
ecf299F385ECf3d,Eddie,Horn,"Mills, Yates and Shaw",Maddenshire,Iran,(998)075-2158x360,001-082-399-4675x084,davieskaylee@gates.info,2020-07-21,http://rose-winters.com/
fA9E5e13CECd1B1,Gloria,Frank,"Cross, Kirby and Roach",South Ashleeshire,Macedonia,2204058228,001-459-843-5166,krystal05@carlson.info,2022-01-20,https://www.mccullough.biz/
4a8cd0beB6A4EdD,Charles,Gordon,"Cherry, Kemp and Burke",Leeland,Macedonia,241.982.4135x29314,001-327-136-5298,vicki15@cole.com,2021-03-29,http://www.steele-abbott.com/
bFb2a3Eac67Cfd8,Cassie,Odom,Blevins-Ellis,West Clifford,Gabon,001-866-458-9254,567-880-9357x5681,vparks@hart-gillespie.info,2021-02-06,https://www.landry-perez.com/
815cc9aF2f0DC56,Mason,Thornton,Mooney-Kerr,Gayland,British Virgin Islands,3462329981,+1-121-209-6336,pennycastillo@huff.biz,2022-02-06,http://trevino.biz/
5bfb8fC7A97f05a,Logan,Schmidt,"Graves, Juarez and Kaufman",Ballberg,Denmark,041.394.4855,502.792.0489,velezcasey@haynes.com,2022-01-18,https://www.yoder-figueroa.com/
BFb070aaf58CFBc,Hunter,Carter,Franco PLC,Cassieside,Gambia,001-698-559-4477x84067,204.724.2448x310,barbara43@lee.org,2021-07-05,http://cherry-harmon.net/
58DEaeF3df1dB4D,Eric,Shepard,Whitney Ltd,Mayshire,Austria,748-496-6988,+1-009-078-2471x8921,autumn39@flores.info,2020-05-11,https://medina-peters.info/
9Ed8D84735717F0,John,Doyle,Mendez Ltd,Calvinstad,Falkland Islands (Malvinas),766-692-7889,(449)552-3803x5658,kevincarrillo@barnes.com,2021-11-14,http://www.lowe.org/
B08D4cD0dA26BBB,Belinda,Velez,Manning Ltd,North Natalie,Egypt,798.151.2290x27920,(621)716-0721x7247,jeanette15@hendricks.com,2021-03-20,http://duffy.com/
853D8f80cFcD7bf,Tony,Shelton,Clements Ltd,New Bernard,Bouvet Island (Bouvetoya),001-120-276-7889x7417,(008)729-6888,grantmullins@bentley.com,2020-12-10,https://anderson-fischer.com/
ce9549Aa59E2F5A,Joy,House,Weiss-Stanton,Port Philipview,Malta,+1-602-156-3950x5462,+1-468-399-0727x840,ginabauer@armstrong.com,2021-05-04,http://pugh.org/
DEeB660E2e47C36,Charlotte,Trevino,Guerrero-Parrish,East Margaretville,American Samoa,+1-291-842-8280x99257,(040)725-6579,kraymond@ashley-mckee.com,2020-01-09,https://barton.com/
7fd07F597e9eE63,Alyssa,Fischer,"Cochran, Bauer and Edwards",Edwinfort,Singapore,001-167-395-2029x1080,776-404-3799x22338,natashawalton@bullock.biz,2020-09-20,http://www.bentley-stark.net/
0afAA5D950e833c,Caroline,Rivas,Randolph Ltd,Richmondborough,Malawi,7763494220,+1-653-804-6493,phillip19@robbins.biz,2022-01-09,http://christian.com/
C6c3A5160b8dbAD,Mason,Costa,Graham-Giles,Mcmillanchester,Serbia,209.746.4543x49805,(526)509-6882x2232,bmorton@joseph-fields.com,2022-02-17,http://krueger.biz/
D3B64e08A959dCA,Jonathan,Morales,Wade Group,Carrchester,Dominican Republic,+1-159-457-0461x9278,001-397-000-2903,gwarner@fuentes.com,2021-10-06,http://ford.com/
ACDa8Fc7ffeB1D5,Maxwell,Hunt,"Gentry, Pruitt and Acevedo",Phyllisberg,Kazakhstan,001-186-013-6930x071,(028)518-2863x1115,warren05@valencia.biz,2020-03-20,http://montes-cantrell.com/
A0cf16C18cB09ff,Angel,Stewart,Reeves-Davila,Janetchester,Angola,(089)100-2089x21844,+1-158-194-8314x240,stevenmcguire@weiss-meza.com,2020-06-03,http://fox.com/
33f30cb71A1Ad73,Aimee,Fischer,"Lang, Levine and Velazquez",Hornebury,Algeria,001-298-374-8404x005,+1-696-402-6775x0071,davewilkins@clements-craig.com,2020-06-22,http://www.solis.com/
3A29b3AD81d1607,Kenneth,Preston,Mckay and Sons,Stephenport,Antarctica (the territory South of 60 deg S),+1-675-438-9203x169,062-726-6020x9927,bettycampbell@short-lawrence.com,2022-02-11,http://www.ramsey.info/
B4e11acb4C6E79c,Vernon,Weaver,"James, Rice and Proctor",South Latasha,Hong Kong,001-882-369-1608x05683,056.805.6977,caindennis@silva.com,2020-04-02,https://www.dodson.com/
dceA76F17F25eb5,Brandy,Steele,Small Inc,Kariville,Uruguay,798-519-3024,286.136.1451x2597,hughesdave@mccarty.com,2021-11-21,http://gonzalez-barnett.com/
7bB13624aC0CF77,Judith,Carey,"Jimenez, Rasmussen and Joseph",North Nicholechester,Grenada,(394)309-4146x47386,269.325.5147,debbiehorne@terry.com,2021-07-06,http://www.schwartz-pennington.com/
1BA8b0A977e1cf5,Michael,Campos,Aguilar-Mays,Jaredton,British Virgin Islands,868.557.8887,(875)177-0408x563,alicia58@pineda-small.com,2020-10-27,https://jenkins.com/
5Dcf15C6f5de2aC,Kathy,Petty,Santiago LLC,West Kellistad,Estonia,382-284-1007,(016)386-1876x7857,debbiefaulkner@ferguson.net,2021-12-21,https://www.lewis.biz/
c0fBFEbf1dDF0f6,Reginald,Key,"Barr, Abbott and Hodge",Lake Jose,Angola,320.524.2117x1982,526-706-3820,mccormickselena@middleton.com,2020-05-11,https://becker-guzman.com/
733fDB2EaA5eBF9,Ethan,Farrell,Phillips-Mcintyre,North Darylburgh,Yemen,+1-593-756-9429x48707,9370343390,vstephens@gibbs.com,2021-07-25,http://www.nash.org/
b7Ec34eEED9D32f,Jay,Morton,Simon LLC,Birdbury,Holy See (Vatican City State),001-949-311-3753x541,(694)574-7080x291,ginaberger@riddle.info,2020-03-20,https://douglas.biz/
BFa21CFDb9C3EFB,Bernard,Pratt,"Evans, Fleming and Madden",New Connorburgh,Christmas Island,(469)464-9378,001-835-663-3583x83850,rfoster@benitez-howell.info,2021-09-28,http://www.holt.net/
9Aff797a95a37A7,Robert,Meyer,Ray PLC,Fuenteschester,Ghana,013-257-7817,922.075.8070x1351,rebecca09@garza.info,2020-08-13,http://mooney-murray.com/
ec33A8bC91BDeE4,Ronnie,Vazquez,Smith LLC,Collinfort,Colombia,397.647.5403x467,001-245-793-9435,dmcconnell@bowman.com,2021-02-05,https://sullivan.info/
D3EA0dfD2C10FC3,Maria,Quinn,Roth-Hammond,Paulland,Peru,6527295842,+1-104-705-3566x23311,laurenfarley@delgado.com,2020-01-26,https://www.flores.info/
26130F5E00Befc7,Tammy,Simon,Frye-Hammond,Mckenziehaven,Tanzania,(511)520-1326,001-358-246-0448x4028,stacey93@whitaker-roach.com,2021-06-16,http://www.ochoa-finley.com/
4BaCCC67EaE19dc,Blake,Sims,Moyer-Heath,East Seanfurt,Qatar,001-679-505-1031x8420,009.332.9908x61173,cannonvictor@holmes-wu.net,2022-01-15,http://www.everett.org/
42Fef565225BF3b,Rhonda,Cobb,"Drake, Contreras and Gomez",North Sandymouth,Latvia,001-572-926-9200,(533)705-4648x4559,tchang@sparks.com,2020-01-11,http://tapia-hart.com/
d3b41f2Cc5D5955,Jillian,Neal,"Maldonado, Bryant and Hays",Brianaton,Puerto Rico,614-420-7801x0610,062.771.8478,anita24@sims.org,2022-04-25,https://fitzgerald-cain.com/
9fb821FAC0BC4a9,Paige,James,Norton Inc,North Victor,Angola,139-540-9443,559-588-4466x91092,summer43@ball.com,2022-05-05,http://mccann.com/
FEB99e7C6F0be12,Vicki,Lamb,Alexander Inc,South Marioville,Marshall Islands,154-199-6694x944,001-489-203-4317,zhorne@casey.org,2022-01-19,http://hartman-david.biz/
C9049ef777eB985,Chloe,Morrow,Arellano and Sons,West Dianatown,Gambia,782.734.2964,6099315942,claireowen@schneider-norman.info,2021-04-21,http://scott.com/
EFD8ceDDDDBEDD0,Gary,Shea,"Kline, Nolan and Mills",Vickifort,Marshall Islands,(874)120-0145x3395,884-695-6687,brycestevenson@hanson.com,2020-10-08,http://www.scott.com/
BC4be0d2BF7BEAc,Jared,Blackburn,Stanley-Wise,Hesterview,Guyana,9938215630,790.888.5636x12788,bhanna@thompson.com,2020-04-06,http://mcintosh.org/
caCeDbbEc5156Fc,Alan,Powell,Bonilla Inc,East Victoriamouth,Mali,(238)245-6580x9608,678-557-6060x988,mmccarthy@liu.info,2021-03-25,https://www.lewis-may.com/
e60f2f0CDFce5CB,Joy,Prince,Potter Ltd,Sheenaberg,Qatar,(649)402-0169,799-284-7002,mejiamia@bridges.com,2020-09-06,http://chaney-hess.com/
8FBbaF601F4EDbE,Rachel,Yates,Short-Kim,Jeromefort,Bangladesh,(774)021-4092x105,(977)929-3235,vcurtis@rollins-dodson.com,2020-10-28,https://www.wilkins-brown.net/
A6acfb993EF51cd,Donna,Tyler,Burton-Knapp,Carterside,Norway,844.222.3339,(361)193-5259,qmercer@fitzgerald.org,2021-01-15,https://www.leach-schneider.biz/
67Cbb5ae4c73f8C,Jared,Hayden,Fowler Ltd,Lake Annettebury,Heard Island and McDonald Islands,403.514.5789x086,489-335-2277x8776,nrowe@ritter-zuniga.net,2022-04-24,http://www.king.info/
b4bD8AECad1aDdA,Terri,Shelton,Brooks LLC,Leachview,Equatorial Guinea,509-000-7131x4400,713.576.1833,cristinafrench@cobb.net,2021-09-04,https://www.horn.com/
af2AfE95DBA4e0A,Sherry,Daniels,Stephenson LLC,Lake Kayleeborough,Malawi,001-050-900-7891x1327,145-194-1006,huffmanelijah@fry.com,2021-10-31,http://oneill-crosby.com/
B7d8E8bdDcfBfaE,Mark,Zavala,"Patel, Oliver and Hernandez",South Calebberg,Chile,+1-076-497-4318x0872,(128)443-1096,pattersonandres@curtis.com,2020-11-24,http://welch.com/
CFe80D9710d755f,Harold,Andrews,Guerra Inc,Blairview,Japan,001-243-352-5681x4855,001-031-615-8617,kirkchristensen@andrews.info,2022-04-21,https://grant-dorsey.com/
4fa5Bb004EC00bF,Rachael,Sharp,Osborne LLC,East Mirandaview,Jordan,2290417859,(143)781-1376,zimmermanlauren@peterson.org,2020-09-08,http://www.coffey.biz/
83512F10e5DD9fb,Jessica,Phelps,Dillon-Moore,Mataborough,Tunisia,423.551.0548,270.596.7568x60737,parkmeredith@knapp-dillon.biz,2020-11-26,http://petersen.org/
5df40AfE84eCDE5,Darryl,Craig,Mcneil Group,Tylerview,Equatorial Guinea,(051)618-5198,(461)876-5979,ahull@jennings-golden.biz,2021-01-02,https://www.short-knox.com/
a7cfa569c8B6efa,Jose,Arias,"Pearson, Holloway and Carson",New Dillonfort,Holy See (Vatican City State),+1-650-748-1812x11414,8118876665,russokylie@clarke.com,2021-09-29,https://gutierrez-ruiz.com/
D1EC6F296dA3cCc,Melinda,Nicholson,Graves Group,Copelandmouth,French Polynesia,348.733.4290,+1-035-486-9530,meredith75@thomas.com,2020-04-18,https://www.yu.com/
1f270C64Ffc08ab,Johnny,Strickland,Collins PLC,Glennshire,Albania,+1-183-463-2732,+1-958-796-7553x8125,nortonclifford@newman-santos.biz,2020-08-05,http://www.fletcher.net/
1aBF7f8f5bE294c,George,Giles,Woodward and Sons,Gilesview,Jersey,(376)267-0467x343,001-703-256-0245,zmcintyre@conley.com,2021-01-01,http://moody.com/
D3adB8EcC411db8,Mathew,Choi,"Mason, Ibarra and Pace",East Gina,Somalia,524-019-0586x32049,279-862-5911x704,alejandro59@mcintosh.com,2021-07-20,http://www.kline-lozano.com/
85ea3F493C25AB6,Sheryl,Sandoval,Gallegos PLC,Nashstad,El Salvador,562509766,286-760-1322,franciscoblackburn@ware.org,2020-12-05,https://www.horn-stephenson.com/
e7070A3300c507F,Brad,Campos,Lozano-Sanchez,Aaronview,Turkey,051.149.1403,595-729-3774,rachelmosley@holden-ware.com,2020-09-21,http://www.macdonald-marks.com/
f2897BCC311CF98,Aaron,Mcgrath,"Villa, Maynard and Hernandez",Brookeshire,United States Virgin Islands,424-237-0336x51924,304.559.2307x875,hannah15@phillips-pineda.com,2020-12-15,http://baker.biz/
cDCf3DDf4ccf7cb,Brianna,Willis,Finley-Ibarra,Maryton,Qatar,052.865.4758,+1-408-631-0213x9932,skeller@leblanc-church.com,2021-08-26,https://colon.com/
4cAb8c0eC5811B5,Rick,Johnson,"Noble, Holloway and Silva",West Ana,Heard Island and McDonald Islands,+1-518-849-5010x343,463.574.1156,englishtroy@castro-farley.info,2020-10-30,http://www.evans-frank.com/
a8a585BB5EEa3cf,Ernest,Dunlap,Bowers Ltd,Wisetown,Tajikistan,235.414.3384x531,158-212-6889x046,tsavage@vasquez.com,2021-05-10,http://www.dickson.com/
dfFC3535040bB1b,Cassandra,Washington,"Simpson, Flowers and Li",Clarkeport,Germany,(897)789-3116,143-888-9884x2883,duffykristen@becker.com,2020-12-24,https://owens-underwood.com/
F08994bceD1c11E,Gabriel,Deleon,"Montoya, Chaney and Wilkinson",North Alvinburgh,Bulgaria,484.343.2896,(507)275-8021,joshuaramirez@mejia.com,2021-07-11,https://booth.biz/
F1D832Ef5E7aB0F,Ariana,Webster,Bowers Inc,Melissamouth,Jersey,861-319-3005x594,4328404209,blowery@doyle.com,2020-04-19,http://www.hatfield.com/
900810eC061e685,Theresa,Wilkins,Mendoza-Miranda,Oliviamouth,Andorra,(360)869-2013,001-220-004-1833x7124,lorraine16@blankenship.com,2020-07-12,https://www.pruitt.com/
Cd56CbD20AF7B9b,Tim,Doyle,"Simmons, Mcmahon and Pacheco",Curtisshire,Denmark,467.583.1879x2266,+1-210-411-7419,kelseymedina@ellison.net,2022-02-09,https://www.downs.com/
c6b9C45cA9cCf52,Brandy,Hull,"Erickson, Gay and Madden",South Susantown,India,4245889803,875.089.4360x00349,nfrancis@cruz.com,2020-10-30,https://boyd-huffman.com/
914d8639aBEcEC6,Harry,Burke,"Wilson, Key and Sloan",New Mathewstad,Congo,(835)631-6973,3575210739,wattsleah@barnes.biz,2021-01-26,https://www.boyd.net/
ddEa550d9Bf9eA9,Hayden,Yates,Stein-Trevino,Port Jessica,Turks and Caicos Islands,(154)724-5706x95011,(528)288-1906,goodwincole@grimes-lin.com,2021-09-18,http://www.ray-butler.com/
5Bfef99aA5ba004,Logan,Douglas,Oneill-Frey,Hannahmouth,Kenya,3428030633,654-515-9205x4181,wernertravis@dickson-wells.com,2021-12-12,http://morris.com/
026bDfe4Ccae53E,Billy,Oconnor,"Kelly, Weaver and Jensen",Josephside,Heard Island and McDonald Islands,(967)356-8037x685,186-503-9016x920,vmoreno@mahoney.com,2020-12-04,https://clark-oneal.com/
CF48dffcfc6d7cB,Kara,Hinton,"Hensley, Mccarthy and Chung",Boydstad,British Indian Ocean Territory (Chagos Archipelago),+1-418-708-5989x5899,653-320-9868x512,uwarner@wagner.com,2020-07-21,http://www.guerra-wagner.com/
Fbee1BDcd39BCa2,Wesley,Randolph,Singh-Thompson,Mariafurt,Ethiopia,(182)894-6557x586,875.622.4359,pattonvickie@tanner-hawkins.info,2020-05-27,http://saunders.biz/
f150abFaf6Ba34C,Christie,Davenport,Cummings PLC,Rollinsburgh,Heard Island and McDonald Islands,001-277-499-4246x60739,+1-125-811-3763,juarezmaria@cross.org,2021-10-17,http://www.flynn-ellis.com/
FC86a4DE604F44a,Jo,Steele,"Villarreal, Savage and Howe",Riversfort,Korea,001-453-663-2407x8692,(210)594-3594,krausenathan@holden-mason.net,2021-06-21,https://sanchez.com/
EAa24E17c1796a1,Austin,Choi,"Mays, Chandler and Mccullough",Port Latoya,Pakistan,+1-374-615-2025x0776,582-087-7990,isaacschroeder@arellano.com,2022-04-21,http://www.frederick-snow.net/
CAeaC9Ac43faf92,Alexandria,Hurley,Estrada-Bernard,West Candice,Vanuatu,425-087-3263x360,245.259.4696x445,mirandatimothy@larson.org,2021-06-06,https://www.franklin-cox.com/
dDBb75d9D8ccF67,Bonnie,Pierce,"Aguilar, Parsons and Pruitt",Lake Brady,Mauritius,+1-847-919-6373,516-249-2268x121,michele52@randall.com,2022-04-04,https://goodman-archer.com/
2Eb1E4e1b88E4cb,Shane,Hodges,"Burnett, Monroe and Gilbert",Oconnellmouth,Saint Martin,001-893-625-3611x859,845457556,jefferyhardin@buchanan.com,2020-01-31,http://www.odom.info/
2D4d0f51Fa6f0cc,Adam,Underwood,Shelton Group,New Janeport,Guadeloupe,(859)774-3762x505,001-270-874-0024,marvindean@davenport.com,2020-05-10,http://www.nunez-navarro.com/
746CEdbDB93b8bE,Kurt,Guzman,"Taylor, Davenport and Cohen",Mandychester,Guatemala,001-483-395-4046,(059)434-7784,rubiohelen@moran.org,2021-09-03,http://www.howell.com/
a1e1e7af11ccC00,Jackie,Adams,Burnett-Hensley,Gilbertmouth,Malaysia,(487)931-9188x67354,749-962-9728,hendersonclarence@murray-maddox.com,2020-01-25,http://www.randolph.com/
eE7C23425307971,Blake,Liu,"Benton, Combs and Butler",Port Alecbury,Taiwan,+1-013-093-1269x0126,752.321.1665,horndevon@fletcher.com,2020-04-10,http://www.horne-evans.info/
bfa3b8f1D2BD11D,Frederick,Bullock,"Costa, Rice and Stein",Tracieside,Tonga,363.977.1199x4895,001-446-842-9584x81384,hayleyweber@gilbert.com,2021-08-31,https://travis.com/
fD001b81A13b6Ed,Darryl,Stanton,"Branch, Moran and Hoover",North Lorettaborough,Namibia,585.189.5943,+1-972-499-2171x6795,ckrause@warner.com,2021-05-05,https://www.potter.com/
48BF454bfcF48b3,Angela,Strong,Villegas-Leblanc,Bartlettborough,El Salvador,6521562223,(738)355-2844x95047,dunnsharon@marks.info,2021-08-10,https://simmons-reeves.com/
Ff428AB5Daa5bA5,Theresa,Hester,"Mcgrath, Sherman and Macias",Gainesmouth,Somalia,+1-039-629-0629,220-413-4846x2869,smurphy@rivas.org,2020-09-28,http://glover-bush.net/
6C4519BbDaDFf0c,Ebony,Kane,Fitzpatrick Inc,South Anthonyburgh,Haiti,(777)868-8026x251,001-990-162-3614x971,nolanneil@adams-newton.com,2021-02-28,https://www.mccormick.com/
9cBEac757D6dcBB,Natalie,Dalton,"Cowan, David and Suarez",Cochranview,Burkina Faso,681.299.2250x436,+1-389-229-1187x096,gmurphy@brown.info,2022-05-06,http://www.villa-melendez.com/
F833c8eFfbE9bF3,Sheryl,Powell,"Beasley, Oneill and Dean",Maryside,Micronesia,584.119.6908x7573,275.901.9189x88245,villarrealshawn@norman.com,2022-04-21,http://www.fisher-sherman.com/
AB4a3db2FEa2b0c,Kristen,Decker,Raymond-Perry,Rosemouth,Kiribati,+1-486-152-9872x64911,068.601.4438,guzmanmonique@henderson-davila.net,2021-03-14,http://carroll-armstrong.com/
fAB3E7f258D68ba,Joan,Erickson,Lozano Ltd,South Karlaburgh,Gambia,372.246.8158,975-329-6696,debbie36@weaver.com,2021-11-30,https://www.pratt.com/
7Ce235c7FD5eD34,Devin,Sellers,Romero Ltd,West Candicemouth,Marshall Islands,470-545-0978,1554209530,gavinvalencia@best.com,2020-03-30,https://farrell-perkins.com/
DD97BFFdfcDbd91,Stanley,Spencer,Bird-Hanson,Sergiochester,Sierra Leone,001-610-011-9428x067,001-018-779-8367x6114,dodsonaimee@kirk.com,2021-10-29,https://rosario-warren.com/
1eba7b717deEe3A,Ryan,Oneal,"Bonilla, Moody and Roth",Lake Emily,Turks and Caicos Islands,822-704-3728x5868,+1-081-758-8645,zstein@valenzuela.com,2020-10-30,https://santos.info/
ffAFa8e95099910,Gregory,Mclean,"Mahoney, Buckley and Blanchard",Lake Cody,Gambia,518-744-1264x00276,385.242.6627x36292,sabrina74@steele.com,2020-12-29,https://www.short.com/
090ae58fc4Fa672,Travis,Buck,"Bruce, Williams and Shelton",Kaufmanburgh,Dominica,535-355-1892x193,037.649.8748,jtucker@ayers-swanson.com,2020-05-18,http://oconnor-sampson.biz/
99ebffa79cd7daE,Lori,King,"Spears, Osborn and Vasquez",South Dominic,United Kingdom,8637756596,+1-711-097-1563,fernandezdenise@hess.com,2021-08-22,http://www.moreno-townsend.net/
eaA8Da1cca546e6,Lawrence,Bradshaw,Fuentes-Roberson,New Terrence,Tonga,(134)617-5797x99623,(341)486-2304,ffinley@stokes.com,2020-12-17,https://www.mclaughlin.info/
Ccc077C84111D3b,Jimmy,Bowen,"Blevins, Suarez and Contreras",Olsontown,Turkey,605-883-6236x511,996.718.6243x61654,jefffox@morrison.com,2021-05-26,http://www.bautista-stevens.info/
e512e3DaEA344fC,Maurice,Dawson,Fowler Ltd,South Tammy,Morocco,408.260.0659x5380,745-605-0076,pamdickerson@mcclure.org,2021-02-01,https://hammond.com/
9CEE9BD6485bA52,Nicole,Manning,Sullivan-Stephenson,Zhangmouth,Bosnia and Herzegovina,+1-189-354-7466,682.962.9790x10047,geneshelton@morris-ali.com,2021-09-07,http://www.sanchez.com/
f4e35d34Fb5bBC1,Tracey,Peck,Christensen Ltd,Margaretton,Tanzania,+1-493-581-6670x47487,001-338-217-8436x924,jaclyn54@jefferson.com,2020-05-30,https://www.harrington.com/
94CcfCAD2E2A4f2,Ernest,Duke,Ramsey-Mcguire,South Joannshire,Niger,+1-955-126-5975x10431,4217587640,stacy98@hodges.info,2020-04-14,https://summers.com/
6A527c245a0d1BF,Damon,Orozco,Arroyo Inc,Lake Whitneyburgh,Guatemala,001-276-887-0582x70305,(253)279-0125x8910,oortega@rivas.biz,2021-12-24,https://miles.com/
32c5cbEe74786A1,Paula,Christensen,Costa and Sons,Kariview,Bhutan,(038)689-8179x53741,833.780.8962x986,morgandustin@morrow.org,2020-03-18,http://www.munoz.com/
AAfafCeF567c6BD,Roger,Walters,Klein Inc,Hollowaystad,Vanuatu,486-839-2532x401,325.138.8648,courtney74@eaton.net,2021-08-24,https://www.acevedo.biz/
77c333147Ac56ee,Jimmy,Stanton,"Gross, Ware and Acevedo",Bernardmouth,Cook Islands,(498)775-0476x882,(089)168-9053,jonathancohen@booker-collier.com,2020-09-28,https://www.durham.com/
E5ca7eDa3eF6088,Erin,Atkins,Cole-Lambert,New Alyssastad,Heard Island and McDonald Islands,(250)670-3595,001-746-093-0609x919,jeanpoole@cabrera.com,2020-03-11,https://hendricks-farley.com/
e5f16d8A2AA0B5b,Louis,Powell,"Hunter, Potter and Rodriguez",Ferrellshire,Bolivia,+1-930-118-6965x06080,419.703.3124x64785,kylienichols@gibbs-duran.net,2020-08-06,http://www.pollard.com/
cFd7092AfDAb56D,Dakota,Bowman,Dougherty Ltd,Lake Kathryn,Canada,(045)978-7376x06315,(372)988-1114x15353,wongelizabeth@bentley.org,2021-01-31,https://www.mcconnell.com/
7e7011B1Bf93ADd,Lindsay,Orr,"Bullock, Whitehead and Brown",East Alexandramouth,Reunion,237-885-3808,(639)197-4418x6398,brenda20@higgins.com,2021-04-05,https://www.spears.com/
e1Ee301D7d6ac1e,Shane,Holloway,Davila-Trujillo,West Reginald,Korea,116-124-8781x69177,(784)179-4826,fritzgabrielle@hebert.biz,2021-04-01,https://www.barajas.org/
4dcAdb4847CD290,Randy,Frye,Chaney-Barton,Pughview,Brazil,+1-643-630-6590x4746,(481)425-5643x34356,cobbtracey@valenzuela.com,2020-04-26,http://www.york.net/
5EcBbFB37Ddd976,Jocelyn,Rodriguez,Ashley-Douglas,South Matthewmouth,Northern Mariana Islands,(782)143-5529x12920,635-695-7838x650,eshort@juarez.com,2020-08-20,http://www.parker-patterson.com/
8E2e6CbB7518BFB,Corey,Parsons,"Joseph, Fisher and Sandoval",Beckyside,Jordan,3862738930,348-186-1116,micheal20@spence-oneal.net,2020-08-26,http://www.murillo.com/
e5bB2bBdB0383B9,Russell,Haney,Ruiz-Donaldson,West Erikaburgh,Palau,121.011.8056x27792,+1-099-870-3380,kenneth71@cline.com,2022-01-31,http://www.hull-wolf.com/
866e9747fe66d01,Sandy,Glenn,Peck PLC,Robbinsside,Georgia,699.349.5212x3928,001-537-946-0673x7176,sturner@brennan.com,2021-04-04,https://garza.net/
DA40F8e70BE5DdA,Raven,Ortiz,Trujillo-Spears,Samuelshire,Gibraltar,+1-075-427-3050,214-641-0933x37181,woodardmarcia@mack.com,2020-12-26,http://www.salinas.net/
b38DA3B9d2419a3,Leah,Mckenzie,Lawrence LLC,North Meagan,Peru,001-035-337-7443x92890,061-768-0736x306,brianarandolph@webb.net,2021-09-25,http://roy-holden.org/
D8E3FFA4aD12caC,Alex,Griffith,Wyatt-Ross,Kiddborough,Malawi,1202680084,660-209-7391,richlindsay@hoover.biz,2020-01-31,http://www.leon.net/
52ddcf70Ff85ae6,Clinton,Burton,"Guzman, Ferrell and Francis",Randallhaven,Costa Rica,+1-028-838-5755x0268,+1-994-103-5119x688,simskatherine@stephens.com,2020-11-22,https://alvarado.com/
1188C7553bDB6cd,Micheal,Knight,Barrett and Sons,East Rose,Croatia,294.648.9937x128,(274)483-1425,katherine15@elliott-warren.info,2021-07-22,http://hayes-crosby.com/
70B63F82D9BF1de,Gregg,Garner,Rivera LLC,Clarkeside,United States Virgin Islands,001-347-352-5253x2552,+1-669-422-8787x21036,acevedomark@lin-levy.biz,2021-10-02,http://www.schultz-alvarado.com/
e9F2D82313f41a7,Matthew,Merritt,"Nguyen, Vance and Cooper",Prattstad,Estonia,001-397-206-6737x65423,303.941.3398,kristiemoses@curry.org,2020-02-20,https://www.rivers.com/
0905bE9447B27ac,Malik,Terrell,Hammond-Burke,Markside,Dominica,5790815793,+1-163-026-5766x5603,claire76@peterson-french.com,2020-04-19,https://hernandez-jacobs.com/
9f898F07BC6E3F7,Theresa,Garcia,"Rush, Kirby and Grimes",Wangbury,Kyrgyz Republic,(443)043-3295,442.274.6846x52589,xwang@mullins.com,2021-12-18,http://crosby.org/
07E6cB9a3d9FCFA,Steve,Brewer,Proctor-Phillips,East Paige,Greece,+1-482-021-2955x296,685178377,claytonrobles@zavala-atkins.org,2020-10-27,http://www.cervantes.com/
c304b6ac171831D,Christian,Hubbard,Warren-Mccarthy,North Daisy,Solomon Islands,907-753-7582x5318,001-741-128-0785,colleen20@coffey.com,2021-12-15,http://www.mckee.org/
4B49Cd2845fE42f,Melinda,Mcmillan,Lyons PLC,North Darryl,Finland,8648522653,566-270-7295x18220,dcohen@mills-riley.net,2020-07-04,https://roth-wilcox.biz/
762AaDC9A3c17Bc,Jon,Mccoy,"Erickson, Reid and Wolfe",West Brooke,Estonia,001-552-332-8213,+1-621-110-2708x85553,bookertyler@gross.com,2021-07-23,http://www.brown-zhang.net/
4277ca3aa0c7aE2,Aaron,Hamilton,Decker Inc,Cesarbury,Nicaragua,923-194-6702x8699,(801)805-2422x474,zpark@carter-compton.com,2021-10-08,https://www.neal.org/
7bbb0fD595c6B7D,Christina,Miller,Trevino-Novak,Port Tracieshire,Slovenia,001-224-361-6675,155-904-1270x05264,vhoffman@doyle-bowen.net,2020-05-18,http://www.melton.com/
F7CC6aDE9C1ab59,Darrell,Graves,Reilly-Finley,Andresbury,Latvia,357494548,001-537-825-3575,pollardbeth@mclaughlin-harrison.com,2020-07-12,http://snow-liu.com/
F79cB9EFE83440e,Bethany,Ritter,"Wilkinson, Stewart and Holland",South Alisha,United Kingdom,840.627.1283,218-468-0944x010,ckelley@frost-alvarez.com,2022-04-21,http://www.watson.info/
77C5CdE91De7cf1,Zachary,Hunter,"Carson, Marks and Montgomery",Port Joy,Madagascar,001-635-311-4172x673,(424)437-6773x131,maddoxdanielle@cantu.com,2020-05-17,https://www.waller.org/
594Baf152FE9D31,Michelle,Gay,Schaefer-Archer,Amberburgh,French Polynesia,(437)851-1584x5546,001-362-441-0969x891,jball@marsh.com,2022-01-26,https://pugh.com/
dfdb4D3CafBfcde,Nichole,Sosa,"Choi, Flores and Morgan",West Harold,Samoa,9780713652,001-291-967-7030x1344,gvilla@clarke.com,2021-02-11,https://norton-cook.com/
A0E1bd1BF3BA094,Ross,Graves,Dickerson-Haley,Calderonbury,Senegal,847.489.7091,062.379.3513x7670,eroberts@cooley.com,2021-11-03,http://cummings-snow.com/
85C7f5D9bbB72fA,Mercedes,Martinez,"Cunningham, Kirby and Abbott",Avilafort,Namibia,042-988-9798x6756,114.658.0066x707,tvang@wells-davila.com,2021-11-11,http://grant.biz/
EdFb1eeE9ffc47e,Autumn,Meadows,Love-Arroyo,Mauriceland,Antarctica (the territory South of 60 deg S),(103)922-9711x3016,198-615-3684x5268,bhooper@white.com,2020-12-16,https://www.clarke.org/
DdCd40b5aEc3DD0,Tara,Bowers,Moss Inc,South Glendaborough,Jamaica,(987)193-1940,001-249-967-5911x072,haroldmoody@olson-massey.com,2020-04-01,http://www.cline.biz/
08CEEAC431eBE1C,Dana,Murillo,Rangel-Macias,Mcleanburgh,Netherlands,692.401.0647,404-951-1881x9114,riveraclifford@watts.biz,2020-10-13,https://lozano.net/
b22dDabD39d209E,Deborah,Huang,"Chambers, Kirk and Whitaker",Lake Lorettahaven,Sudan,003-840-6878x4867,727.670.9473x5294,ernest59@waters.com,2022-01-07,https://sawyer.com/
Fa9957b6BD6D87f,Lawrence,Quinn,"Johnson, Dillon and Marsh",Gilberttown,Cayman Islands,(523)361-1325,(647)211-1913,xrandolph@wu-rivera.com,2020-08-19,https://nguyen-ingram.net/
8BD947727bAe5dA,Judith,Love,Barr-Sexton,Lake Ernest,Saint Helena,(119)749-6980x0344,+1-073-682-0734x0254,cesarburns@mays-mcdonald.com,2021-10-08,https://strong.com/
aE954839a03D5b5,Tasha,Matthews,"Parks, Pineda and Mendoza",South Walter,Venezuela,(387)086-9534x26661,001-781-566-8485x325,noahdominguez@reyes-snow.com,2020-03-28,http://lowe.net/
10dc0C00C72FdcB,Jay,Stewart,"Hooper, James and Davis",Yangstad,Argentina,322.116.6159x30686,393-835-8490x3094,elijah12@pugh-david.com,2020-12-06,http://www.warner-gilmore.com/
F783f58F65e466e,Austin,Jackson,"Gonzales, Padilla and Hudson",West Ricardo,Bouvet Island (Bouvetoya),+1-067-698-6722,264.566.3490,lydia43@ritter.com,2020-08-26,http://russo.info/
D9e3c6dCE0D1d4c,Jeanne,Farrell,"Martin, Mcclure and Conley",East Ellen,Korea,622-847-6153x2911,345-137-0848x42951,kristine34@rivas-suarez.net,2020-07-15,https://boyer.com/
ECEaefb583D3FB5,Brenda,Sanchez,Brown Ltd,Lake Vernon,Vietnam,(583)122-6263,572-883-9246x5253,joycemayo@marquez-anthony.com,2020-01-19,http://www.holloway-bailey.com/
a530a9E88d1E4E4,Carly,Carney,Fields-Love,West Carmenchester,Turks and Caicos Islands,683-172-1812,804-708-2675x100,epham@hatfield.biz,2021-01-01,http://www.allen-hutchinson.biz/
5FbAa0Be5DBfcC8,Jaime,Yu,Weiss Group,East Denisefurt,Singapore,48330008,4685878041,kendra22@pearson.info,2020-04-11,http://www.mcdonald.biz/
fe29fceCf9ba48C,Danny,Conley,Daugherty Ltd,Blackburnfurt,Ukraine,3802922765,+1-778-578-1087x510,glenda77@hughes.net,2022-03-26,https://bentley.com/
c0FFadBbdDdbe6D,Earl,Merritt,Harris-Mann,Madisonmouth,Indonesia,(153)393-8586,321.809.1115x0525,robbinscharles@ashley.com,2021-03-16,http://garcia.info/
cbE7c28a29871CD,Norman,West,"Mack, Hendrix and Baker",East Ricky,Jersey,001-834-730-8339,788-005-3358,ddaugherty@travis.com,2020-06-24,http://www.woodard.com/
c5fF9EBcBe49baF,Joe,Joseph,"Boyer, Bullock and Phelps",Gracehaven,Lithuania,237.360.2497,445-458-6323,joel53@reed.com,2020-04-02,https://rubio.com/
d6C42Dd4f4b8e2e,Whitney,Levy,"Raymond, Middleton and Mcpherson",West Harry,Brazil,318.146.5066,2941675455,cduke@barber-zimmerman.net,2021-12-29,https://www.todd-boyer.com/
b6d95bF912a0C96,Hailey,Gonzalez,Clark-Crawford,Loristad,Turkmenistan,326-975-2227x991,548-460-0326x3720,salinasscott@sutton.biz,2020-12-30,http://www.mercer.com/
B4eFdBA1FdCba01,Bailey,Taylor,Cannon LLC,Bassmouth,Pakistan,(372)542-3749x02429,(614)501-3894x922,chasemeredith@grimes.biz,2020-08-23,https://mann-martinez.com/
6eC5b78B3d7ecf8,Audrey,Santiago,Hart Group,Port Jeremy,Sudan,(371)895-5114,(015)361-9264,kroberson@tapia.com,2020-05-29,https://www.hampton.com/
5DdFD314FDFe3B1,Natalie,Lynn,Mercado-Sosa,Mathisview,Cote d'Ivoire,+1-547-998-7744x17972,(329)145-4006,yangvictor@munoz.com,2020-03-15,http://bell.com/
0dddFFaFdF72d7c,Oscar,Martinez,"Ibarra, Carter and Pollard",East Drew,Christmas Island,719-569-0728x86434,(969)777-5691x470,chloehood@horne.com,2021-11-26,http://www.hogan.com/
4322d1a5ea7E8BE,Cassie,Wu,Travis-Black,Aliceberg,Greenland,246.767.1549x2705,779-541-0685,tiffanypearson@benson.com,2020-11-06,http://www.guerrero.com/
5934AD8B3Fd9C3A,Stuart,Valenzuela,"Faulkner, Wallace and Hogan",Adamland,Finland,001-268-877-4774,841.501.7399x2679,sabrinafrye@gates.com,2021-05-27,http://keller.com/
ecd3e390Ebcd5FA,Kim,Middleton,"Parker, Hart and Schmidt",Donaldsonton,Vietnam,858.902.0388,7352117382,bernard26@heath.com,2022-03-02,http://knight.net/
bD09E12d587Bf63,Betty,Greer,Heath Group,Gambleside,Iceland,(299)266-6164,001-189-107-1572x339,julie40@colon.com,2021-01-28,https://goodwin-castro.com/
A33AcFF8Cf1e9a3,Jeffrey,Barnett,"Ashley, Proctor and Howard",Solisberg,Tajikistan,001-575-187-8720x0807,001-261-313-6689x9102,ghuynh@wood.org,2020-08-14,http://costa-orozco.org/
F23FB38aFc8ccdE,Alejandra,Rush,"Dyer, Brennan and Fox",Matthewtown,Central African Republic,001-707-059-5715x742,750-201-9438,billarroyo@nielsen.com,2020-08-17,http://www.mckinney-mcclain.biz/
C7Ca2d05bDEB88E,Christy,Gamble,Jacobs-Thompson,Waltonshire,Saudi Arabia,738-844-7065,+1-545-197-6688x25362,dustin14@blankenship.biz,2020-04-03,https://duran.net/
e70F3540D08CCdE,Elizabeth,Rosales,"Good, Hudson and Schaefer",Cabrerahaven,Kiribati,001-166-414-7406x940,+1-250-049-9762,bradley08@houston.info,2020-12-10,https://small-velasquez.com/
1dB9eb60f760c1B,Shari,English,"Bass, Mann and Cain",Suarezland,Papua New Guinea,001-406-842-2551x4925,(245)382-8146,jean11@farley-krueger.com,2021-06-20,http://www.carroll.info/
ad14BEAF84Edec4,Brady,Macdonald,"Rivas, Arias and Baldwin",Madelineland,Greenland,001-875-029-3130,(174)138-1903x11712,ambernewton@guerra.info,2022-04-07,http://newton.net/
160f25dBD433cb5,Raymond,Ferrell,Brandt and Sons,Port Yolandahaven,Maldives,406.633.4946x02959,(505)277-2815,judithmontoya@dunn.net,2021-12-22,https://www.bernard.info/
DDaEB0Ade6E0EDf,Tommy,Adkins,Olson-Thornton,Loriville,Iceland,1435993231,362-378-9427,lindsay57@kramer-chaney.info,2021-08-13,http://www.roach-calderon.net/
eef7fFC6C97FF25,Tami,Pacheco,"Tyler, Clarke and Spencer",West Norman,Seychelles,(316)564-1835x084,215-834-5227x396,jasminchen@chaney.biz,2022-02-26,http://fry.com/
ACAd78e38e2EA6c,Chelsea,Rowe,"Skinner, Diaz and Gay",East Stevebury,Turkey,5593990890,+1-218-193-5865x367,mikaylalyons@curtis.info,2022-02-24,http://rocha-lozano.com/
fbb8E90054AEFD4,Cristina,Cox,"Kemp, Morgan and Harrell",Paulhaven,Guatemala,001-599-628-5603x5791,001-176-453-7030x67208,batessavannah@roberts.com,2022-04-30,http://www.beltran-caldwell.com/
B2A4fEc9fa4FC39,Bill,Andrade,Morrison-Parks,Port Theresahaven,Holy See (Vatican City State),049-239-6225x9348,001-527-193-6094,tbaird@peters-valdez.com,2020-03-13,http://mason.com/
DB45D49E814D477,Toni,Dickerson,"Ewing, Jones and Odom",Angelahaven,Nepal,001-056-065-5963,2234923575,nolanmisty@massey.com,2022-04-30,https://www.ward.com/
BfefD374B023dDF,Jeffrey,Wright,Gordon Ltd,Harrellville,Central African Republic,179257815,001-654-373-9737x507,terri95@logan.com,2022-03-30,https://houston.com/
cB6bAeb78dfac1f,Damon,Rosario,Valencia-Moran,Coreychester,Myanmar,5287278408,001-977-243-3119x0987,jeffrey24@mccoy.com,2020-06-25,http://www.rosales.com/
B2D46BCcffcF9B6,Hayden,Palmer,Malone-Dean,Meltonview,Uzbekistan,149.115.9644x7408,001-756-873-1955,kirk33@stephens.com,2020-03-11,http://holmes-salazar.org/
3bB4b2F634769EB,Shari,Webb,Levine LLC,North Kerry,Congo,001-995-730-0093x996,964.216.3445,stacie84@stewart-lee.org,2020-08-14,https://www.duran.com/
BD54bAb8092a043,Beth,Schmidt,Reynolds-Chase,Austinberg,Vanuatu,924-010-9732x93574,775.476.3705,frances15@frank.biz,2022-05-27,https://gilmore.com/
D44B2DB88AC6446,Lacey,Gill,"Cannon, Allison and Carlson",West Cheyenne,Guinea,986.052.3861,+1-713-279-0007,ashlee32@fitzgerald.net,2022-04-01,https://www.drake.org/
bcDB1d4303a311d,Jody,Cruz,Mccall-Archer,Port Ethanton,Spain,525-363-7987x4146,372-711-8059x0022,kim62@mercer.com,2022-04-16,http://hogan.biz/
4f6D7bFFE3147a5,Roy,Cummings,"Copeland, Ellison and Rodgers",Gilbertside,Antarctica (the territory South of 60 deg S),840-204-7560x3176,001-265-750-0029x88575,virginia98@cervantes.com,2021-05-16,https://price-cooley.com/
a7A58daFFa207BD,Kathryn,Clay,Garrison-Bond,Kurtburgh,Tajikistan,075.981.0402x6410,+1-698-265-4956x1457,rileyyvette@kane-ruiz.org,2021-11-16,http://www.mills-harper.com/
b3abd933bBBCb6B,Maxwell,Keller,"Mclean, Bentley and David",New Spencer,Taiwan,001-868-593-8454,+1-915-043-4835x027,merrittlee@park.org,2022-05-20,https://www.santana.info/
CE6effBbEeaeDF8,Betty,Haney,"Peck, Macias and Chase",East Haileyside,Pakistan,(661)267-9544x56648,(229)533-6301,garneraustin@everett.com,2020-10-06,http://summers.com/
fa48c8Fb8fc0eAd,Kyle,Nielsen,Mclean PLC,New Maurice,Algeria,156-036-2034x750,+1-620-909-9042x49872,markscheyenne@camacho.com,2020-07-27,https://dillon.com/
E17Cd0873fDFcDC,Deborah,Lucero,"Mercado, Graham and May",New Sheritown,Sweden,(859)171-9356x8358,(462)851-3442x0739,ushort@montoya.com,2022-05-08,http://rivers.biz/
C21Bee1d4ff1baf,Kirk,Marshall,Sims-Buckley,Blackwelltown,Zambia,(174)780-4846,280.214.6493,morgan62@krause.com,2020-01-21,http://estrada.net/
1eb1743a5B5FEcF,Perry,Tanner,"Pearson, Baldwin and Medina",South Timport,Hungary,001-829-951-9186x25150,001-509-981-7000x97666,jackson94@cain-hayes.com,2020-04-01,http://www.gaines-neal.com/
53eE38FD8B6BabC,Sydney,Atkinson,"Hamilton, Frederick and Browning",New Emma,Netherlands Antilles,304-900-4716x25933,(976)590-6582,crossgreg@gamble.biz,2021-02-21,https://kline.com/
2CBb2fdEb10dAaf,Cassidy,Moore,"Floyd, Ramirez and Stephens",Mosleyberg,Gabon,004.005.5941,237.555.2632,joyce72@walters.com,2020-04-28,http://www.mcclure-herring.com/
f8bbb7D9Fa1dA73,Angelica,Adams,Watson Ltd,West Darylburgh,Ecuador,001-926-923-2649,157-018-7616x288,kimberly94@valdez.com,2020-10-12,https://gordon.com/
D3f993A73caf355,Sara,Daniel,Bean-Rollins,Fullershire,Senegal,164.050.1380,129-313-9319x782,fernando81@skinner-li.org,2021-10-15,https://mccormick.net/
180C3ff1Bfa0ee5,Yolanda,Macias,"Mcfarland, Malone and Huber",West Bradberg,Isle of Man,368.597.3651,550-766-1883,bobbywebster@lyons.org,2020-11-14,https://mathis.net/
4049da80BA00C74,Sheena,Martinez,Burch-Blackburn,Mayerside,India,650.011.5715x248,041.343.7921,eduardo96@best-sheppard.net,2021-04-04,https://hahn.com/
e7DCe3e9f3DaC9F,Charlotte,Houston,"Roman, York and Flynn",Port Michaela,Tajikistan,234-131-4845,001-313-420-4387x5120,owensmichelle@collins.com,2022-04-20,https://stewart-patton.com/
416b1eaE3Df2e30,Karla,Carlson,Baldwin LLC,Lake Brianmouth,Marshall Islands,825.987.4986x3931,+1-760-218-4020x73204,steve77@sanford.com,2020-02-14,https://www.odom.biz/
2eDB4b0d4dBD54a,Christie,Stark,Singh-Nash,South Toddtown,Israel,954.230.3622x262,(893)049-5122x832,ekerr@burch.net,2020-10-28,https://www.mckay.com/
bdF86AA3F22bD7a,Jon,Stevenson,"Joseph, Bullock and Turner",Reedberg,Antigua and Barbuda,+1-114-352-4670,(190)828-9524,reynoldsjeffery@branch.info,2022-04-26,https://jensen-morrison.org/
ba7aCbA2f4CfEf4,Alexa,Burton,Morse-Mclean,Port Ralphfurt,Cook Islands,537-812-9009,658-668-5354x1770,nmeadows@schroeder.com,2020-11-28,http://pena.org/
24C00CDEB96dc3E,Cassandra,Odom,"Butler, Kim and Morrow",South Blakefurt,Albania,(716)565-6625,(289)641-6875x05319,lorraine83@molina.net,2021-08-21,http://www.mosley.com/
FFe5a8a4a97Fd51,Kathleen,Livingston,Roberson-Friedman,Ashleychester,Bermuda,628.339.0339,(049)134-9682x356,amberbowman@alexander.com,2022-04-19,http://mccarty.com/
D57F7DeB5Db58fa,Natalie,Cline,"Beltran, Leonard and Gonzales",East Pattyborough,Croatia,001-711-293-9218x957,297.391.0240x40487,johnnypugh@wang.net,2021-02-20,https://www.mcdowell.com/
d575c37CAD9B3D1,Harold,Carlson,Meza Group,Lake Tashaborough,Zimbabwe,+1-818-748-6059x7404,752.731.8428x0924,sandovalmary@woodward.com,2020-12-19,https://lowe-matthews.com/
C8026EDd92fA99A,Jorge,Barron,Savage Group,Birdfurt,Korea,001-694-969-1879x0735,(819)756-4279,eholland@braun.com,2021-07-08,https://mccoy-ayers.com/
2A4c728A32D90F7,Rickey,Mcdonald,Boyd-Potts,Terriburgh,Martinique,(673)957-7977x758,(630)029-0936x80486,theodoremarsh@bond.com,2021-11-08,http://www.gordon-roberts.com/
41CEA79839eC9bd,Brent,Vaughn,Parrish-West,Port Catherineborough,Vanuatu,7867684141,592-275-9609x185,russell98@cook.com,2021-07-16,http://www.wolfe.com/
cBf502b528ed889,Cameron,Leonard,"Morgan, Santiago and Gaines",Schneiderhaven,Taiwan,613-329-9419,001-825-385-2046,victoriamccullough@joyce-villegas.com,2020-10-21,http://www.rollins.net/
FB6cDC906D0F1a4,Tami,Walker,Patrick-Hess,Foxtown,Bahamas,+1-026-918-6967x0343,034.966.8028x023,derrickaustin@mcintyre.com,2020-09-29,https://www.mayer.com/
6f3C5BF3AC545e8,Nichole,Gordon,Evans-Gaines,Lake Caroline,Ecuador,7910388252,(634)903-8529x5615,vaughanmarissa@sutton-carter.com,2020-02-16,http://parsons-david.net/
AFb3dA721E03F48,Karina,Charles,Lamb-Parks,North Gwendolyn,Ecuador,711-331-4378,(680)264-3276,ehaley@hampton.com,2021-02-20,https://phillips-summers.biz/
4FAECeB4ff5EC4c,Beverly,Howell,Gentry Inc,West Terrance,Egypt,081.368.6932x02989,7909268060,hornlucas@waters.org,2021-06-14,http://reeves-santana.com/
D8FFFCe05E0B8eA,Pam,Sawyer,Fletcher Ltd,West Chloe,Gabon,425-354-3409x974,+1-082-567-4353,john34@black.com,2020-11-25,http://www.horne-quinn.com/
FB349D991f4EA98,Sherri,Hoover,Romero Ltd,Travisbury,Antarctica (the territory South of 60 deg S),538-810-1897x66839,+1-233-363-0473,kristenbradley@hopkins-knight.biz,2020-10-13,https://www.benjamin.info/
bb9D28dEaE43973,Megan,Shelton,"Mora, Waters and Price",Ebonyfurt,Kyrgyz Republic,1999807046,(133)280-5056,tomgross@trevino.com,2022-05-09,http://www.meyers-best.com/
F8A976ED5fDe7d3,Melanie,Evans,Chase Inc,Coryville,Iran,600.067.8262x16623,+1-054-461-5752,gramsey@norton.com,2022-05-21,https://barry.com/
82e520dcEe677ea,Virginia,Pruitt,Floyd-Oneal,Madisonside,Congo,001-130-671-1393x420,+1-687-324-1565x1896,danharding@baldwin.org,2020-05-31,http://fuentes-beard.org/
Efb3857A0cf46B3,Rebecca,West,"Baxter, Newton and Francis",Rachaelside,Bahrain,083-100-1187,001-841-885-2627x0898,vspence@rojas.net,2022-05-21,https://www.sherman-curry.com/
DbB5181C9B26B4e,Mckenzie,Harrison,"Carpenter, Novak and Lester",East Edwin,Antigua and Barbuda,722-772-1231x8162,+1-693-958-7938x783,gbryan@krueger.com,2020-09-05,https://gallegos.info/
2AdaCF424D7Ab1a,Elijah,Blair,"Roach, Webster and Medina",Alvinbury,French Polynesia,(951)041-6976x05879,(395)398-2747,kennedymarc@sims.com,2020-07-10,http://www.daugherty-hooper.biz/
ca3daB6512e6b33,Dakota,Santana,Bray-Ellis,Alexaton,United States of America,001-700-682-2705x17586,(174)734-0737x2905,herringbelinda@bauer.com,2020-10-23,http://ramos-yu.com/
3DADC105cd64EeC,Travis,George,Blake Group,South Tamarafort,Burundi,382.468.3742,(559)978-8354,dalton08@dunn.com,2022-04-15,http://www.bush.com/
DDA1D938B28CEA3,Curtis,Lucero,Chavez and Sons,West Jackie,Indonesia,2152256724,822.815.2456x02530,wmaynard@vasquez.org,2021-06-01,https://orr.com/
2F93cB2Fe98c5CC,Jackie,Larsen,"Zhang, Wiley and Reeves",Brettfurt,Sweden,715-018-8464,493.903.8174x313,leroy10@riggs.biz,2020-07-28,https://www.wang.com/
c579ECe62f518EB,Willie,Suarez,"Koch, Orozco and Rivera",West Jorge,Grenada,(573)520-7857,007-752-4010,anitaclayton@carey.biz,2021-06-25,https://house-vincent.biz/
C153f9Ee155c248,Dominic,Ray,"Malone, Archer and Hart",West Stanleyton,Sri Lanka,+1-614-370-4863x0042,001-190-226-9005x40823,gmoon@marks.com,2020-05-13,http://www.kirk.net/
CE8a09eCd1E0Cc1,Troy,Mckay,"Le, Shah and Gilbert",East Desireetown,Korea,+1-661-469-6307x43965,001-343-009-5290x95666,solisnancy@rivas.com,2022-02-13,https://www.klein.com/
71ffa2FAF92D3dA,Kathy,Warren,"Beck, Taylor and Newton",Lake Michelle,Qatar,(852)563-7634x78854,940.819.6357,angelica38@compton.com,2021-09-14,http://mosley.com/
719CAD2fc78D6ee,Breanna,Hubbard,"Haley, Bauer and Mullen",North Bradville,Palau,3812036106,(233)213-0706x2389,dbeard@gordon-lewis.com,2021-06-19,http://www.montoya-serrano.biz/
5bBd44de5aE793e,Chad,Fleming,"Bradshaw, Guerrero and Roth",South Kayleeton,United States Virgin Islands,001-120-147-0122x93953,341-819-3443x6389,colin13@richardson.biz,2020-12-25,http://keith-rush.org/
191C1f9FFD29C2b,Lance,Moses,Norris-Bender,North Julie,Bolivia,(666)725-1078x87138,4629706749,kdudley@edwards.com,2020-03-10,http://sullivan.com/
D7Fe1a83BbA1093,Kevin,Whitehead,Lloyd Group,Zacharyside,Namibia,(870)649-2757x013,287.714.2094,andrewriley@perkins-pace.com,2021-09-22,https://www.hart-alexander.org/
0aaf8c613B18f0F,Joan,Hardy,"Schmidt, Colon and Craig",Elaineville,Aruba,001-502-385-2305x9698,+1-876-767-6625x49244,qfoley@patton.com,2022-01-19,https://pollard.com/
7DE404aeE6EFCbe,Jeff,Robbins,Ewing-Johnson,North Sabrina,Denmark,+1-756-748-3884x7452,(448)987-6032x97970,noah57@blackburn.com,2020-08-30,http://lowery.biz/
B60AE8C025534Aa,Martha,Hickman,Beltran LLC,New Ellenshire,Wallis and Futuna,417.923.8996,001-681-381-7618x17831,tiffany45@stanley.biz,2020-12-24,https://www.nicholson.com/
a46FFff90b0562a,Tammy,Yates,"Higgins, Saunders and Curry",South Guy,Liberia,(483)929-8903x3430,527.306.6413x016,rbarker@mccann.com,2021-04-10,https://burns.org/
FcEfF23bf73fbf2,Debra,Juarez,Erickson-Cook,Lake Anneshire,France,022-784-3257,+1-138-118-8731x43961,sheryladams@best.com,2021-08-05,https://www.davidson.com/
ae69ced3afAFD5a,Jane,Brandt,"Meyers, Compton and Lucero",Sanchezmouth,Pitcairn Islands,007.112.8036x95749,540-998-1408x87295,kristina76@nash.net,2022-02-11,http://pierce-ryan.com/
1FB9F1b7B4cD09b,Kristopher,Evans,"Lutz, Farley and Prince",Alanbury,Panama,(096)858-5652,158-291-4143x691,weaverjade@montoya-holder.com,2021-03-12,https://ochoa-huffman.info/
8aedA4145da6782,Suzanne,Simmons,"Ayers, Austin and Castaneda",Barbaramouth,Haiti,368-461-6723,(092)929-3855x9656,isharp@hull.info,2020-02-21,http://www.pugh.com/
529e2b7ba1586E2,Bob,Mcbride,Estrada-Ho,East Joyce,French Polynesia,1299351014,(526)325-3839x1431,raymondpaige@khan.org,2020-07-08,http://www.massey.com/
FBDd2AdaF5EBcFe,Craig,Tapia,"Banks, Carlson and Schroeder",Rogerhaven,Liberia,+1-799-020-1561x392,972-101-4913x877,leon90@quinn.net,2020-10-02,https://kemp.com/
6b7e2DaFe8abaEd,Joanna,Good,"Livingston, Barton and Carlson",Port Dominiqueside,Bolivia,(640)296-7830x2042,+1-762-098-3218x368,taraashley@crane.com,2022-02-06,http://gallegos.com/
BD71ecfcA78bFEb,Amy,Mata,Ferguson-Bullock,Port Jenna,Montenegro,001-342-026-5869x073,(028)288-7898x966,yjohnston@choi.com,2021-10-02,https://dyer-briggs.biz/
ef6aFEF0BEf77D2,Rhonda,Carrillo,"Keller, Frey and Abbott",Baileyville,Syrian Arab Republic,001-804-535-7904x109,001-407-825-2616,trujillojasmine@calderon-peck.org,2020-02-19,http://fox.com/
BA91E6aDE5197fE,Ray,Richards,Frost LLC,Port Jefferyberg,Georgia,321.913.6196,916.486.4599x5255,faith91@hart.info,2022-05-25,https://www.wolfe.com/
EA3Ce80DDEB462d,Ana,Haas,Bird LLC,Leeburgh,United States Minor Outlying Islands,001-214-798-8963,654-482-9824x8698,teresa21@mcfarland.biz,2022-04-11,http://powers.com/
D65da783DfAB407,Diane,Fry,Daniels-Cline,Stantonmouth,Tuvalu,+1-501-306-5729,720.779.0838,krichard@kramer.com,2020-03-10,https://marshall-hardin.com/
1ebde0dE870884c,Debra,Neal,Brooks-Kent,East Barbara,Congo,(570)973-6088,+1-988-802-4835x8726,lamkatie@coffey.com,2020-05-12,https://hurley.info/
AF7C4EBeE64CbbF,Eddie,Kidd,"Thomas, Dudley and Glenn",Larrychester,Cook Islands,364-921-2231,001-571-418-4859,qballard@golden.com,2020-11-28,https://dawson.net/
ABbCB5EDa8c9aFd,Claudia,Harmon,Payne-Douglas,New Greg,Zimbabwe,322-943-9935,831-404-3288,ashleyfrench@gallegos.com,2021-06-01,https://jenkins-spears.com/
b1C2DeC04cd6Ce3,Penny,Jacobs,Matthews-Friedman,South Reginamouth,Fiji,970.889.0330,(733)773-6457x871,hahncharlotte@macias.com,2022-01-27,http://pittman.org/
0fD1c65a1abF091,Vicki,Logan,Roberts PLC,West Joannamouth,Germany,684.504.6094x1033,987-687-7123x338,claudia88@morrow-coleman.info,2022-02-08,https://www.harrell.info/
570Aec1b5ce3aDb,Kathryn,Pruitt,Howe and Sons,Port Tammie,Bosnia and Herzegovina,673-947-7785x0417,586-588-5700x460,qnewman@little-hayden.org,2022-01-04,https://www.bautista-pollard.com/
Aded8E3B7b2e48D,Dennis,Sweeney,Kline and Sons,Mosesmouth,Guam,973.269.7007,001-335-095-1632x9832,cliffordcisneros@mcintyre-watts.com,2021-02-17,http://campos.com/
6eDDDE4f1F7fb03,Rick,Goodwin,Price-Good,South Karaton,Fiji,001-280-767-3837,001-927-490-8539x97291,valerieburgess@cannon-herring.org,2021-08-13,https://campos.org/
E446B0e1dbCAbBb,Micheal,Morse,Zuniga-Bowers,Port Connorshire,South Georgia and the South Sandwich Islands,(907)452-4470,6816401499,icastro@petersen.net,2021-03-25,https://haley.com/
75BF0c0820f036D,Autumn,Andersen,"Harper, Cummings and Lester",Maddoxton,Congo,059-637-1381,770-944-2986,frichards@fuller.com,2021-11-24,http://www.jacobs.org/
E705fef8C65EFB3,Shawn,Conway,"Mason, Hensley and Anthony",New Theodorehaven,Panama,(169)704-5705,5136264992,ylawrence@bentley-rich.org,2021-09-22,https://collier-neal.com/
3FdA59F7296d47e,Jeanette,Curtis,"Salazar, Houston and Barajas",Prestonside,Central African Republic,+1-210-463-3946,085-808-0533x20566,kirsten37@valencia.org,2020-03-11,https://winters-mckee.com/
0bf5bb9bc3Bcfbd,Chelsea,Gonzales,Cummings Group,Onealtown,United Arab Emirates,59562686,280.958.4905x1114,carol53@mcpherson-welch.com,2020-08-08,https://www.hodges-adkins.com/
edE54C195FC8efd,Desiree,Knox,Buck Group,Brookeland,Brunei Darussalam,001-914-410-3278x21637,(545)691-0075,marisa13@gaines-stuart.com,2021-05-18,https://holden.com/
392F8af3F2112cc,Joan,Ellis,Glover LLC,Zhangberg,Korea,383-336-3931x84864,001-920-546-0952x16697,billy24@hester-moses.biz,2020-08-20,http://murray.com/
9E0375Ff1c3Cf4f,Chad,Wilson,"Rojas, Greer and Davenport",New Anitashire,Tuvalu,+1-377-470-5985x56363,001-071-786-7214x717,joannevillarreal@mata.org,2022-01-04,http://gilmore-chung.com/
E3f65E08d4af00e,Sergio,Spence,Downs Ltd,Mclaughlinview,Montenegro,(640)195-9972,001-927-235-4527x4388,solomonkrista@hart.com,2020-03-26,http://gallagher-donovan.com/
FecefB34FC8FB3a,Savannah,Webb,Barr-Guerra,Port Samuelchester,Zimbabwe,001-709-761-8776x432,+1-540-676-4045,sheliazavala@tapia.com,2020-04-08,http://www.ford-odom.com/
eaAD7232B7B357f,Duane,Chandler,Beard-Poole,Jensenburgh,New Caledonia,799-095-7056x392,525-927-4722x85794,micheal31@ali.com,2021-03-25,http://www.snyder-short.com/
8B79dF5b2C91Ef8,Henry,Valdez,Scott PLC,Gregville,United Kingdom,(072)411-0588x6943,+1-240-576-5180,lbolton@andersen.net,2020-10-02,https://dudley.com/
1E13EeAA4dD97Bc,Melanie,Meyer,"Schwartz, Decker and Church",Gabriellaland,Mozambique,828-797-4807,983.462.6866x245,gryan@dougherty.com,2020-06-19,http://www.crosby.net/
406e575A1ac25b4,Gregg,Patrick,Guerrero-Bowers,Jodiborough,Saint Pierre and Miquelon,+1-106-591-5768,001-285-655-7431x596,faulknerkara@wade.info,2020-07-30,http://eaton-ho.com/
E111cEB5CAf5Aed,Molly,King,Dixon-Allison,West Dennis,Montenegro,001-738-259-2253x0123,090.357.9393x118,icompton@johnston-murphy.com,2020-03-12,https://booth.com/
14ECEcC0FE1dE17,Collin,Gordon,Bolton-Bradshaw,East Bonnie,Maldives,912-415-3651x786,845-496-8115,mballard@hunt-moreno.biz,2020-08-16,http://www.huffman.net/
Ec20Ac6f8c97AFb,Raymond,Powell,"Robbins, Ali and Love",Nicholsonville,Eritrea,+1-558-697-6202x7739,001-538-862-4679x280,fkaiser@fernandez.com,2020-12-15,https://benton-gibbs.com/
cFc5Aea6e0BCA73,April,Rubio,"Wall, English and Kaiser",West Tyronechester,Nigeria,001-187-576-2694x7806,023-267-9858,jillbaldwin@santiago.com,2020-07-23,http://moreno-hines.com/
D29EbC747CA07d9,Dan,Waller,Swanson Inc,West Peggy,Saint Barthelemy,458-829-4847,(558)993-8699,watsonbrittany@kemp.biz,2021-07-10,http://www.schwartz.net/
25EfF0BcbDFdFf4,Tasha,Hammond,Dawson-Mays,Andresfurt,Finland,036-640-2022x77716,+1-098-102-2625x1043,lukemaynard@harvey.com,2021-01-07,http://fitzgerald.org/
4248a5584EC671b,Natalie,Camacho,Mcdonald Group,South Mary,Martinique,(206)628-9654,001-323-000-5761x0056,brandon84@gilmore-lester.net,2022-01-17,https://www.hansen-vance.org/
aA8C7B4613cC34C,Toni,Cortez,Kelly LLC,Port Darlene,El Salvador,(785)334-4897x632,(306)744-1636,dbeltran@barker.com,2022-01-06,https://www.freeman.com/
cA3bcfE8c5E4E36,Tonya,Bautista,"Lawson, Marshall and Briggs",Isabelport,Zambia,076.971.6171,714.182.4023x72136,vangjoshua@petersen.com,2020-06-27,https://www.mcintyre.com/
280241Dc067f3EA,Stacey,Blevins,"Romero, Crosby and Terry",West Guy,Hong Kong,212-176-6156,(103)362-8224,melvinfrench@moore.com,2020-10-13,http://www.harrington.com/
dA74AfF69d1Bd52,Carl,Ochoa,Nguyen PLC,Katherinebury,Zimbabwe,256.115.9477x5119,(287)292-2464x253,gravesthomas@curry.com,2021-04-01,http://santos-johnson.com/
d2bd8DC7bb71169,Leonard,Knight,"Hendricks, Lambert and Ashley",West Blakehaven,Benin,733-594-2727x115,(373)503-8797,leslieaustin@atkinson-brady.com,2021-07-30,http://watts-knapp.com/
9701dac44aAeBA7,Amy,Owen,"Macias, Roman and Knight",Lake Tiffanytown,Micronesia,543.503.6547,(691)167-5516x502,theresa69@mcpherson.info,2020-03-26,http://henson.com/
B2cA2cdBf49E32C,Monica,Wells,Greer-Davis,East Gabriellaborough,Monaco,076.613.8637,280-624-4638,harrellveronica@barker-romero.info,2021-08-15,https://www.graves.com/
caC38c227BEbbe0,Samuel,Hooper,Rollins-Bentley,West Sabrina,Saint Pierre and Miquelon,015.284.5098x6156,230.902.1263x5200,gwendolyn36@cline.com,2020-03-03,http://rowe.com/
Ae692a12C8611cf,Brenda,Harrington,Boyle-Kent,Port Dianaberg,Andorra,226.236.5485x721,397-030-1787,mindybullock@huffman.biz,2020-09-22,http://mcpherson.com/
A223a3Fec8ae99b,Hunter,Collier,Dawson-Jennings,Jenniferbury,Zimbabwe,(684)092-9480,723-693-4475x11100,horneolivia@schaefer.biz,2020-06-10,https://www.jennings.com/
1FABa2F48E7F6b9,Jody,Costa,Mcneil-Barajas,New Becky,Saint Barthelemy,001-992-047-4413,(485)368-4859x00400,hodgekurt@bass-mann.com,2021-05-26,https://hood.com/
EcFAc468F0CBE8E,Mark,Murray,Martinez-Weeks,Petersonshire,Saint Pierre and Miquelon,145.092.0563x666,001-568-430-6830,colecheyenne@callahan-bryant.biz,2020-04-25,http://jackson.com/
f5aC968bBF0e2fB,Kenneth,Yu,"Forbes, Ellis and Michael",Lake Krystal,Estonia,1761914290,+1-363-018-1257x7158,alexaochoa@woodward.info,2022-01-28,http://www.vasquez.com/
dd3Ee8eF3cB6532,Lee,Lane,"Dalton, Trevino and Schmidt",Nicoleville,Niue,001-713-670-2583,610.923.5819,jacobvelazquez@pearson.biz,2022-01-28,https://www.coleman-tyler.info/
E0cc65cE9Aa1fFF,Sandra,Escobar,Keith-Rivers,South Destinyland,Algeria,001-807-209-7961,+1-745-566-5110,kpennington@figueroa.biz,2020-07-06,http://decker.com/
cC82EB07AAE4b3B,Heidi,Burton,Dunn-Lyons,Lake Robin,United States Virgin Islands,+1-106-474-3119x1865,001-102-271-2329,lunacolton@macdonald.com,2021-11-29,https://barker.net/
F4D501A7FB6E5B3,Wayne,Meyers,"Meyers, Lara and Ibarra",Port Catherine,Iraq,+1-764-385-7672x61829,(821)120-9278x90487,roy90@richard-travis.com,2022-05-28,https://www.collins.com/
F67c4c0Df58CF89,Johnny,Peck,Rios PLC,North Mindybury,Sudan,+1-398-596-3910,557.622.5669x21703,desireerosales@reynolds.com,2022-05-18,https://www.wong-yoder.org/
0a7DC6BbB6E3F3e,Virginia,Wiley,Jimenez PLC,Steveburgh,Pitcairn Islands,001-864-785-3008x5622,(806)150-0981x6264,sanforddevon@gill.biz,2020-04-02,https://www.stark.com/
Cc7fDD0640ebfa8,Bill,Foley,"Benjamin, Boone and Kidd",Dodsonton,Greece,001-851-560-9830x6751,341.533.2270,nnolan@mcmillan.com,2021-07-30,https://cisneros.com/
Fd180fCE174Cc73,Hayden,Cannon,Scott-Boyer,New Patricia,Iceland,291-750-7105x6653,192.663.8479,charlottehoffman@powers-baker.com,2022-05-02,http://nichols.com/
9D72eEDa3a7dAe8,Connor,Brock,Day-Fletcher,Clementsburgh,Cote d'Ivoire,5455227769,374.061.3565x85395,sergio51@rosario.biz,2020-05-28,http://www.sherman.com/
999FA8efffEbBA4,Sean,Roman,"Mata, Chambers and Calderon",Lake Karenside,Bhutan,086-141-3487,6696386786,nathangregory@ballard-davidson.com,2020-06-26,http://vasquez.org/
cba3fB33fB433a1,William,Delgado,"Carney, Finley and Garrison",Cuevasburgh,Niue,001-374-299-0271x63586,532-881-6369x230,bowmanjane@burns.com,2020-10-15,http://www.branch.net/
46916b29b5AaBDC,Kim,Herrera,"Ewing, Buck and Downs",East Julieland,Falkland Islands (Malvinas),349.270.1548,(600)303-9255x3746,zlane@riddle.info,2021-12-26,http://mosley.org/
AFDD9C96bc1D9cC,Jasmine,Perez,Price and Sons,New Evelyn,Jamaica,966-234-9043,+1-642-100-9983,bryanayers@hudson-crosby.biz,2022-04-25,http://www.hebert.com/
2f7AE22A4ecdd1a,Jenny,Durham,"Nixon, Sellers and Waters",Hutchinsonmouth,Croatia,001-918-741-0748x65152,+1-914-705-4916x30808,gloriahensley@padilla-gillespie.com,2020-05-21,http://www.rubio.com/
facF89DC8C7EeBB,Christopher,Carr,Ballard PLC,Lake Elijahhaven,Philippines,+1-416-910-5592,803-439-4686x1042,bonniemoody@rodgers.com,2020-03-22,https://giles.biz/
2a6144B02fD198f,Julia,Myers,"Cherry, Jennings and Edwards",Lawrenceton,Pitcairn Islands,+1-947-512-5946,(824)806-2949,cassandra42@guerra.com,2021-05-23,https://baker.com/
c403348A3F6CDa0,Francisco,Cantrell,"Santana, Ward and Huffman",Shepardchester,Saint Barthelemy,305.328.1217x1445,149-662-6595x4955,tasha81@rosario-shepherd.info,2021-03-20,https://www.obrien.com/
1d128b7216A56AB,Tami,Vazquez,Bonilla-Frazier,New Jackiebury,Tajikistan,750-484-9201x1981,957-187-4552,shaffertristan@swanson.org,2020-11-16,http://www.spence.com/
b4af7Bee839d672,Wanda,Rivas,"Hampton, Mcbride and Leonard",Haasmouth,Uganda,(822)571-4064x1135,001-649-221-3102x0464,edwardsglen@villa.biz,2020-12-08,https://www.sherman.org/
C6d2aAEFBEef0aa,Tina,Stein,"Freeman, Ponce and Patton",Lindamouth,Libyan Arab Jamahiriya,806-501-2087,+1-259-088-3689x814,glenn26@gregory.com,2020-05-26,https://davenport-dickerson.com/
E6BDc4d371C135D,Logan,Dougherty,Holt PLC,Danport,San Marino,(115)595-9412x534,697.058.2139x925,newtonrandy@campbell.info,2022-05-23,https://www.downs.com/
079a058B89CB7EB,Isaiah,Simpson,Wilcox-Mcmahon,New Russell,Solomon Islands,3972154028,001-053-590-3980x76529,bondcathy@combs-donaldson.com,2020-10-27,https://goodman-madden.com/
b3828abFd5B904b,Benjamin,Black,Church LLC,Lake Erikside,Latvia,(868)912-0340,001-253-652-3035x64428,ronnie25@arellano.com,2020-01-05,http://www.kaiser.org/
0DB2FCacDe847c3,Erik,Yates,Zavala LLC,Rhondafort,Turks and Caicos Islands,344-684-8572x54477,+1-161-427-1972x411,bryanttanner@anderson.com,2021-12-22,http://howell.org/
DCAd2BD0CeBFc1d,Louis,Klein,Mcintyre Inc,Kennethshire,Finland,(377)132-6353,+1-189-712-1697x991,lindseydale@mercer.com,2020-05-09,https://www.garrison.com/
aB41dba4eFFe03A,Aimee,Wall,Melendez-Tyler,Whitneytown,Angola,520-829-3466x8250,2652638031,cantukirsten@bond-goodman.biz,2020-11-01,https://www.zimmerman.biz/
4dCb1364f1D1656,Isaiah,Walters,Aguirre-Mack,Scottbury,Turkmenistan,(541)187-6824x8078,468-581-9094x69759,donaldrandolph@cline.com,2021-01-06,https://graves.biz/
19ccceE57F44C75,Marc,Robbins,Keller Group,Aliside,French Southern Territories,001-577-324-0157,+1-563-664-2710,edgar80@gibbs.biz,2020-03-22,https://www.estrada.com/
bB74ca44dcF7ED1,Bill,Bauer,Wood Group,Peggyfort,Niue,+1-417-610-6866x08946,279-113-5193,hoodroberta@ware-sanford.com,2022-05-24,https://sexton.com/
A4Ef3Aa048c01Ba,Helen,Mercer,Gaines Inc,Mcclurebury,Peru,605-520-0709x3077,259-534-8034x865,kellerkevin@hancock.biz,2021-02-25,http://bowman.biz/
b24f6baAB432DAf,Amy,Duran,"Bird, Moreno and Griffin",Kochtown,Switzerland,001-001-002-8164x33186,1214411111,nancymccoy@gates.com,2020-04-13,http://hester-randolph.com/
9dFb98cc4F2ff3E,Ebony,Weber,"Farrell, Anderson and Mann",Alvarezville,Guadeloupe,(184)141-0460x66690,(420)917-7735,jeanne63@bird-aguirre.info,2020-05-05,http://hayes.com/
867edfaeeBDbdCB,April,Davila,Dalton PLC,Port Teresamouth,Switzerland,(429)457-8232x43601,(576)596-6522x7757,jocelynmathews@terry-mclaughlin.com,2020-11-06,http://mcdonald.com/
3C1d193A1cbafC9,Brenda,Odonnell,"Evans, Dean and Brady",West Markside,Singapore,+1-216-971-1233,597-294-9543,yneal@fletcher.com,2022-01-19,http://david.com/
fe3dBeEB310aEEE,Riley,Watson,"Powell, Davenport and Morrison",Flynnton,Nauru,786-193-3117,001-672-883-3093x69749,jholt@harper.net,2020-06-04,http://www.soto.info/
70F2fF9bAb889d0,Joseph,Benitez,Watkins-Schmitt,Villarrealstad,Lao People's Democratic Republic,981-859-0715x6229,(638)912-7588,oscar35@ortega-calhoun.biz,2021-07-11,https://www.haynes.com/
Af3D43ff67eFcBA,Selena,Hicks,Zamora PLC,Choibury,Haiti,062.029.5680x7916,+1-619-997-3837x621,kurtbranch@walls.com,2020-03-02,http://www.mcneil-cohen.com/
f4beaFa9ff1ef6d,Henry,Bates,"Avery, Young and Orozco",Larsenside,Gambia,(817)028-9790,001-865-334-6425x532,zhardy@bernard.com,2021-02-22,http://sheppard.info/
78EF2aaEfA71DdD,Cory,Mcintyre,Coleman-Steele,Gracemouth,Brunei Darussalam,001-504-152-3758x45756,001-757-118-4165x545,cameronbrenda@ortega.biz,2020-04-07,http://hodges.com/
5FCd6F37B9F7f5C,Mathew,Huber,Roach-Calhoun,New Lucas,Zambia,9240521767,817-298-5078,dhenry@bass.biz,2020-08-23,https://www.riley.org/
bF4aF7fd5848ECD,Tracy,Lutz,"Gilbert, Chaney and Lucas",Sloanchester,Netherlands,001-319-113-3230,034-119-3146x1862,alison42@mitchell.com,2022-02-13,https://ochoa.com/
de60e1cbB2C53F9,Billy,Serrano,"Berger, Key and Mcmahon",New Ann,Argentina,455.816.7474x36293,+1-382-362-9444x024,friedmanjacob@sherman-dyer.com,2022-02-26,https://may-key.com/
2f1e7CAD9f76fae,Mindy,Li,Cline Ltd,Eileenbury,Grenada,6343628698,001-519-899-1764,marshrachel@haley.com,2021-08-14,http://www.escobar.com/
E0d32414eBDCfA5,Grace,Walton,"Hammond, Carpenter and Chambers",Adkinsside,Kiribati,500.702.4118x91233,(508)045-3218,mahoneysheryl@rich.org,2020-01-02,https://www.hebert.info/
BC2D982aaebF8B1,Regina,Cline,Rojas-Chambers,North Devonport,Jersey,457.702.4570,+1-566-463-2304,dickersonmichaela@haas.biz,2022-03-15,http://www.atkinson-ashley.com/
3Dcfb28d95fC6cd,Dawn,Hammond,Kaiser LLC,Stevefort,Cayman Islands,001-246-591-3131x7494,4750825431,lvillanueva@bowers.com,2022-01-25,https://www.summers.com/
9a385DA6544f1ee,Vernon,Shelton,Myers Inc,Raymondchester,Solomon Islands,263.171.5867,709.357.4386x141,wsteele@kaufman.net,2022-02-03,http://www.cross.com/
82f1AbCaBF6fDa1,Kerry,Hartman,Payne-Stone,Port Kylechester,Malta,786-462-0024,682.034.8576x7262,tristan19@parsons.com,2020-03-23,https://cordova.info/
b19dC2238F4fef0,Antonio,Stokes,Green Ltd,Lake Adrianaland,Guinea-Bissau,(359)940-3164,259.156.7270,randallanthony@mack-trevino.com,2021-10-27,https://www.zhang.org/
40e731Bf9cF4FaC,Colin,Schaefer,Booker-Ashley,East Cheyennetown,Zambia,+1-659-510-6647x16403,1804988697,marie75@hensley.com,2020-02-26,https://www.travis-ellison.net/
b0Ed3bb9ACbfCC0,Lindsay,Hendricks,Wiggins-Shea,East Annette,Haiti,(378)228-2412x81618,618.652.4679x8151,collincase@santos.info,2021-05-02,http://www.bright.com/
Ea49DA23fbff14E,Emily,Cook,Black Inc,Frederickbury,Belarus,+1-705-087-6661x4505,8252275486,gregstewart@torres.biz,2022-01-29,https://matthews.net/
e4aeF985Db6e3Bb,Dalton,Blanchard,Jackson LLC,West Melody,Timor-Leste,319.531.8769x7938,+1-065-194-3631x5369,logan88@krueger.com,2021-06-10,https://www.oneill-brady.com/
5BFEC46C1cbEF6d,Howard,Fields,"Grimes, Beltran and Tyler",Brockfort,Sri Lanka,601-784-7555,(326)792-2102,howardcaleb@gilbert.com,2021-06-22,http://harmon-carson.biz/
299258B5aba52Fc,Katherine,Clements,Key-Mcdaniel,Lake Rita,Grenada,+1-372-074-6764x57313,100-336-6410x96900,valdezluis@doyle.info,2020-04-10,http://maddox-wyatt.net/
44C3Cb49B78c9BC,Sheila,Hammond,Bean-Edwards,Arellanomouth,Samoa,+1-997-362-7757x8491,817.078.9711,carlbenson@evans.com,2021-09-24,http://gibson-marshall.biz/
95B7A4a9039cC5F,Maureen,Werner,Reese PLC,New Dawn,United Arab Emirates,242-467-3590x37271,+1-794-276-3994x75237,wdawson@nash-rowland.com,2021-01-19,http://hart.info/
fDeC8Ff0Db456e1,Marcia,Casey,Underwood Group,West Darinberg,Rwanda,391.879.5724,939.844.6056x35046,cassidy37@phelps-carney.com,2020-10-04,https://www.garner.net/
BF3E6A739dF99ad,Colleen,Whitehead,Bradley-Wolfe,Snowbury,Indonesia,001-024-468-4675,001-834-809-1616x86817,yrichmond@tate.org,2021-11-05,http://www.white.com/
83b3bDebAF5E83C,Tanya,Lester,"Moran, Gonzalez and Potter",Sophiaton,Cote d'Ivoire,+1-487-813-8532x10949,001-555-507-2437x4821,bryankirby@aguilar.com,2022-05-17,https://burgess-chase.com/
13bDCB4C94342fA,Tabitha,Maynard,Bennett LLC,North Brad,Macedonia,(046)638-2955x623,(435)615-1815,uprice@christian.net,2020-12-23,http://www.bonilla-rodgers.com/
e2E1555d16Aeaf6,Bob,Dyer,Abbott PLC,West Guymouth,Eritrea,263.865.8791,+1-366-628-9802x2520,nataliewu@french-cohen.com,2021-04-14,https://lam-duncan.com/
CBc4bA5f1f1Ed77,Molly,Weber,"Tate, Ryan and Petersen",Port Connorchester,Guadeloupe,(348)086-5583x933,(500)583-1142,coffeysteve@pena.com,2021-07-02,http://flores.biz/
69Ec55bf24B6fc3,Chad,Webb,"Beasley, Travis and House",East Hannahville,Belarus,+1-766-695-2022x2920,984.951.2461,andrademeagan@barrett.com,2021-02-24,https://payne.com/
8a5df8FDeb83ccC,Gabrielle,Hahn,"Adkins, Morrison and Owens",Maysside,Somalia,813.558.6449,546-882-9794x0395,melanie98@wheeler-fleming.org,2020-01-09,https://woodward-hoffman.com/
07E2BD29dB1ab90,Bridget,Day,Conrad-Cooke,Nicolasbury,Brunei Darussalam,5753001233,(543)089-7935x282,jocelyn33@dickson.com,2020-06-09,http://www.rosales.com/
56c4fac2d6f002f,Derrick,Reilly,Heath and Sons,Port Kent,Cote d'Ivoire,+1-267-780-2709,+1-039-186-2940x35560,fbest@pierce.com,2021-11-28,https://www.king.com/
Da7D6678a14faff,Seth,Day,"Olsen, Harris and Mack",Irwinfort,Indonesia,(293)026-6170x858,714.304.1658x327,kari88@rose.com,2021-05-06,https://www.wu-waters.com/
6aC914F1D8eF9Dd,Jose,Miller,Mata and Sons,North Darren,Bosnia and Herzegovina,(158)705-9522x763,576.408.6477,joyce24@ewing.com,2021-06-04,https://green.com/
c9Fc82D2C249a05,Carolyn,Fields,Bird Group,Port Tommy,Central African Republic,+1-219-184-8925x2231,001-579-750-7399x692,jimenezshannon@miller-mendoza.com,2022-04-08,http://www.white.com/
18ba23fCa0e41Fe,Alexis,Barajas,Solis-Bennett,North Allisonborough,Senegal,(532)437-2882,+1-059-532-3015x89497,maureenmckay@santos-ho.net,2021-08-28,http://forbes.com/
fF1AF17Ff3CDc4c,Kirsten,Bush,"Le, Rasmussen and Sherman",Evansborough,Argentina,+1-812-564-1799x255,001-384-670-1330x9172,xbrennan@mcintyre.org,2021-06-06,http://www.bender.com/
7F7bf23100cefd8,Sabrina,Everett,Melendez-Robertson,Spencertown,Seychelles,001-864-186-5164,401.748.8852,leerojas@martinez.com,2020-03-22,http://www.eaton.com/
0aAAF98fCe94C84,Yvonne,Merritt,Coffey PLC,North Julian,Cyprus,001-305-007-5864x9495,205-532-4745,tammystevenson@mcgee-hoffman.org,2021-07-03,http://www.davis.com/
E9108efE34fabFC,Leroy,Alexander,Velasquez and Sons,Amyborough,Denmark,812.049.4292x49282,+1-742-654-9499x733,bfarmer@reilly.com,2021-08-10,https://allen.com/
AFCd8F626cd7F12,Breanna,Mosley,Mcintosh-Boyer,Mcconnellstad,Chad,001-851-317-7553,342.291.7747x3291,tabithavaldez@rubio-bradshaw.com,2021-03-06,https://aguilar-galvan.biz/
FBf0FdBFB8ea54d,Vincent,Stewart,Wilkins LLC,Port Patricia,Aruba,954.239.0287,(024)525-4459x57329,barajasjanet@joseph.com,2020-06-30,http://www.beasley-pineda.biz/
83cfdfDe1AF2CED,Arthur,Mcdonald,Lara-Andrade,Bassport,Reunion,487-611-7769,001-989-631-4600x17722,pobrien@tapia.net,2022-02-13,http://www.allison.info/
fA88e15C5f93faB,Jill,Grant,"Hunter, Davidson and Boone",Gordonstad,Indonesia,001-706-313-8366x118,(648)629-5676x0894,allenmiranda@acevedo.info,2020-03-15,http://www.haas.com/
1fAbF5cAC28d5BD,Walter,Velez,"Lopez, Taylor and Knight",Bartonshire,Wallis and Futuna,535.343.1911x1059,625.926.9149,saundersjorge@small-pearson.com,2021-06-22,https://www.horne.org/
5a5eed7ccFd7A0F,Jasmine,Kim,Logan-Hayes,Bradfurt,Saint Pierre and Miquelon,817.159.6830x1206,517.367.3585x840,shirleyfitzgerald@levine-stanley.net,2020-11-10,https://moon.com/
D8F6Ec6B5EdE6da,Candice,Nixon,Hunt-Santiago,North Nancyberg,Heard Island and McDonald Islands,6335096987,957.984.7008,kiaralindsey@baker-doyle.com,2022-03-21,https://www.mayer.net/
Bcb2292edE2d18D,Jade,Diaz,Odonnell-Hopkins,East Howard,Ghana,+1-615-809-3030x69473,(927)668-4232,joshuafoley@holland.org,2021-03-14,https://www.ferrell-frey.com/
f8CCf2BFf6AbEbb,Dominic,Salas,Cobb Ltd,North Jerry,Palestinian Territory,441.295.7488x00063,603-385-8247x731,rodneylin@romero.com,2021-05-29,http://www.bolton.com/
Efb87A3d0FcFcae,Madison,Powell,"Larsen, French and Estes",South Chad,Japan,167224914,(307)132-0495,willissherri@hobbs.com,2022-03-02,https://www.valdez.com/
bFf6FB8b3F0852B,Wanda,Lowery,"Osborn, Wolfe and Knox",Ricardoview,Taiwan,027-885-3739x851,227-419-1561x953,smithfelicia@mora-yates.com,2021-01-21,http://www.alvarado-craig.com/
4CabF7bA5D5d2C4,Shaun,Molina,Davidson-Oneal,Mossside,Tokelau,271-619-1720,425-740-2963x9644,daryl49@rivers.com,2021-09-21,http://www.davenport.com/
00C5FeadD87EeD5,Matthew,Hurley,Stewart-Davidson,Oscarmouth,Myanmar,891-910-9221x7233,732.970.1087x415,esparzakyle@rogers.com,2020-12-29,http://macias-morris.com/
FE19Fef621E5d17,Glenn,Moody,"Jennings, Dudley and Davenport",Churchchester,Liberia,931-750-7605,+1-558-251-6195x68879,russellbrandy@gould.com,2022-01-06,https://www.pruitt.com/
5c5e1f6EB8E33EC,Nathan,Webster,Vincent-Donaldson,North Glendaland,Ireland,(782)994-0893x8056,(534)771-5751x126,helenkramer@maldonado.com,2020-11-16,http://www.jensen-bray.info/
52d6BC4a3cE2B7F,Susan,Bell,Villarreal-House,North Latasha,Guinea-Bissau,795-803-6870,155.507.1989x33236,julie74@roach-rollins.net,2020-06-26,http://carrillo.com/
0eFeA9aBcc73eBF,Philip,Salas,Calhoun-Farley,Woodwardstad,French Polynesia,(472)273-5884x4355,794-270-1006x9880,patricia07@joseph-deleon.biz,2020-05-18,https://www.lyons-holmes.biz/
a1A4334f7eA2712,Victor,Dennis,"Medina, Bradford and Medina",Lake Daltonborough,Somalia,454-383-6920,(364)073-1028x351,wkirby@cortez.com,2020-01-01,https://coleman.com/
8d1b0ea25CCAed1,Kaitlin,Atkinson,Shaffer PLC,Lake Robertohaven,Taiwan,001-664-688-5739,+1-397-911-0910x00369,gmccann@rojas.com,2020-11-10,http://hall-arroyo.biz/
aCf1FEdbb2Eb42f,Corey,Price,"Wilson, Walter and Wiggins",Kerryview,Colombia,819-595-1517x78342,(194)638-6694x2749,apruitt@mayer-calderon.com,2021-08-29,http://www.lambert.net/
f1f43B25E9399F2,Chelsea,Tate,Randolph PLC,South Darylside,South Africa,6850077656,(133)152-1298x3769,pnavarro@chandler-brandt.net,2021-03-26,https://powers.com/
Da67B8699D8aDd4,Derrick,Leonard,Johnston PLC,Gayview,Afghanistan,315-972-6990,876-096-3817,huertadaniel@oconnor.com,2021-06-28,http://www.buckley-anderson.com/
2dcb34Dcf3290dA,Ruben,Horn,Weaver Inc,Bushmouth,Algeria,1661391606,994-852-9369,zunderwood@odom.com,2020-11-20,https://sweeney.com/
908aCB2ACee5B20,Tammie,Bowers,"Melton, Petty and Archer",North Mackenzietown,Martinique,423-743-0682x9685,(385)963-4728x4571,wyatt84@dougherty-hays.info,2021-07-21,http://www.hendricks-martin.com/
f173fC284c3bB3f,Christine,Anderson,Bright-Flores,West Kerri,Somalia,198-667-9682,584.494.9112x2408,fmoyer@warner.com,2021-08-16,https://www.zuniga.com/
4Bc94A2499eedaB,Sergio,Joyce,"Serrano, Mcneil and Watson",Foleychester,Faroe Islands,5054168756,2297392464,bairdalex@holder.net,2020-02-16,https://erickson.com/
61c0EcFBbFD8Aad,Isaiah,Mathis,Russell PLC,Alfredland,Andorra,613.434.8276,+1-153-744-3171,kirk31@benton.biz,2021-07-05,http://wiggins.net/
a69b9F07194EeCD,Shelia,Barrett,Stanley-Allison,Port Antoniotown,Belgium,954-465-1896,(410)937-0441x6133,danstone@casey-lewis.com,2020-09-09,http://melendez-bowman.org/
1B93949fD80BF58,Gavin,Hawkins,"Hester, Dorsey and Nixon",Cruzmouth,Gibraltar,133.442.2014,452-699-5890,victorfrancis@daniels.com,2020-06-21,https://gray-duncan.com/
4e672dC1b89757F,Darius,Khan,Baxter-Patterson,North Jennyburgh,Monaco,(184)895-3535x492,001-494-887-2358,dyermegan@liu.org,2020-09-26,https://ellison-colon.biz/
621100beB49754f,Connor,Gill,May PLC,Cliffordburgh,United States Virgin Islands,956-014-7813x802,269.100.5762x495,schung@walls.com,2020-04-05,http://www.mayo-hamilton.com/
B21DeEaC7f6Cab9,Cassie,Gonzalez,Rollins and Sons,Brittneytown,Saint Lucia,791.136.7606,+1-441-857-9225x6964,emaxwell@arias.info,2020-08-29,http://www.crawford.com/
AB73d3521DDf465,Austin,Huber,Neal and Sons,West Mariaton,Sierra Leone,001-916-912-1940x959,468-368-7309x0505,rhondaheath@mason.info,2021-03-06,https://www.schmidt.com/
fe48DdfFa269FB2,Kenneth,Mcdonald,Savage LLC,Stephenberg,Burkina Faso,+1-653-702-1534x287,370-138-7666,mcintoshcaleb@hogan.info,2020-01-14,http://www.shannon.com/
981dCC429fB53a5,Angie,Evans,Wright-Skinner,Normanbury,British Virgin Islands,001-236-548-9153x13926,890.724.9862,wbeltran@green.biz,2021-03-03,http://strong.com/
