Customer Id,First Name,Last Name,Company,City,Country,Phone 1,Phone 2,Email,Subscription Date,Website
a0e3B57D14C2F30,Aaron,Boyer,Burnett-Hinton,South Traci,Barbados,001-795-383-7996,531-635-2300x551,rivaseric@le.com,2021-04-29,http://www.tyler.com/
bdFfFD052b758d6,Elizabeth,Montgomery,Benitez PLC,West Pennyfurt,Sweden,001-068-514-7902x5706,945.165.4632x9029,seanhebert@bryan.com,2020-12-16,http://www.huffman.net/
6Bf825F2e2bE740,Colton,Galloway,Zhang-Villarreal,Lake Candicechester,Burkina Faso,001-140-235-0607,(755)823-8649,marie11@mullins.org,2020-03-29,http://www.fox.biz/
FAAC690ceBEFF0a,Max,Cabrera,Crawford Group,Lake Christianview,Iceland,281-447-9609,(494)390-5666x087,mikecain@lawrence.biz,2021-02-21,http://www.jensen.com/
9465BBe5bc7abEe,Colleen,Serrano,"Hobbs, Chandler and Bennett",Wendymouth,Montenegro,373.106.3944x6794,(884)294-9618x00033,ynielsen@booker-cervantes.com,2020-07-01,https://prince.org/
5BA5D1366cC4Aa6,Holly,Santos,Simmons Inc,Leonville,Tajikistan,4444520518,001-618-698-6767,cameron21@chavez.com,2021-03-24,http://pitts-dawson.com/
42Bd7A50B093dBA,Thomas,Nielsen,Barron-Dickerson,Craigburgh,Nauru,972-236-1317,(728)308-8370x09839,ewilliams@buckley.net,2021-01-06,http://www.fox-kennedy.org/
d2DA1E92A7bEF4e,Kathy,Dougherty,Cherry and Sons,Port Yvette,Costa Rica,503-427-4245x167,+1-469-698-5615x924,ricardo01@jones.com,2020-07-07,http://www.fletcher-beasley.info/
6BA45A55aDFbDD6,Robyn,Burns,Fitzgerald-Dean,South Franklin,Wallis and Futuna,(488)442-9817x071,(808)320-6815,ashlee98@acosta-lyons.com,2021-06-19,http://www.jenkins-hoffman.info/
D4b7bb75BB056D4,Morgan,Glass,Everett-Pacheco,Whitakerfort,Lesotho,(612)511-9220,969317229,pvaughan@tate-mccoy.com,2020-09-26,https://mcdaniel.com/
0cB9d4eBdeB7041,Lorraine,Love,"Waller, Yates and Long",North Annette,Faroe Islands,6077819924,(622)797-1961x6009,aimee69@franklin.net,2020-01-04,http://chang.com/
c2dc80E576C25F1,Caleb,Davenport,Bowman-Cruz,South Mackenzie,Yemen,9293535586,5350736043,gabrielle64@winters.org,2021-12-21,http://www.fischer-higgins.net/
2bEEcF2c671eE9e,Jill,Copeland,Hendrix PLC,Lake Chris,Slovenia,+1-601-328-1339x32571,141.532.8466x8606,whitney44@dillon.biz,2020-08-05,http://harrison.com/
Ce37AAdB41AA254,Scott,Parrish,Ball PLC,West Marcochester,Timor-Leste,+1-019-049-1108x815,698.862.0127x58025,kristina85@forbes-sullivan.com,2021-08-27,http://mosley.biz/
9B13Eb7a280B7E9,Kelsey,Colon,Andrade-Sawyer,Lesterfort,Indonesia,+1-990-015-4214x4165,001-270-221-6376x1125,oowens@valenzuela.biz,2020-10-14,http://hickman.com/
Fe7afDebB6CeBff,Tristan,Cline,Zavala Inc,Jakemouth,Central African Republic,(205)680-0792,5849504791,ypierce@mullen.org,2022-04-04,http://www.rios.com/
9f6C1EF41E03EB1,Lindsey,Houston,"Avila, Barton and Weeks",West Kathyburgh,Trinidad and Tobago,+1-948-118-2481x570,544.609.2502x38377,kelly48@cantrell-grimes.com,2020-04-15,https://monroe-oliver.com/
ed0e860dA9E6Cb7,Caitlin,Hardy,Jennings-Williamson,Port Andres,Argentina,(820)422-4520,(257)305-2843x12090,bairdtanner@wilkins-levine.com,2020-11-18,https://www.herrera-higgins.com/
4BDa2E785507F3A,Tiffany,Gonzalez,"Jarvis, Garza and Zamora",North Jeanne,Paraguay,513-363-5589x576,001-484-199-3334,pbailey@whitaker.info,2022-01-12,https://www.lamb.org/
785DCedCAEBBb10,Janet,Higgins,"Parks, Cardenas and Hodge",Elizabethhaven,Iraq,+1-250-992-3766x193,(816)949-9202x99378,isaiahknox@mcgee.com,2022-05-15,https://thompson.com/
4CC061174345fCb,Gabrielle,Cervantes,Hahn PLC,Vernonstad,Ukraine,785-639-7826x576,(829)339-7166,nashdominic@potts.info,2021-01-14,http://clarke.com/
4A0ACec7f3B17aA,Joyce,Levy,Madden PLC,Pearsontown,Monaco,(830)148-4987x243,001-330-441-0680x321,bradleyhenderson@huerta-coffey.com,2021-08-08,http://www.edwards.org/
6bc9Ac2c8A750fc,Kevin,Malone,"Sloan, Reese and Hoover",South Yesenia,Guyana,001-936-223-2692,(910)404-5418x48833,cryan@hinton.net,2021-07-02,http://www.woods-harper.info/
c4C7fF768a8Dc09,Tami,Olson,Harper PLC,Atkinsberg,Solomon Islands,639-743-0184,(133)407-2922,lstrickland@wang-reid.com,2022-05-19,https://www.burton.com/
54759cFa42db987,Jesse,Valencia,George LLC,East Calvin,Portugal,638.366.7668x78866,290-060-5896x152,gordonmonica@love.com,2020-10-11,http://www.huynh.biz/
f2eE78D1A6DEe5e,Rachael,Benitez,Hester Ltd,Lawsontown,Mauritania,(694)376-3296x032,+1-774-787-5087x50986,mwalls@salinas-robinson.com,2022-04-29,https://horton-rubio.com/
FC13a2d339DCCaa,Sarah,Munoz,Manning Ltd,New Pattychester,Cyprus,376.573.7996,(036)469-3509x76326,wilsondeanna@fuller-murray.info,2020-04-19,http://mcgrath.com/
36E63fbeccD8e4b,Aaron,Ford,"Nelson, Mayo and Perez",Thompsonview,Switzerland,578.409.9261x3437,(249)478-6319x04575,kirk75@cisneros.com,2021-08-10,https://nash.com/
fDB04FeA7885FAA,Walter,Braun,Mann-Olson,West Leon,Botswana,(664)661-7265x74499,509.165.1431x34753,woodardjudith@lee-valenzuela.com,2020-07-21,https://www.calhoun.com/
3079eE405B9cC7f,Chelsea,Cuevas,"Chen, Butler and Tapia",Russellfort,Wallis and Futuna,+1-073-936-9044x475,642.504.2102x457,bingram@horton-holder.com,2021-09-02,http://leonard-dudley.net/
Aaddb77cDbA6dFf,Parker,Macdonald,Hammond-Schroeder,Taylorport,Gibraltar,+1-768-914-5114,004-831-5646,kylie72@payne.com,2021-10-14,http://rivas.com/
B7B9Fd74af3F2FA,Ronald,Mccall,Hickman LLC,Kristaberg,Algeria,001-408-803-6483,+1-436-905-7224,perrywalters@williamson.com,2022-03-23,http://sloan.com/
1F0A8a9DAc5bFB2,Amanda,Kramer,Combs-Frost,South Kaitlyn,China,754.775.5016x24107,(024)751-6902x317,laneconnor@daugherty.com,2021-10-19,https://flynn.com/
d4B05F7082F10Ef,Kathleen,Barrera,Jacobs LLC,Port Krista,Cayman Islands,317.302.7413x48380,001-280-584-4955,krystalfrye@wise.com,2020-05-24,http://www.acevedo-watkins.info/
2af388a56D35FAF,Lorraine,Raymond,"Stout, Oconnell and Church",Kayleeton,Jersey,001-307-756-7996x96932,983.062.5765,willieriddle@travis.net,2022-03-31,http://wilkinson-bates.com/
29AEFEE6fe1DaE2,Angie,Lynch,"Foster, Mcintosh and Sandoval",Colleenport,Sao Tome and Principe,001-041-802-7317x11370,(768)835-2406x0642,gdavenport@bradshaw-shaffer.biz,2021-02-08,http://www.murillo.org/
e9bC7F967aDEdbc,Zoe,Pruitt,Simon and Sons,Stevensonton,British Virgin Islands,001-094-235-8186x2281,885-281-9408,latoya01@avery.biz,2020-05-17,http://www.whitaker.com/
Fbef6cbccbA474B,Bruce,Steele,"Blanchard, Rice and Bryan",Poncestad,Cuba,+1-721-722-5408x170,640-414-2984x65893,chenderson@hudson.com,2021-09-09,https://www.wang-miles.com/
FC7bFB9c5f17cEC,Devon,Patrick,"Greene, Garner and Rodriguez",East Joanna,Peru,+1-158-841-2874x7590,371.255.4166x7607,pauladominguez@baxter-juarez.org,2021-01-27,http://coffey.org/
77bFee8eB8C85e4,Vanessa,Sweeney,Guerrero PLC,Lake Frederickville,Malaysia,001-592-682-4286,(691)521-3772,wernerdaisy@raymond-hanna.com,2021-05-07,http://lee.com/
fbE5C218cf4050e,Taylor,Cobb,"Rios, Camacho and Lewis",Stephenschester,Cape Verde,159.581.2468,+1-744-608-4839x0823,walterprince@rivera.org,2020-04-12,https://www.holmes.biz/
c59aBbC0EbEe2eF,Selena,Chavez,Rosales-Madden,North Norman,American Samoa,955-978-9927x252,001-221-848-4050x6507,gbrowning@herrera.net,2020-02-26,http://www.hatfield-campbell.com/
3c3B6BdffCcFfDb,Desiree,Lara,Hartman-Fletcher,Morrowmouth,Iraq,+1-793-004-0121,+1-524-560-1034x202,tyrone10@spears.com,2020-01-04,http://jensen.com/
6A4dE6A871C9764,Wesley,Adkins,"Hernandez, Miller and Mcgee",Port Maxton,United States of America,458-389-2932x5337,298.939.3461x1618,watsonclifford@barton.com,2020-04-02,https://bolton.com/
bF566C66eaD2E8c,Gloria,Paul,Lyons Group,Sanchezton,Bhutan,671.189.1871,+1-676-843-1920x97280,icisneros@finley.com,2022-04-11,https://holloway.com/
83C9AAe7188Cf88,Jordan,Contreras,Dorsey-Merritt,East Zachary,Algeria,866.727.2664x74196,+1-600-260-6630x33916,jane81@vaughn-moses.biz,2022-01-19,http://hawkins-blackburn.org/
Dbb64130fbBBa33,Sally,Ortiz,Santos PLC,Flemingstad,Niger,(994)781-4921x11768,+1-940-520-4900x6520,jo57@carroll-bruce.com,2021-01-31,https://www.mcdaniel.org/
3a4EA40D502b3c5,Paige,Kirby,Dillon Inc,Barrerafurt,Saint Lucia,781.713.3486x92732,225-918-1972x8832,tracy48@pham-murillo.org,2022-05-22,https://french-aguilar.org/
0e0A9844ac2A7a4,Marie,Durham,Chang-Hart,Kristinaborough,Iceland,+1-434-830-4584,(754)630-1247,ynguyen@ward-arroyo.org,2021-06-04,http://werner.biz/
ca16Cf2cd907CA0,Robert,Mcbride,Wallace Group,New Catherineside,Jamaica,296-076-3591,1899941634,reneestokes@pruitt.com,2021-03-25,https://www.richards-meza.org/
64Afc702a6c5Fad,Kara,Bennett,Swanson-Mahoney,East Mathew,Estonia,(379)747-9902x4324,+1-578-411-2031x91611,kaitlinpeters@pacheco.net,2022-01-30,https://www.carson.com/
bb53513a2648c5f,Yvonne,Kramer,"Fleming, Bryan and Pruitt",New Fred,Uzbekistan,001-451-673-4313x2831,+1-344-126-1653x54520,adrienneescobar@krueger.biz,2022-04-02,https://www.benton-escobar.info/
317B4Ead3580275,Darren,Stokes,"Fleming, Krueger and Brady",Haysmouth,United States Virgin Islands,(685)455-5608x56247,325-101-4569x7233,eileenandersen@herring.com,2020-02-16,http://francis.info/
93aEBC17c54EF3e,Jose,Daugherty,Williams and Sons,South Jorge,Trinidad and Tobago,001-331-544-4966x709,4244849503,rrose@mack.com,2020-05-14,http://www.chaney-krause.info/
5AF6ACc1C1FF4dB,Joanne,Banks,Zhang Group,Hurleytown,Belarus,800-257-5986x16556,+1-867-223-0165,denise42@holder.com,2021-09-14,https://www.golden-burns.org/
d328C5c6A8D84D0,Garrett,Baird,David LLC,Hessport,Azerbaijan,9047667176,001-854-689-4427,lorraine34@burgess.com,2021-12-22,https://walls.com/
6c5A6FDAA3DBD45,Tony,Sanchez,Ruiz-Douglas,Tamarastad,Bermuda,+1-509-074-6257,347-343-6399,shannoncummings@cisneros.com,2022-04-14,http://gentry.com/
Bb66e8Ecea7E2eD,Peter,Kennedy,Serrano-Parrish,Lake Leroyview,Italy,3109394825,4307402014,jesus85@spence.com,2020-08-30,http://downs.com/
e5E1Bbfdd8Bbb40,Bobby,Cummings,"Blair, Norman and Brady",North Jimmy,Togo,+1-799-399-8365x41508,001-331-433-4691,troyreed@forbes.com,2022-02-18,http://english.org/
CF5af9aAc15d6Fd,Caitlyn,Love,"Duarte, Duncan and Werner",Brettfurt,Barbados,+1-541-574-1524,001-559-872-7923x53789,henryjordan@gregory.org,2021-10-19,http://www.jimenez-tyler.com/
aDd171EB11C4cfc,Carla,Aguilar,"Lawson, Fields and Colon",South Virginiabury,Chad,+1-874-001-1266,016-646-1801x6877,dsolis@ballard.net,2022-04-03,http://herman-raymond.com/
8744bE6af573DfE,Summer,Parker,"Ruiz, Underwood and Guerra",Xavierland,Guatemala,(927)415-6001,+1-610-646-1606x4610,arielhuynh@townsend.com,2022-01-04,https://warren-reed.com/
3df9e606e3DD0Ac,Anne,Owen,Ritter-Chang,Priscillafurt,Reunion,613-755-9112x697,355.126.8145x2315,mathewsaustin@simmons.net,2021-07-01,https://berger.com/
8189CCE3385dffA,Rodney,Blanchard,"Bruce, Delacruz and Freeman",Andreaview,Bulgaria,904-131-2076,351.181.4182,maureen28@gross.biz,2022-02-19,http://wallace.com/
4ac3FBBD6a53390,Lindsey,Frye,"Vega, Villarreal and Wheeler",Sherylburgh,Bouvet Island (Bouvetoya),425.493.0735,+1-939-128-1334,wendy75@newman.org,2022-02-07,https://www.yoder.com/
456DA0F5B196eBF,Jacqueline,Gallegos,Little-Lamb,Levineville,American Samoa,811-209-8997x308,841-822-9579,rojasgabriela@clarke.net,2021-07-28,http://singleton.org/
5c4BC033ac4Efab,Leonard,Macias,"Nielsen, Macias and Webster",West Seanborough,Thailand,001-776-128-9104,+1-666-258-5190,lvasquez@webb.org,2020-04-20,https://www.butler-lowe.com/
1d3749Dc7ADfa2F,Tammy,Oneill,Pope-Mckee,Port Bethchester,Spain,301-747-2921x5938,378-571-8346,rickmatthews@bowen.com,2021-12-07,https://hill.org/
cB4fDf2E1E9aaE8,Daniel,Shelton,French Inc,Sherritown,Armenia,760.828.8920x939,589-678-6739,collierchad@flowers-brown.com,2021-07-12,http://salinas-mueller.com/
23a5F7fBcB5D4A3,Betty,Diaz,Rasmussen PLC,Hernandezstad,Palau,663-672-8987x372,(703)715-5580x447,sergiobartlett@mcgrath.com,2021-09-01,https://daugherty.com/
a8232f3045ee0ae,Martin,Lynn,"Gutierrez, Farley and Holden",Jensenport,Kyrgyz Republic,828.376.7898x331,501-267-0315x4710,imccullough@west.info,2020-01-13,https://escobar.net/
3DF3d5d6c6E52FC,Dana,Gay,Saunders LLC,Cassandraport,Djibouti,677.679.6978,001-831-993-2159x492,rebekahmays@holden.com,2021-08-23,http://www.king.org/
9CB4A7Ad56F0cDe,Connor,Black,Riley-Rosario,Barbaraton,Western Sahara,+1-277-115-8144x13142,+1-904-310-3329x649,grant47@kane-church.com,2022-03-14,http://www.pruitt.com/
4D7dF1Dc17Da25e,Johnathan,Holmes,"Bradley, Gentry and Cameron",Floresstad,Azerbaijan,8180644558,(621)838-1199x347,ianbeasley@saunders-rosales.com,2021-12-24,http://www.rodgers.org/
D7c287Dc216ff32,Kayla,Michael,Benitez-Marquez,Lake Gail,Bahrain,(576)148-3154,001-251-226-3868x0763,tristanaguilar@mccoy-douglas.biz,2022-02-25,https://nguyen.org/
57A2eD6Ac5Fafc6,Victor,Pacheco,Liu Inc,South Lawrence,Switzerland,(111)620-4826,(360)409-8871x57625,ocastaneda@webb.com,2020-01-31,https://clarke-beltran.net/
7a2cD31f7A2c545,Norma,Medina,Marquez-Faulkner,Gallowaymouth,Solomon Islands,001-298-685-5257x47766,(724)785-0802,caitlinhubbard@proctor-mullins.com,2020-11-28,https://www.chandler-henderson.com/
c298C3cF7cA2FDD,Frederick,Levy,Mclaughlin PLC,Jeromeborough,United States Virgin Islands,647-387-7923,001-783-604-7317x21588,tinagates@lozano.com,2021-03-24,https://evans-hendrix.com/
A92adFCEbAADCfb,Jean,Barnes,"Ferguson, Suarez and Middleton",Beverlyside,Hungary,001-251-128-2836,887-208-4185,leemitchell@nichols.com,2021-01-24,http://www.morse.biz/
Ddc3E20EbDcBc7F,Dana,Rowland,Chung-Key,Port Leonmouth,Christmas Island,001-492-570-6688x4962,702.440.6239,ukidd@dillon.com,2021-01-17,https://michael.com/
B833deAEfE0fCdb,Roger,Suarez,Golden and Sons,West Latashaside,Luxembourg,383.477.6324x7069,375.948.1480x734,pottsmiguel@crosby.com,2020-05-14,http://www.calhoun.org/
b6BA24Ae4EEbe4a,Jerry,Buck,"Oneal, Forbes and Chavez",Silvaview,Taiwan,328-685-0039x3285,173.965.0759x676,madison73@dennis-ellis.com,2021-12-01,https://www.nolan.com/
2a55220cAfA8b65,Heidi,Mcbride,"Riley, Thompson and Casey",Lake Alexandra,Lithuania,+1-230-866-5577,(690)812-6493x79399,joannemcdonald@conrad-gutierrez.info,2022-02-13,http://www.mcbride.biz/
ECD05B505Ba76ec,Renee,Lang,Daniel Inc,East Steven,Philippines,+1-515-849-4431,195.887.3616x453,clogan@estes.com,2020-09-18,http://www.mclaughlin.biz/
7DB5d6CE47C0fd2,Krista,Munoz,"Warner, Sexton and Reynolds",West Karina,Namibia,(078)652-1321,+1-374-702-5040,anaeaton@vazquez.com,2021-07-24,https://www.wagner-stein.net/
5E66598bD13e8e7,Christine,Powers,Wilkerson-Barron,Billberg,Peru,611-535-5732,+1-520-555-6704x82155,cantrellcollin@knapp.info,2021-08-05,http://good-cunningham.com/
bE5a71E34feAE0D,Lawrence,Barr,Combs-Reeves,Lake Karenfurt,Montenegro,001-300-079-0012x014,001-783-852-7340x1307,crosbycaitlyn@sharp.biz,2021-08-14,https://www.holland.com/
Dd50fC3eF4F73bC,Alexandra,Alvarado,Cuevas-Suarez,South Mikayla,Greece,435-568-6966,916-200-3617x82583,sosalance@huynh.info,2021-03-26,https://www.jimenez-fernandez.net/
bFAC3d409AB5CB2,Lynn,Browning,"Winters, Cook and Preston",Hayeston,Cocos (Keeling) Islands,001-115-781-3358,+1-354-308-7458x51264,asoto@faulkner-bridges.com,2020-07-27,https://www.fields-barber.com/
f3FB9ff4CEEA81b,Maria,Oconnell,"Mcbride, Wells and Mooney",Port Angela,Paraguay,235-386-6911,544.501.1194,alyssablackburn@mcmillan.com,2020-07-19,http://herring-stafford.info/
d7829bB6AB04cCB,Charlene,Pena,Carey Ltd,North Cassandraborough,Haiti,001-754-177-2582,782-361-6145x32749,zrivers@norman.net,2021-09-22,http://www.leblanc-hensley.com/
E460E6eE80f9d46,Samuel,Riggs,Alexander Group,Christensenborough,Zimbabwe,200-285-5550x599,704.712.0151,benderrebecca@leon-dodson.com,2020-09-05,http://www.douglas-hooper.org/
c5f6b6A9C3b7DDe,Devon,Holt,"Espinoza, Wade and Hood",East Chris,Western Sahara,560-913-6288,+1-073-524-4698,mirandamcfarland@woodard-kline.com,2020-06-05,http://www.murillo-cohen.biz/
071FB5bDeddED3e,Cassie,Esparza,Hurley Ltd,South Isaac,Hungary,(836)106-7704x0781,(047)009-4396x7867,ekirk@velazquez.com,2022-05-05,https://skinner.net/
A5A664AFc5c958E,Ariel,Bautista,"Krause, Small and Rubio",East Yesenia,Bahamas,2390592992,9877713161,carolhernandez@hanson-foley.com,2021-06-13,http://www.moyer.net/
6a0ACAe7A7cFd7E,Hannah,Fisher,Horn Ltd,East Traceymouth,Croatia,294-949-2014x47890,(221)421-7569x244,rhull@hardin.com,2020-01-26,https://www.harper.biz/
EDCBfBa71435d4D,Francisco,Lowery,"Olson, Guerra and Odonnell",Elijahfort,Solomon Islands,098.684.4321,001-283-685-1882,vangtaylor@shea.com,2020-03-24,https://potts-mccarty.net/
c5abf7ACeB8a1De,Andres,Turner,Bird-Wells,Vincentfurt,Hong Kong,(197)286-2722x178,944-122-4671x1048,dariuskeith@barron.org,2021-03-22,http://woodard.info/
dB16EB7Effe4B5f,Ryan,Casey,Jensen-Hamilton,Lake Isaacstad,Israel,(552)634-6632x4299,(637)700-3338x57599,cassidy14@russo-stuart.com,2020-07-23,https://mccall.com/
a19DA7A1fCa79d5,Gene,Rubio,"Howe, May and Saunders",Ralphbury,Luxembourg,(774)026-3725,995.468.4496x461,latkins@jimenez.biz,2022-03-30,http://foley.com/
D1fA32Dfc8369A8,Kevin,Lucero,"Newton, Trujillo and Wiley",Kennethtown,Iceland,581.057.6836x739,001-991-455-4472x4719,fchurch@baxter-daugherty.com,2021-08-10,http://schroeder.org/
79b632973dE38Bf,Alex,Mcclure,Palmer-Aguilar,Port Cheryl,Morocco,+1-144-511-6465x667,+1-812-973-4200,riceerin@david.org,2021-09-10,http://howard.com/
10778bb483F1c0C,Stacy,Long,Blankenship Ltd,South Katelynton,Congo,(126)344-6570x544,600.473.7761,baileyhardy@burton-brewer.com,2020-03-10,https://www.durham.net/
D04AC90f81a6150,Shelby,Hinton,Wilkinson-Estrada,New Steven,Peru,001-658-468-2974x38149,912-359-9856,oconnorivan@robertson.org,2021-11-03,https://stark.com/
a3F6fb7F0cF2Fbe,Stephen,Rasmussen,Williamson Inc,Lake Tracy,Switzerland,001-058-442-2449x85855,+1-056-759-4952,twarren@wolfe.com,2022-04-19,https://www.daugherty.com/
68b42a3B12cbb73,Adriana,Curtis,Stout-Castillo,Darrenfurt,Malta,611-543-7108,(843)421-9567,glarsen@durham.com,2020-10-02,https://logan.com/
73CdFf7e8859bD0,Norma,Hoover,Alvarez and Sons,Lake Jennifer,Gibraltar,5837427868,915-167-6635,chadwatts@moyer-nash.com,2021-08-20,http://howard-willis.info/
Faa65Da3DB8A17d,Jacob,Mcbride,Villegas Group,West Claytonmouth,Hong Kong,001-082-273-6869x925,+1-670-121-2045x3252,ysavage@lee.com,2021-04-04,http://www.schaefer.com/
6FE3aDBdC1BBDdE,Leroy,Taylor,"Silva, Mclaughlin and Haynes",New Susanview,Sierra Leone,789-388-3973x5555,862-868-1448x7789,rebekahescobar@best.com,2021-02-23,http://www.cole.info/
8aA54b9BFBA0aD2,Veronica,Figueroa,Donaldson LLC,New Rayville,Niger,914.526.4573x5640,001-868-054-9412x5677,dwayne82@sheppard.com,2021-11-05,http://sheppard.com/
Ca907A9DDdE2126,Joan,Bass,Jacobson and Sons,East Stuart,French Southern Territories,(964)499-1199,001-775-817-7800x2298,isabella68@paul.com,2020-02-14,https://www.peters.com/
BeB4EE902dcE991,Neil,Farrell,Chavez-Jacobson,Odonnellburgh,Chile,820-139-0112x72258,(914)172-7778x23316,dicksonderek@bowen.com,2022-02-17,https://www.holden-wallace.net/
Eaf80AAe54E31EA,Joyce,Allen,"Dalton, Massey and Woods",New Jordanhaven,Gabon,(992)846-6232x92619,(312)021-4598,ccurtis@ware-kelly.com,2021-08-26,http://www.erickson-armstrong.com/
ab7b2f257c7B3f3,Jesse,Dawson,"Cain, Drake and Mora",North Logan,Swaziland,001-949-830-3478,3418113786,arielroach@rivera.com,2020-07-10,https://www.lawrence.com/
0AfaB4ede8Fc6E7,Corey,Cuevas,Blackwell Ltd,New Kara,Bangladesh,001-191-353-7628x2389,+1-991-856-6435,carl90@munoz.org,2020-04-10,https://www.hobbs.com/
B7a9F9Aa35D4dcC,Cristian,Jones,Leblanc Inc,Bairdton,Dominica,659-553-3924,+1-416-565-4950,nkennedy@bullock.com,2020-03-31,http://www.richards.net/
BA03c62Fd5Ffd6D,Claudia,Gilbert,Dawson-Clarke,Ewingtown,Paraguay,188-817-7878x4747,+1-664-679-6143,comptonalejandra@summers.com,2020-11-30,https://www.downs.com/
dcbA216fC09255E,Patty,Humphrey,Sheppard-Chambers,South Javierberg,Burundi,+1-850-411-4787,1814333637,alexa87@levine-moyer.com,2020-06-26,https://leblanc.org/
BcA8aeaE335feB3,Marc,Ballard,Jefferson-Bray,Lake Dale,Taiwan,001-805-140-5254x3237,377.098.9955x9221,mcintoshnichole@romero.com,2020-06-02,https://www.sweeney-castillo.com/
df7bcDDeE57A6B1,Mark,Hardy,Hendricks-Cline,Lake Austin,Pitcairn Islands,001-053-359-9856x32971,+1-495-352-6406x116,prestonsmall@poole.com,2022-02-27,http://bell.net/
86DbFDB5DF753FE,Sandy,Jennings,"Curry, Peters and Thompson",Kennedymouth,Vietnam,737.954.1127x6943,(368)659-3278x273,poncekerri@mason.net,2020-04-05,https://www.wilcox.com/
CDa47E8374AaAB4,Holly,Reyes,Lynn-Joyce,Johnstonville,Turkey,(135)011-9753,(759)761-5910x49231,swansonkristie@alexander.com,2020-11-29,https://callahan-hall.com/
C3B6ab1b4Cb563d,Jackson,Mccall,Holloway LLC,Rowlandview,Niue,940-629-0533x1254,016-443-9290x80844,diane27@donaldson.com,2020-03-10,http://www.riddle.com/
dA3738F8Fa334cE,Jillian,Serrano,Hall Inc,Port Kerriberg,Russian Federation,(107)026-9838,281-162-3267x8555,wintersharry@sheppard.org,2021-12-29,http://www.tanner.biz/
5bA23ea0B3Dff46,Tricia,Duran,Bartlett-Hurley,Hendrixport,Kazakhstan,670-876-7637,(905)864-2760,melodyvalenzuela@mcclain-potts.biz,2021-07-03,http://suarez.biz/
b2BDA178e8DDE2c,Oscar,Bush,"Hayden, Woodard and Arnold",Matthewfurt,Peru,+1-212-463-4605,(539)758-6391x3930,ichang@schmitt.com,2021-10-17,http://goodman-morrison.info/
BCed6Bc778E0952,Morgan,Flynn,"Vasquez, Bean and Ashley",Diazberg,South Georgia and the South Sandwich Islands,748.930.8683,667-775-9977x142,opittman@franklin.net,2021-10-06,https://pitts.com/
8A0bF0cdCD3D5Cf,Pedro,Navarro,Downs Ltd,Port Stanleyland,Sudan,(604)820-0623x253,+1-014-806-0105,shieldsmicheal@cameron.com,2020-09-26,https://www.fields-jones.com/
f0db3AD5175FBef,Kathryn,Andersen,Curtis and Sons,Bondshire,Senegal,640-161-7829x0030,089-233-3639,cball@sanchez.org,2021-05-29,http://velazquez-fleming.com/
A61Fe3B9a6Ddb77,Richard,Soto,Diaz-Nunez,Darrellstad,Pitcairn Islands,001-723-512-6897x7874,+1-923-944-2258x5434,angela47@wang-klein.com,2020-06-19,https://fleming.com/
D50D23abB640878,Jerome,Horn,Gibson-Shepard,West Luketon,Luxembourg,(843)059-8343,555.720.1946x09358,hallsusan@nelson-joseph.com,2021-01-25,https://www.noble.com/
48Cd14bdBD2c719,Claire,Browning,Braun and Sons,Loweryfort,Tonga,001-793-114-4619,033-470-4529x48246,farleydeanna@richards.net,2020-06-17,http://www.ochoa.com/
1EcEdAD14BC7E8F,Phillip,Figueroa,Pham Group,Nicolemouth,Heard Island and McDonald Islands,4248643843,+1-734-573-9426,jordan52@bauer.com,2020-02-25,https://www.ritter-barajas.com/
26BAc4E2D7f2e1c,Andre,Rivas,"Pittman, Barry and Mcintyre",North Rose,Reunion,(537)213-7817x284,052-645-1538x558,gabriela37@stout.com,2020-09-11,http://farrell-stephenson.com/
f63cA54Cbf5BeB8,Dwayne,Franco,"Ritter, Spence and Kennedy",Branchtown,Congo,001-950-344-0425x59543,5346033317,lauriespears@li.biz,2021-05-26,http://www.zimmerman-grant.com/
F792b8C8AcaF06B,Alexander,Howard,Hamilton-Wolfe,West Katieville,Guinea-Bissau,+1-272-625-3270,154-025-1546x044,bradley41@hampton.info,2022-03-13,http://www.good-lindsey.biz/
9603dDDBD6cb1bF,Larry,Monroe,Sawyer-Abbott,New Rachaelshire,Timor-Leste,804-426-1894x4548,719.989.1133,claudia31@hale.com,2020-12-30,https://booker.info/
30e4F39fCD9d4bC,Amber,Haney,Robertson-Hines,West Graceburgh,Aruba,(731)321-8580,249-558-3443x362,qwalters@farley.com,2021-06-21,http://www.castaneda.com/
3Af7F72CDC1f11C,Heidi,Young,Perez PLC,Lake Eddiebury,United Arab Emirates,568-937-7673x03705,(675)270-0852x09884,judith27@peterson-powers.com,2020-05-14,https://www.contreras-elliott.com/
8851Fa8DC620FD9,Natasha,Mendoza,Zamora Ltd,Jeromefurt,Russian Federation,630769679,+1-055-328-5916x853,max72@pena.biz,2021-12-04,https://www.lowery.org/
d11c4A1F8a7f5f7,Isabel,Nixon,"Wong, Buckley and Cannon",Lake Allisonchester,Dominican Republic,001-488-308-5749x65549,+1-848-212-6272x98135,forbesroberta@dennis-macias.com,2020-09-24,https://www.blackburn.com/
Ff0635FfE887833,Beth,Kidd,Fischer-Norman,New Ernestbury,Kyrgyz Republic,(551)552-7009,(302)292-8830,rsoto@barrett.net,2020-03-11,http://www.santana-herrera.com/
EF7475629Ef0f8b,Lydia,Osborne,Carlson-Buck,New Edward,Austria,+1-856-597-4305x9585,001-428-766-1819x508,loganbarron@frost.com,2021-08-10,http://mosley.com/
aFD75E96E9a3d4e,Grant,Patrick,Shepherd-Sherman,Carlyside,Uzbekistan,173-554-4085x7863,988.429.6615,aberg@sawyer-kim.biz,2020-08-29,https://www.hester.com/
F7fE6E0FbE700A6,Rebecca,Erickson,"Spencer, Good and Abbott",North Herbert,Reunion,501-271-7883,+1-951-535-1512x400,danielhiggins@noble.info,2020-12-06,http://watkins.org/
f7499ED48026efa,Christopher,Douglas,Riddle Inc,Hunterborough,Panama,3840922823,+1-052-483-7675x4287,epierce@ray.com,2022-02-12,https://www.landry.com/
a6B7BCABae4Aa10,Jonathon,Townsend,"Cobb, Joseph and Singleton",South Jeremy,Swaziland,123-335-1098x38176,(369)763-3949x193,alexjackson@barron-mcneil.com,2021-04-08,https://www.ingram.com/
32B7A0Fa103c698,Earl,Ferguson,"Harrington, Carr and Stanton",Laurachester,Lao People's Democratic Republic,(555)257-9307,6161653556,beasleyjoel@rasmussen-guerrero.info,2021-06-01,http://www.pineda-davis.com/
cfaCBbdfC99A616,Tonya,Tanner,Combs Inc,Knappstad,Cook Islands,502.462.9121x418,(808)733-1900x8747,rpham@hawkins-hayes.com,2020-01-06,https://www.duffy-torres.biz/
814C1Be57CBCdeD,Johnathan,Gilmore,Riddle LLC,Millsland,United Kingdom,788.642.2058,429.824.1375x2207,mccartynicholas@bowers.com,2020-01-09,https://huffman.com/
D0cc89bac5fA9bB,Briana,Chaney,Mcconnell-Kidd,West Tanyafurt,Ethiopia,(281)138-8576x11080,909-746-1999x53242,sknapp@trujillo.biz,2022-04-11,http://avery.com/
46e7Ae11DABf3cF,Candice,Patterson,Floyd-Acosta,West Michealport,Philippines,466-282-4922x396,3209994408,stevensonsteven@day-middleton.com,2020-01-14,https://www.carey.net/
716EfC3d22bb3f4,Sandra,Gaines,Freeman-Murphy,Eileentown,Kuwait,272-681-3082,001-545-194-2566x9168,yorkherbert@burnett.net,2022-04-09,http://www.david-villanueva.net/
ee5Da0fCA1BdDcb,Natalie,Monroe,Hutchinson and Sons,East Carolynport,Heard Island and McDonald Islands,486.012.5303x67031,+1-888-383-0624x29775,gbuckley@chavez.com,2020-11-05,https://moon.com/
80299d79EBDdfEa,Sierra,Lara,Salinas PLC,North Donaldborough,Andorra,+1-850-697-1448x913,+1-335-445-3330x8126,junderwood@thompson.info,2022-01-05,http://berg.org/
C5d3A983dE8B7Af,Autumn,Morrow,Cain-Key,Gavinmouth,Puerto Rico,(364)863-0943,001-598-633-2610x1437,obright@shah.org,2021-11-23,https://www.guzman-foley.net/
F951d0d9d5fa400,Cesar,Hines,Crosby and Sons,New Amandafurt,Uzbekistan,825-895-7899x31851,267.359.9110x97646,csilva@morales.com,2022-05-20,https://johnston.com/
662221D2eb1A79b,Emma,Fitzgerald,"Spence, Hendrix and Singh",Lake Jasminchester,Burkina Faso,748-888-8639x940,(418)560-4947x080,alexlynn@gilmore-chang.biz,2020-04-08,http://www.rivers.com/
8D60704B7bF441F,Judith,Griffith,"Ortiz, Cannon and Leonard",Mckenziebury,Monaco,4982011226,001-816-186-4122x834,gcarter@underwood.biz,2021-01-18,https://richardson.info/
D41318e62Bc6C2B,Connie,Pratt,Bright PLC,East Lee,Bulgaria,4413956651,+1-711-873-6198x066,harrellgilbert@trujillo-henderson.com,2022-01-25,https://crosby-ryan.net/
5E1A0Cd772d3CbF,Shelly,Leach,Glover Inc,South Meaganstad,Nicaragua,001-939-978-0544,+1-783-669-1039x887,arellanoronald@huff-cantu.com,2022-01-26,https://noble-charles.biz/
c7C71FF0b8EEdDf,Edwin,Kerr,"Salazar, Evans and Mccullough",Tranmouth,American Samoa,+1-131-700-9716x77924,936-049-1533,blevinsjerome@peterson-padilla.com,2020-10-26,http://www.haynes-clements.com/
3eC1Bfd767484E2,Hailey,Pratt,Tran and Sons,Acevedobury,Belize,(334)568-8298x757,312.203.5970x1752,rick08@shepard.com,2022-02-16,https://stephenson-landry.org/
bC9F8AFab72bc38,Cristian,Holt,Bean-Trevino,Laurenbury,French Guiana,454.273.7864,400.336.6063,rowlandjeremy@romero.com,2021-01-08,https://www.cortez-lawrence.info/
cea58DbCC456e99,Carrie,Chan,Richards-Rush,Lake Katelynview,Thailand,(420)979-3793x3491,(751)978-9103,eileenwhitehead@patterson.com,2020-03-31,https://www.cameron-marks.com/
5efD4ABe77bc9e7,Alejandra,Braun,Byrd and Sons,West Mariah,Sudan,(032)386-1228,6246950686,rebekah14@luna.biz,2022-02-11,https://burgess-brooks.com/
F02b1bB2CEB0F5C,Jose,Costa,Strong-Pierce,West Jeff,Vanuatu,480.463.9446x04739,(288)515-2517x82087,wayne68@wilkins-gould.com,2022-02-17,http://walls-waller.biz/
d144aeCa5F769CE,Gabrielle,Callahan,Cochran-Fitzpatrick,Kristiville,Mali,410-006-6377,945.287.8079x65777,lambrobin@bowers-marks.com,2022-01-31,https://www.buckley.info/
5080F7aAbFdf2b2,Darlene,Hart,Rush LLC,New Mitchellview,Niue,+1-750-216-6997x48025,619-648-9032x3705,margaret64@ponce.org,2020-01-25,http://nunez.com/
7F7e68Af94db6de,Anne,Everett,Newton Group,Sawyerstad,Israel,+1-396-095-5094x0167,001-277-121-1702,tinahatfield@sims.biz,2021-06-03,http://www.stone-french.com/
c28715c2b7D9D48,Joanna,Gonzalez,Jennings-Deleon,Hendricksmouth,Somalia,(376)341-8953x37239,551.502.9098x596,baldwinalexander@lamb-thomas.com,2021-04-01,http://www.butler-boone.net/
CEF4632DAEd6EB0,Judith,Powell,Suarez-Lewis,East Geraldberg,Madagascar,810.507.7664,696.341.3798x1016,cbenitez@suarez.org,2021-10-06,https://www.madden-hendricks.com/
EfFEf6a323b3DFA,Kelly,Sherman,Cross-Harding,Hendrickschester,San Marino,7765945041,259-540-1700x4848,oneillcaitlyn@mcclure.org,2021-09-24,https://www.hayden.com/
Dc7EFFe6eEd2C5A,Herbert,Potts,Hood Inc,East Benjaminville,Timor-Leste,810-345-3623x2181,+1-119-676-1897x2872,madelinefisher@mccann.com,2021-08-29,http://huynh.com/
Cc34F6F64D48BDF,Ashlee,Escobar,"Garrison, Mathis and Glass",Cindyberg,Sri Lanka,001-126-163-4317x834,284.493.1105x586,terri64@mcclain.com,2021-01-02,https://www.oneill.com/
cff7B1a7DfAfe2B,Taylor,Griffin,Schaefer-Goodman,Mcclainbury,Seychelles,916-871-3245,726009129,maddoxmonica@hoover-hayes.info,2021-06-20,http://www.douglas-alvarado.com/
fC9Ff6cF9b3185a,Kristen,Carey,"Valentine, Hubbard and Haynes",Dawnfurt,Pakistan,339-360-1919x80449,089.549.8904,jake86@morgan-bender.info,2021-01-31,http://glass-gamble.net/
8c293db36f8c733,Mallory,Nguyen,Ball and Sons,Lake Tashaport,Indonesia,761.869.2824x718,543-782-2970,klawson@newman.com,2021-12-30,http://craig-barton.org/
54CCFE6ef58c09B,Micheal,Flores,Edwards-Gomez,Gentrymouth,Fiji,001-163-358-9094x130,846-022-7577,sheaangelica@olsen-gray.com,2022-04-06,http://www.wilcox.net/
7ACeDBF509A10B4,Kyle,Mendez,Freeman LLC,Port Alyssa,Togo,(866)492-6835x03017,824-210-4350,ylewis@hays.info,2022-04-03,https://lara.info/
AacaB6cad6a2c69,Marisa,Hodges,Maldonado-Webb,Port Debra,Libyan Arab Jamahiriya,001-370-803-4515x546,827.829.9727,isaachogan@patrick.com,2020-05-28,https://www.meyers.com/
6ED19aad3BdDE89,Kristy,Mccoy,Vazquez Inc,South Sheilaberg,Indonesia,001-533-429-5145x42861,776-058-1234x29480,dominic94@mcdonald.info,2020-04-10,http://www.bentley.com/
dC26cDe880F3Cf7,Glenn,Hartman,Mcknight-Giles,Perryville,Benin,001-986-894-8752x738,032-725-1174x4602,michaela64@schaefer.com,2021-03-06,https://roth-odonnell.info/
fEcbd39000a28F1,Kim,Cohen,"Deleon, Mccarty and Terry",Ibarratown,Bangladesh,+1-410-914-6945,419.349.4601x6798,castroalex@lane-wiley.com,2020-10-08,http://rivas-becker.biz/
F87E67b330836fA,Marcia,Solomon,Giles-Villarreal,Starkchester,Armenia,132.056.4203x5427,430.628.5245x8464,ubolton@avila.com,2021-08-03,http://www.todd.com/
EdEdEAF8Dcc0dfa,Jocelyn,Velasquez,"Rowland, Cole and Brooks",Lake Jeffbury,Togo,001-518-963-7489x967,851-309-4178x0670,bhuffman@alvarado.org,2021-03-05,https://www.arnold.biz/
6FfDBdaB1Ff440C,Garrett,Zuniga,Mccarty Ltd,Tracytown,Colombia,689.851.6741,555.099.1720,manuelgeorge@hogan.com,2021-05-03,https://www.webster.com/
2B65aBC44ceA272,Kimberly,Lindsey,"Wilcox, Carroll and James",Chanborough,Suriname,9146655178,646.372.7035x94799,ariel88@stevens.net,2020-11-04,https://snow.com/
1eB174E4ffaE708,Roger,Bradshaw,Trevino Ltd,Port Tim,Northern Mariana Islands,+1-193-060-4099x1470,+1-573-198-3965x5967,hayden87@tate.com,2020-01-17,http://www.floyd.info/
e3c45E3E4FcCeA0,Frederick,Fletcher,Frey-Reynolds,West Guy,Tonga,813.229.9757x58288,775767643,matthewmccann@santos.com,2021-06-01,http://gallagher-sanford.net/
df55EdA3cBCAF76,Calvin,Bowman,Benjamin-Kelly,Port Jeremy,Heard Island and McDonald Islands,866.891.0113x7184,803-829-6012x24856,wyatt97@garza.com,2021-05-16,http://rubio.com/
208055eD4fEb05D,Deanna,Bradley,Charles Group,East Emma,Nigeria,(763)137-0832x690,363.057.2699x186,glovereduardo@everett.biz,2022-03-22,https://www.flores-chaney.com/
faF03D51fef9128,Joanne,Andrade,Fields Inc,Paceberg,Austria,(673)170-7064x965,6017910429,kaitlin99@maynard.com,2020-11-19,http://woods.com/
Bc6EB534Fb61B39,Mallory,Decker,Pham-Arnold,Pearsonville,Norfolk Island,+1-152-922-5386x4525,(064)347-1005,ogilmore@long.com,2020-09-23,http://tapia.com/
464d7A4111c6c1E,Ethan,Rush,Lynn and Sons,West Bailey,Croatia,388-002-7080,631.312.0631x0682,debbieknight@fuentes.com,2020-08-22,https://www.coffey.com/
A2bAa723D8E27Ee,Daniel,Patel,Schultz and Sons,New Danielport,Belize,329.612.8560,207-752-6169x735,doriswalls@bartlett.com,2022-01-24,http://bright.info/
ae334B81B76cFD2,Amy,Phelps,Mckay-Hansen,Priscillafurt,Congo,(392)936-9100,773.595.3426x417,candace56@ibarra-bird.info,2020-05-11,https://www.jenkins.org/
f7E6886FD2e1f5a,Cathy,Castillo,"Browning, Fitzpatrick and Benton",West Ellen,Burundi,(927)325-4936x23547,(224)783-0325,fmckee@vaughan-spencer.net,2021-05-19,https://www.mooney.com/
3A9eFaCe6efbaEd,Cesar,Mcfarland,"Watkins, Ramirez and English",Reeseville,Eritrea,555.452.0608x620,152.543.4419,darrenespinoza@conner.info,2020-02-16,http://tucker-hull.com/
F9defC2B8cEBA63,Cory,Bridges,Gonzales PLC,West Savannahburgh,Jamaica,001-195-532-0285,(561)226-1826,heathshirley@porter.org,2022-02-09,https://www.bryan-hanson.biz/
94cceEcfd1Bdde8,Jodi,Ortiz,Mckinney PLC,Spearsburgh,South Africa,9669074928,(608)679-0041x8415,pedro68@reese-gonzalez.net,2020-01-01,http://www.mcmahon-bowers.net/
BEeDBC92eFD6ee3,Rick,Faulkner,Meyers Ltd,Jerrymouth,Turkmenistan,577-371-0397,495-549-2895,isaacduncan@blair.com,2021-02-23,http://hines.com/
EEdeca779CB3Be9,Virginia,Li,Salazar-Daugherty,Frostbury,Cameroon,828.482.6804x122,+1-364-715-0944x5933,jeannechavez@jordan-vargas.biz,2020-04-12,http://simpson-knight.com/
DA8bBeAEf08Ca22,Donald,Powers,Willis-Clarke,East Devin,Senegal,(315)017-2011x553,6737668705,mckenziecristian@pollard.com,2020-09-29,http://sellers-robertson.biz/
F3603661F39eAE0,Jeremiah,Riley,Mullen Ltd,North Ellen,Rwanda,351.617.4405,312-654-1063x0858,gibbsjason@hodges.com,2021-01-27,http://www.gay-jones.biz/
fEd696ee8D38c99,Kathryn,Bailey,Roy PLC,East Terri,Colombia,426.947.5166x5662,001-792-9800,mcphersonmallory@hodge.net,2020-08-31,http://www.hamilton.com/
12DACDcB2C13E88,Brent,Riddle,"Clarke, Raymond and Little",North Janetton,Greenland,(292)772-9918,4449196881,fernandezkristi@matthews-ballard.com,2021-02-13,http://www.stewart-wood.info/
29f0D7dBdef8b72,Sean,Barron,Rowland-Chapman,Ralphchester,Andorra,001-991-926-7565x4855,(433)527-0315x988,copelandkirk@gomez-forbes.com,2020-08-06,https://www.henry.com/
CCEEC4C82f90AF5,Jaime,Manning,Navarro-Jarvis,Wallton,Peru,452.882.7775,426.110.6139x790,shannonlogan@collins.org,2021-07-02,http://mann.com/
92F034ba08d300f,Taylor,Werner,Banks-Woodard,Spenceton,Brazil,(738)015-8644,478.823.7754x98729,probbins@powell-david.com,2021-05-20,http://barry.com/
d35d7832881aEF2,Glenda,Castillo,Ali Inc,Hammondtown,Netherlands Antilles,1657962054,+1-370-240-2592x1696,liulauren@lindsey.biz,2021-01-15,https://www.mathews.net/
de0d74D6faC29A9,Howard,Peters,"Moreno, Todd and Obrien",Jodystad,Korea,(979)348-5414x137,606-017-3757x90294,curtisbilly@cherry-werner.info,2022-05-08,https://www.harrison-church.org/
CeA1CDF1b2e5da9,Glen,Castro,Douglas Group,Emilyburgh,Albania,158-765-0651x582,907.907.5759,lhatfield@dawson.info,2021-09-01,https://www.schroeder.net/
A2f0E2B21C50bDc,Ivan,Beltran,"Vang, Sloan and Harper",North Tim,Sudan,(466)387-6327,+1-610-529-9510,shelly79@rivers-solis.com,2021-09-18,http://freeman-michael.com/
dfFaddffc0AafbC,Kara,Novak,"Marshall, Quinn and Sanford",Bakerhaven,Haiti,(613)998-6364,(809)068-9868x36802,isaiah02@beck.com,2020-06-22,http://romero.org/
7eB1eb3bD6a641b,Sergio,Ayers,Avila-Tyler,Vickiefurt,Heard Island and McDonald Islands,(102)267-5690,955-577-9277x2175,petersonmiguel@moss.biz,2022-01-13,https://chen.com/
dD0EC1e6D50ec2f,Isaac,Perez,Perez-Barron,New Jaredmouth,Bosnia and Herzegovina,806-065-4290,668.020.1441x099,mckenziecasey@riley.com,2021-06-12,http://bird.net/
22ddbdB8dfafDDf,Destiny,Sampson,"Rowland, Roberson and Davies",East Latasha,Sri Lanka,(234)920-4994x313,(073)799-0838x665,evelyn89@mcdonald-molina.com,2020-08-03,https://www.stephens.org/
CfAdCDbF8F4aA2e,Ann,Briggs,Wolf Ltd,Burchborough,Burundi,905.896.7696,570.388.8722x857,ireilly@raymond-gonzalez.org,2022-02-01,https://www.lewis-peterson.net/
ffaBE254CFF9A37,Clayton,Curtis,Rasmussen and Sons,Jimfurt,Suriname,388.951.1595x7598,460-285-8235,karlamartinez@zavala-terry.com,2020-07-29,https://www.berry-conley.com/
75e1B0ECAD06F60,Karen,Powell,Ballard Inc,Wallschester,Bahrain,(837)887-4976x23484,+1-692-477-5826x6040,nobleharold@lawrence-christensen.com,2021-03-31,https://reese.com/
eCE0D2bAeB9e1b3,Melvin,Fisher,Friedman Inc,Hubertown,Mali,263.417.8044x28019,001-397-644-4535x30314,roberta83@patrick-holden.com,2021-08-22,http://stout.com/
acBD5ffeF8edB7b,Lorraine,Johns,Hopkins-Maldonado,Nortonland,Turkey,+1-606-535-2981,(093)713-9688x48279,mackenziewade@khan.com,2022-01-04,http://www.petersen.net/
ce3Fa71411d9E29,Yesenia,Hayden,Rosario PLC,Kristieshire,Germany,453.375.2921x7965,169.311.4936,ferrellmason@melton.com,2020-11-06,https://www.melton.net/
d62EE655C8FaAd1,Angie,Richards,"Daniels, Bird and Perez",Port Jim,Palau,+1-034-744-9651x5207,+1-441-122-3599x767,wcox@floyd.com,2021-08-07,http://www.hale.net/
1C69de8ACc7de36,Cassie,Levine,"Allen, Webster and Reed",Lake Mia,San Marino,378.001.5435x58422,+1-264-536-1967x759,snoble@ward.com,2020-11-21,http://www.hudson.net/
0c851DAE4231CcD,Martha,Farmer,Le LLC,Morganfurt,Micronesia,965.794.9928,516-482-6162x66160,gstephenson@webb.net,2021-10-06,https://www.lowery-mclaughlin.biz/
6DEa5aDE36ebDdC,Randy,Orr,"Houston, Montes and Casey",Bryantown,Marshall Islands,(300)414-5192x278,8236685609,dawn46@perry.com,2022-02-01,https://oliver-black.com/
C23EF411fea2C27,Catherine,Cervantes,"Novak, Gray and Braun",West Marvin,Chad,661.747.0630x569,(156)563-8220,xvaughn@noble.com,2021-06-18,https://mills.com/
A8CFadf479eb7cD,Ana,Dougherty,Stokes-Hubbard,South Melissa,Rwanda,365-917-3233,(123)299-6663,xedwards@goodwin-waters.net,2020-11-11,http://www.thomas-mccoy.com/
F3Ef8F0aa4F978e,George,Watkins,Zamora-Bray,South Brandimouth,Spain,749-030-3666x77253,001-805-171-0988x092,donald86@crawford.com,2021-02-08,http://www.taylor.com/
35410Aaab1E8d27,Evan,Matthews,Barton and Sons,South Isabellaberg,Armenia,926-872-6303x471,(456)582-0410x691,gouldstanley@flores.com,2020-08-02,http://www.cherry.com/
3FBeABF4e0DF6B3,Anita,Dickerson,"Hensley, Tanner and Mcneil",Carlsonchester,Russian Federation,+1-632-068-2455x9686,001-297-426-0190x0529,glennwarren@stone.com,2020-02-01,https://www.rasmussen.com/
aeCDFAEf2b73b1b,Gregory,Hensley,Stevenson Group,Downsside,Saint Martin,6188767239,1146938951,rushanita@hardin.com,2020-07-15,https://www.galloway.biz/
AF693CE1dFfC7ca,Devin,Guerrero,Mcneil PLC,Parkerland,Seychelles,(004)386-7171x42814,791.074.7728x744,sydney91@shaw.com,2020-10-30,https://www.whitehead.com/
26cEE7e6f11d481,Ashlee,Galvan,Sparks LLC,Stacyfort,Hungary,4627188255,(021)520-1699x32183,erikwagner@melendez.com,2021-11-04,http://www.sutton.biz/
beb2e3EcBEaCFce,Geoffrey,Cunningham,"Cowan, Chen and Guerrero",New Brandonside,Mongolia,027.878.8740x321,+1-174-652-0401x4685,dominique08@atkinson.net,2021-10-22,https://www.horne.com/
5c68658b1cF974c,Samuel,Rosales,Lewis-Frey,Mathewstad,Liechtenstein,+1-574-425-1980x868,001-201-402-1878,ugeorge@barrera.com,2022-05-12,https://www.hines.com/
badfbbcD8EC3f16,Audrey,Escobar,Brady-Taylor,Port Greg,Mayotte,+1-630-541-6954x2007,847.303.7671,swarner@young.com,2020-07-26,http://www.mckenzie-mahoney.com/
E9D6db133f3890C,Raven,Bell,"Harding, Mcpherson and Montgomery",North Cody,United Arab Emirates,882-717-3473x56100,(415)270-8564,carpenterjeff@gomez.net,2020-12-19,http://www.warner.org/
647b41Fb4A6AAC5,Melanie,Hendricks,Warner-Barnett,East Geoffrey,Marshall Islands,6944737546,974.434.1636,ckelley@church.biz,2020-02-07,http://parrish.com/
aFBac5C2cAA33bC,Seth,Dickerson,Barber LLC,Carneyshire,Jordan,+1-009-474-3721x68920,282-240-1873x64500,vmiddleton@zimmerman-hensley.biz,2020-06-24,https://www.hardin.com/
B268Ba3AacadA5f,Carly,Chang,"Barnett, Campos and Gates",Lake Andrestown,Iceland,468-759-4108x265,001-867-992-0613x110,guzmancatherine@coffey.com,2022-01-30,http://acosta.net/
35A65Ae488863Da,Mckenzie,Ponce,Vazquez Ltd,Lake Dwayne,Cape Verde,113-307-7903,768.662.4692x88411,paigecalderon@berger-black.com,2020-12-13,http://haas.info/
DbE634fd0B4d8FC,Larry,Sawyer,"Mccall, Padilla and Woodward",Port Carrie,Bulgaria,001-615-631-4552x37599,(353)522-3641x7791,cholder@mccarty.com,2021-08-14,https://burke.com/
5B1655074726fEE,Hannah,Nunez,Owen-Dillon,West Sabrina,Afghanistan,229-207-8768,(963)916-8359,laura13@parker.net,2021-04-27,https://www.ryan-castillo.org/
8feF496A4A4ea2b,Sheri,Stein,"Sandoval, Richard and Conner",Port Bettyburgh,Albania,626-151-5025x11371,205-062-4113x30726,bradleyjeremy@wu.biz,2021-05-23,http://www.rodgers.com/
B14CA096FFd34Ba,Colin,Garrison,Lowe and Sons,Lynnside,Portugal,(182)783-0273,759.294.4276,deaton@washington.info,2021-08-09,https://pope.info/
354E5025f9FBCEd,Joanne,Daniel,Bryan-Dennis,New Ivanton,Panama,393.291.9907,564-308-2142x3166,rhunter@macdonald.org,2020-05-13,https://vasquez.net/
06AF0bC4EfbFcf7,Sonya,Brady,Kane-Schwartz,Steveside,Bermuda,300.552.8039x23004,+1-593-299-7352x24740,uromero@moran.info,2020-03-26,http://www.carpenter.com/
Ce1A8C45615e081,George,Fry,"Valentine, Campos and Zavala",West Jerome,Macedonia,245-161-1721x58647,001-930-718-6148x0133,cervantesmia@blankenship.info,2020-06-20,http://www.aguirre.com/
eC1CaEb01a824EC,Cheryl,Good,Robertson LLC,Boltonfurt,Guadeloupe,(996)481-2349,293.563.2558x12375,jparker@navarro.com,2021-10-04,http://farmer.com/
FbEceE9E7Ad57a5,Shari,Ellis,Haas-Adams,Savageburgh,Botswana,+1-198-508-7259,(791)605-7206x578,alam@powers.biz,2021-09-26,https://fischer.com/
c25EFD17AA14f0C,Clifford,Sampson,"Larson, Stanley and Sanford",Lake Shawna,Macedonia,001-094-057-9749x47750,2909422703,rcabrera@sloan-ho.com,2020-12-29,https://rogers-villa.com/
740FAC486dfA13f,Ronald,Larson,Beard PLC,New Kellistad,Serbia,570-320-8921x519,572-764-1244x016,smallscott@moss.com,2020-08-05,https://turner-sutton.com/
bf25eA68C8F5A0A,Adriana,Pittman,"Bennett, Moran and Bridges",West Briannaville,India,(682)028-5101x9375,928.856.2138x75019,christinebenitez@howell-oconnell.com,2020-09-03,http://holland-bolton.com/
C90dfe2E88e36c1,Norma,Valenzuela,Mcfarland PLC,Port Clintonmouth,Ukraine,966-161-8867,888.335.2002x5228,hornjavier@hanson.com,2021-10-25,http://www.hart-whitehead.info/
BC59b8D343Dd339,Jeffrey,Huynh,Patel-Landry,Lake Mackenzie,Bouvet Island (Bouvetoya),729.269.0542x4675,+1-684-760-4981x933,ronaldwarren@friedman.net,2020-10-27,https://www.wolfe.net/
4074461C1abdbE3,Tina,Galloway,"Bird, Fox and Houston",Port Glendaland,Pakistan,9754745347,450.961.9090x5803,rick04@allen-foster.net,2021-11-21,https://www.munoz-chen.com/
Fcf8da8eCA6B825,Karl,Barron,Fisher-Chapman,Kimside,Morocco,1986634320,144.099.5421,figueroacarmen@cardenas.com,2021-01-12,http://www.villanueva.com/
dE2b1c421ECAeAb,Mia,Poole,Burgess-Odonnell,New Michelehaven,Fiji,+1-354-723-1092x033,704.662.2004,xthompson@aguilar.org,2021-12-22,http://www.downs-brady.com/
E53C852Bd3Aa11a,Laura,Bartlett,Norris-Lynn,Lake Paula,Guyana,484.544.0185,(809)600-9648x34899,clarkdakota@barrera.com,2021-11-07,http://www.mason.com/
F0AeB1FaEcA9f12,Jesse,Hanson,Velez Inc,West Kristi,Martinique,(552)396-3653x799,(574)377-2734,cherylpalmer@weber-gates.com,2021-06-14,http://tucker.com/
0aBcbaD0A4f8573,Darren,Cisneros,Hoover-Bowers,Port Catherine,Korea,9480260079,014-555-0398x0232,melaniestuart@ferguson.com,2021-02-06,http://www.brooks.com/
af20a06ceFf8C58,Cassidy,Potter,Leblanc-Hoffman,East Shirleyside,Iran,001-245-854-0510,+1-020-893-9311x953,imcmillan@clark-turner.net,2021-12-04,https://www.powers.info/
4C69642aceA8616,Helen,Walton,Curry Inc,South Shari,Congo,091.789.9992x8451,818.526.8143x8538,proctormarcus@dominguez.org,2021-03-04,http://www.stone.info/
CB9Ee7105dCbc26,Krystal,Mayer,Hogan Group,Carrieberg,Timor-Leste,239.061.8278x142,640.351.9188x96150,ronaldbullock@cain-watkins.biz,2020-05-04,http://davila.biz/
fA0e2E2ABE8b1CE,Darin,Alvarado,Patel-Shelton,Jimbury,Rwanda,(920)592-1541x15341,891.812.3686x67951,jerome38@gibbs.net,2020-06-22,https://choi-shah.com/
ce0bCeb4e42f2B4,Raymond,Rush,"Spencer, Bowen and Crawford",South Annchester,Christmas Island,7470169517,+1-792-374-1111x223,ronaldbennett@gregory.com,2021-09-10,http://www.moses.com/
c29De5bE137A69C,Alvin,Nielsen,Palmer-Robbins,Velasqueztown,United Arab Emirates,001-913-838-9920x570,883-338-8121x209,mcphersonashley@rios.org,2021-12-02,http://www.bennett.com/
c38Ad57cB249eFd,Michael,Reeves,"Watkins, Shea and Noble",Chavezchester,Saint Barthelemy,+1-383-314-4733x17344,001-157-823-6861x860,megancherry@kemp.info,2021-11-26,http://oconnell-yang.com/
aBbddcDd5B1e57E,Mia,Shah,"Ochoa, Beard and Guerrero",North Warrenport,Madagascar,967-579-4549x1491,001-300-617-7306x56607,efrey@campbell-ritter.org,2021-03-24,http://www.harper.biz/
4c0776B2c1996Ce,Molly,Andrews,Benjamin-Bolton,Caseburgh,Comoros,701.314.9096,+1-147-807-8439x33374,angelica22@miranda.info,2021-01-04,http://www.macdonald-guerrero.net/
daaC8C1AC11BcaC,Chad,Rojas,Dunn LLC,Sharphaven,Vanuatu,+1-474-061-1320x89185,(769)312-4981,lloyddesiree@pacheco-vaughn.com,2021-03-27,http://harris.biz/
4bf5ABF20f3b8B1,Mercedes,Crosby,"Gates, Craig and Whitehead",Levinetown,Grenada,001-053-346-5340x71001,491-542-4153x10037,phyllis70@stanton.org,2020-04-15,http://www.sanford.com/
cc4AF4bDAedc57d,Elizabeth,Avery,Maddox LLC,Sarahmouth,Guernsey,739-055-7614x58257,001-480-830-4807x690,joanna87@morales.net,2020-11-12,http://www.faulkner-nielsen.org/
fE327893b742CdF,Kathy,Hale,"Holloway, Weeks and Middleton",Port Tiffanyview,Tuvalu,4149519853,(607)643-4319,rhodesjon@cummings.biz,2022-01-13,http://www.mcdowell.com/
7aa0bBb2c8afBfc,Robin,Bernard,Hayes-Conrad,New Bob,Macao,+1-179-164-4027,(566)245-3647,pbentley@jensen-marshall.org,2020-07-30,http://www.manning.com/
7ffAA1E07F46DBC,Toni,Buckley,Joyce-Mclean,Annettebury,Kuwait,652-723-7059,(525)327-7085x37977,penny51@murillo.net,2021-06-30,http://www.benitez.com/
4f610f6dFaEEc2d,Carl,Bowers,Boyd-Kane,Pedrofort,Macao,+1-179-081-7854x918,4625387594,ethan09@orr.com,2020-05-21,http://watson.org/
e71B43A66df8636,Bill,Mcconnell,Wolf-Gonzalez,North Mariah,Honduras,+1-246-033-4748x494,+1-197-051-6862,dunlapdeborah@olson.com,2020-12-09,https://www.donaldson-fernandez.com/
4d88a544Fb359e5,Kurt,Richard,Osborn-Kramer,Wayneberg,Liberia,(606)129-2097x4912,586.949.9890x876,mcdanielkylie@mullins-fletcher.com,2021-07-12,https://www.santiago-richards.biz/
19B8bA4a0b7D6Ff,Dalton,Harrington,Conrad Inc,Jimmytown,Pitcairn Islands,334.409.1054x107,247.408.8290,kelseybray@ward.biz,2021-10-08,https://www.clayton-phillips.com/
dF6AeDc714Ce39e,Janet,Mcmahon,"White, York and Scott",North Candice,British Virgin Islands,489.196.0786x88453,618-578-7438,clementsrodney@gregory.com,2022-05-11,http://lee.info/
F5Ffd5A23f12d68,Jose,Mahoney,Logan PLC,Alvaradostad,Ukraine,(955)614-8163x64020,001-779-602-9437x100,gmcgrath@melendez.info,2020-06-13,https://stout-cantu.com/
3B6FEB4DC7FA6B2,Heather,Higgins,Luna-Hampton,Anthonyview,Sudan,914.966.3356x726,426-118-5249x006,lyonskirk@barrett.com,2021-06-13,http://www.diaz.org/
eCBaf733F3bCB28,Jackson,Hodges,"Butler, Singh and Montgomery",Lake Gregg,Cape Verde,100-709-0573,(883)620-3883,crystal91@fields.com,2022-03-23,http://www.greer-macias.com/
4b67bfFCAe4853A,Mathew,Proctor,Mcneil Ltd,Hoshire,Sri Lanka,(847)740-0284,(099)798-3345x631,pconrad@hendricks-frye.com,2020-03-11,http://www.carson.info/
Dd543AddaA3fC82,Paige,Cooley,"Montgomery, Gentry and Booker",North Darylfurt,Samoa,691-974-0580,+1-536-733-6796x460,lonniesnyder@hart.com,2021-10-13,http://www.lane.com/
c672a7Ec1652ddd,Whitney,Rojas,"Crane, Hebert and Velez",Port Bradleyland,Iran,(761)590-7983,001-663-320-0183,lovemaria@shepherd-mcfarland.net,2022-04-16,http://bullock-stevenson.com/
12f9Ee9f736Ae49,Julie,Bean,Haney and Sons,Mckinneyberg,Honduras,(439)698-5476,(735)410-3198,tyrone18@walton.com,2022-02-23,https://vincent.biz/
4bFE54FbDef41bb,Tiffany,Mata,Andrews-Gentry,Barreraberg,Ethiopia,+1-884-460-1194x799,(032)977-9608,howard62@morales.com,2021-09-30,https://robinson.biz/
deCf41e6dE5A2EE,Antonio,Morrison,Morris-Mora,Julianside,Serbia,001-581-578-3474x71536,001-357-336-9093x902,kochbrendan@walter.biz,2021-05-26,http://arroyo-hayden.net/
85DdA1C16E698b1,Cassie,Pugh,Cherry and Sons,Shawnaport,Saint Vincent and the Grenadines,(210)649-5550x6742,343.722.7375,jo26@jackson.biz,2021-04-19,https://wilkins.com/
7B4F36a6219AC88,Aaron,Fritz,Lawson-Stanton,Carlyburgh,Bangladesh,001-501-747-1945,(086)859-5884,pollardkirk@french-rios.org,2020-10-05,https://singh.net/
7dA33Ad5c070D88,Colton,Zavala,"Flynn, Joyce and Nunez",Hayesfurt,Northern Mariana Islands,891-987-1874x3280,001-790-373-0047,gjohns@faulkner.biz,2021-03-21,http://www.ball-lynch.info/
CB0dFD3dFEFC89D,Clayton,Spence,Hicks-Hoffman,New Sergiohaven,Samoa,7437891008,624.970.7671x3047,kayleemorrison@smith.com,2021-01-17,https://www.rose-farmer.info/
F190def0c97C7fb,Ethan,Armstrong,Chambers-Madden,South Cherylview,Netherlands Antilles,240-530-6553x6812,001-312-569-9249x709,carla40@graves.com,2020-02-20,https://www.adkins.org/
b56DBfAb47B35c4,Lindsay,Ware,Hayes-Mcknight,Osborneton,India,334.480.9751,744.007.5355,shepherdconnor@noble.org,2020-08-01,https://fitzpatrick.biz/
77a4010b05bcB88,Kayla,Becker,"Farmer, Page and Mitchell",Rubenchester,Mauritius,(372)987-6807x35078,(654)549-1267,leonard46@spencer-patrick.com,2022-04-13,http://ray.com/
199d7c0dEbF3Fcb,Kaitlin,Koch,"Benjamin, Mendez and Wyatt",Traceybury,Yemen,5985344385,978320463,mistycopeland@rich.org,2020-11-13,http://mccormick.org/
ABCFefFaDAc5F2C,Judith,Abbott,Potter-Haney,Lake Evanberg,San Marino,(803)522-0695,8758726874,alyssajuarez@villanueva.com,2020-04-14,https://gates.com/
24DF0dC6b6EeAE5,Nichole,Myers,"Savage, Norris and Cobb",South Alejandro,Malawi,(220)613-6307x620,001-823-120-3272x439,evelynriddle@hays.com,2021-03-21,https://www.glover.info/
f3831cb4cbeFB2e,Rodney,Sparks,Cabrera PLC,South Alan,Wallis and Futuna,(162)929-4966x02329,+1-243-393-6517x549,fitzgeraldsandy@oconnell-rollins.com,2021-10-08,https://www.greer.net/
53c9b7C7960c594,Mia,Frank,Kennedy-Hernandez,East Kent,Kazakhstan,803-737-2720x890,+1-229-586-3815,gabrielalloyd@castillo-hahn.com,2020-10-19,https://www.foster.com/
885A7dAce0dA79B,Erin,Garza,Hood-Mccullough,Neilchester,Mozambique,881.134.2411x4296,966.783.0784,chloe03@kelly.net,2021-08-04,http://dawson-bryant.com/
c93Ca9Fc97D3Dec,Daisy,Parsons,"Burns, Lewis and Heath",Hollyshire,Seychelles,001-182-029-8074x6435,+1-107-148-1316x61831,connieheath@young.com,2020-05-01,http://www.strickland-lawson.org/
d53ABB60D6CeafA,Brady,Meyers,Bonilla LLC,Guerreroville,Sri Lanka,001-338-653-8914x59043,+1-953-565-1936x678,jeremiahirwin@pineda.com,2020-09-06,https://gillespie.com/
57BFEbD5cEe9b05,Tabitha,Clay,Riddle-Barr,Lake Shelbyport,Burundi,122-863-8708x39443,243.114.9963x439,santanabecky@tran-case.com,2022-05-19,https://www.chang.com/
d8a98D97cA9b28D,Arthur,Mcneil,Duran LLC,New Cassieport,Nicaragua,001-152-019-5011,+1-319-913-7454x410,michelle87@mercado.com,2020-09-16,https://hood.com/
1c9a263AD556aa0,Ryan,Fleming,"Simon, Galvan and Gentry",Amandaburgh,Kiribati,(254)815-5542x846,(639)827-6520x1293,qesparza@tran-compton.com,2020-12-18,http://rhodes-reyes.com/
10b5C2a97173CBB,Kelly,Soto,Brewer LLC,New Emily,Peru,(804)038-8673x17358,+1-970-215-5008,mschultz@roman.com,2020-05-16,https://hopkins.com/
52FDe6b6B8a0cDe,Ralph,Orr,"Flynn, Richard and Buckley",Meyermouth,Oman,+1-741-939-1850x179,549-240-8979x05631,amontoya@cruz.com,2021-11-12,https://mclean.com/
8Bb66a004b0BF0a,Robin,Potter,"Chan, Waller and Chaney",Mathisport,San Marino,001-826-813-6429x3891,167.586.0435x946,freemantravis@norman.net,2021-01-19,https://torres-medina.com/
1332679d9CBD83D,Glen,Stevenson,"Hodge, Long and Maddox",North Terriberg,Iraq,869.960.0800,758.792.0275,martha18@holland-robles.org,2020-11-28,http://www.owen.com/
0F22271c8046fc3,Gloria,Kidd,Mack Ltd,New Carol,Tonga,2223600964,+1-049-985-5194x4283,rebecca56@taylor-acosta.info,2020-04-23,http://castro.net/
eB2d1F0Ad43BE9C,Alexis,Hudson,Weiss-Bishop,Connieborough,Saudi Arabia,083-799-8295,7019741888,donovanruben@shields-bartlett.biz,2021-07-27,https://www.warren.org/
C4D3fBcf566bC03,Sandy,Eaton,Black-Rollins,New Kayla,Holy See (Vatican City State),054-134-2405,(123)421-8036x026,vblackburn@downs-melendez.com,2022-05-05,https://leon.com/
af942C3Ee279EFE,Jacqueline,Odonnell,Estrada-Krueger,Garrettmouth,Vietnam,001-710-729-4911x2252,(012)430-5025,anita47@nelson.org,2020-03-09,https://koch.com/
AC659ad8401f270,Chelsey,Anderson,Tanner-Hickman,North Arianatown,Kiribati,6181150128,+1-565-941-7439x5162,louis05@jackson.org,2020-09-09,https://www.bailey.info/
44CeeBEfb6d09A8,Jaime,Hardin,Bryan-Velazquez,Charlenehaven,Chad,+1-724-812-5924x2800,707.430.1855,clairehanson@jimenez.biz,2021-01-22,http://www.madden.org/
Eba37be7cFc9abf,Judith,Hardy,Liu and Sons,South Makayla,Korea,822-114-1488x08789,(324)290-9078,colemanjennifer@colon.net,2022-03-12,https://juarez.com/
9A32945a97f55a4,Alexa,Chambers,Raymond-Huerta,West Justinton,Malawi,011.712.0179,001-294-280-0827,brady58@rios-gardner.com,2021-03-02,http://haynes.com/
1fE2c9DfEa1bF3a,Randy,Morton,"Colon, Compton and Booth",Port Carolborough,Bahrain,562.780.1287,001-568-013-2710x69644,mortonjermaine@hogan.com,2022-03-06,http://peterson-glenn.org/
a4F3ABf15aC5af0,Mark,Orr,"Odonnell, Hunter and Sanchez",Port Lauratown,Venezuela,606.359.9955x800,9453305908,fbarnes@burke.net,2021-05-05,https://www.drake.net/
CF8c080EFdAEB7F,Bobby,Hood,Elliott Group,East Tammie,Cote d'Ivoire,704-740-1555,781-668-0262,jesus53@finley.com,2020-04-30,http://www.berg.com/
cc8ca6FDE8bc4db,Darius,Hanson,Huber Ltd,Chenbury,Sweden,+1-545-118-1153x151,062.302.3458x310,bkaiser@mccall.com,2020-12-22,https://www.mcconnell-guerrero.com/
FFbA6930F97B9ce,Adriana,Cortez,"Cochran, Dougherty and Bishop",Skinnermouth,Chile,038.719.7686x728,(531)142-9214,mathewswanda@poole.com,2020-10-08,https://guerrero-rhodes.com/
7BAa156aa6B79c4,Derrick,Taylor,Gallegos PLC,Juarezburgh,Oman,859.802.7786,001-218-035-9496x319,melanievelez@gaines.biz,2022-04-27,http://www.page.info/
D7fCB4AeCb40E54,Rickey,Downs,Snyder PLC,East Judy,Singapore,+1-762-161-9193x264,+1-574-184-3311x73975,cristian03@vasquez.com,2022-05-09,https://schroeder-bray.biz/
Ab5A877dB5866bE,Maria,Mullen,Heath-Merritt,Dustinfurt,Netherlands Antilles,001-000-547-8099x273,(389)800-5956x13252,ufrench@tate.net,2020-03-02,https://www.powell-jackson.com/
b1c4F3fA04D5d6a,Caroline,Harding,Hardy and Sons,West Franciscoview,Zimbabwe,327-833-2164x340,346.973.4578x2525,kendra51@pratt-gibbs.com,2020-01-24,https://www.chambers-ray.info/
c536DfBfadbD431,Debra,Morgan,"Schultz, Richmond and Giles",New Sherrimouth,United States Minor Outlying Islands,522.669.4062x762,(453)260-0586x6279,kimjackie@chang-logan.com,2022-02-03,http://www.white-rush.biz/
e19FFEdde6fAe63,Jodi,Swanson,"Faulkner, Mosley and Hobbs",West Alec,Serbia,+1-192-465-1192x57838,427-490-5104x3918,elizabethpadilla@schultz-thornton.biz,2020-08-24,http://alvarez-fowler.com/
1c6A735B9fbCA0a,Teresa,Boyd,Barajas Group,North Jerryberg,Guadeloupe,001-669-517-2589x2457,001-575-923-1260,pam59@wells.com,2021-01-31,http://proctor.com/
B8b23AFcf2aC211,Bruce,Daniels,Valdez-Paul,Sellersview,American Samoa,9991408435,360-226-2807x7173,xperry@rich.net,2020-08-07,https://www.landry.com/
f57eDD9101aD737,Mikayla,Lutz,Herman Ltd,Vickieside,Kenya,001-256-524-7975x8997,467.801.8833x67445,ocombs@peck.com,2020-11-11,http://www.higgins.com/
8D56C41cEDD7fba,Sherri,Hunter,Santos PLC,Lake Douglas,Croatia,+1-594-593-7132x27679,576-660-1577,czuniga@oconnor.com,2020-07-12,https://www.smith.com/
b7D3C18449D5964,Jean,Harrell,Graham-Long,Johnathanside,Pitcairn Islands,526-398-6941,+1-158-525-9140x0064,joeandersen@costa.net,2020-07-19,http://www.castro.info/
AB2EDb72c2AcD24,Kristen,Dunlap,Gordon and Sons,Billyberg,Western Sahara,+1-823-640-1196x567,(091)806-4617,makayla42@carr.com,2021-11-24,https://www.cuevas.info/
1fA31A6FFeF4b1a,Sheryl,Bentley,Bridges-Wilkerson,East Brendafurt,Switzerland,720.814.9843x619,001-318-276-1988x799,petersjim@davidson.com,2022-03-31,https://hooper.com/
97aF7BaB0Bee621,Melvin,Duke,Levine-Kline,East Mathew,Niger,(268)239-6829x2059,790-754-2422x8206,lwoods@black.com,2020-09-12,http://velasquez.com/
4E6fcBD8C5CBFB4,Alec,Morse,Braun and Sons,North Greggborough,Liberia,6774356780,+1-386-975-3545,frankbrendan@dean.com,2020-05-02,https://www.fox.net/
D1fD4Fdcffa7A9A,Pedro,Herman,Silva LLC,Port Cristian,China,+1-436-086-8884x6052,793.295.4048x69900,lmurillo@matthews.com,2021-07-08,https://kent-jones.net/
6dD1659A6CDC3F7,Joyce,Robles,Lane PLC,Silvaport,Iran,001-268-180-7682x2159,001-939-453-4769,rittermeagan@beasley.com,2021-12-19,http://www.salazar.net/
c64a70921DbcdC6,Tanya,Madden,"Brennan, Rowe and Coffey",Johnathanshire,Lao People's Democratic Republic,(557)451-2669x88517,(089)221-1834x0355,louis40@erickson.info,2020-11-12,https://www.brewer-davidson.com/
d2818dAEDf74bA8,Jermaine,Pope,Farrell-Reynolds,Oneillside,Somalia,(200)410-1107x339,400.727.3268x172,onewman@rocha-juarez.net,2020-12-28,http://ayers-zimmerman.com/
039Da58df1aEC3c,Annette,Arnold,"Trevino, Knox and Salazar",Sherrymouth,Guadeloupe,516-776-5797x17107,773-466-1205x8708,jblevins@potts-wilkerson.com,2021-11-06,http://glover.com/
Bf9cE8DF3BF0FBE,Brandon,Stafford,"Carr, Kidd and Harmon",East Shelleychester,Dominica,001-117-027-6980,001-748-014-9457,dorothyburke@norris.biz,2020-12-08,http://sellers.biz/
bD88bF8a8AeF84F,Mary,Doyle,Grimes-George,North Virginiamouth,Portugal,252-883-5477,+1-650-278-1163x0435,drakekaylee@meyer.info,2021-07-05,http://www.gill-barnett.org/
1Bf4e60572D22Ce,Angel,Blake,Dawson-Pugh,Shafferchester,Afghanistan,+1-756-720-6697x0527,8495014103,laurie32@hendrix-forbes.com,2020-01-31,https://www.robinson-ramirez.net/
7BdAD4caC4B42c8,Gavin,Jordan,Harding Inc,Williamsside,Egypt,001-975-670-4244x77434,001-745-831-2422,cesardecker@carrillo-williamson.com,2021-03-26,https://warren.org/
3fa9C24b27FebF1,Logan,York,Cooper Ltd,Hancocktown,Guam,001-040-169-1991x756,+1-675-471-1235x49725,gmalone@meyer.biz,2020-09-13,https://mayo.com/
C7cecB4891C117B,Marilyn,Reynolds,Keller-Dawson,Townsendland,Hungary,(688)439-8804x1225,012.065.5147x3211,muelleradriana@clements-colon.com,2021-08-08,http://leblanc.com/
DAc93015af49d8A,Deanna,Delgado,"Jensen, Joseph and Rowe",Weberstad,Denmark,214-762-6994,(216)457-1469x5478,dominiquemcclain@harris.com,2022-04-16,https://sanford.net/
Db7f4FdcAe73ecC,Andrea,Cantrell,Harmon Ltd,Lake Michaela,India,(531)455-8818,001-097-638-7760,nicoledelgado@kane.com,2021-08-04,http://www.morton-ortega.com/
7F72e6cdC0f97Bb,Melody,Mendez,Mcfarland PLC,Port Saramouth,Svalbard & Jan Mayen Islands,769-496-7419,954.531.0101x3193,lmaddox@delacruz.com,2021-04-12,http://www.rosario.com/
D9E20694A3E5B84,Kevin,Reese,Gill Group,East Brianhaven,Dominica,784-205-7458,(854)165-9192,philip86@steele.net,2020-05-04,http://tran.com/
4bfF36330eA6A0A,Emma,Woods,Bishop Ltd,Brianville,Tajikistan,644.027.8365,(357)775-5149x225,kristyrichardson@warren-walsh.com,2021-10-08,http://www.leblanc-newton.com/
3cAbe3aaCbc9eb9,Suzanne,Landry,Pittman LLC,New Mario,San Marino,(640)966-8261,158-686-4225,tbowen@foster-soto.info,2022-01-19,https://www.paul.com/
fe4495CdC31DFb1,Shelley,Pacheco,Hickman LLC,Port Isabelfort,Mozambique,85373519,(011)471-2810,kerry08@randolph.org,2021-02-22,https://www.shepard.com/
a1b1fE22c26AE2f,Rebekah,Branch,Mcgrath-Alvarez,Leonardchester,Lao People's Democratic Republic,296.432.1556x8710,(544)113-1837x084,selenaterry@cooley-arnold.com,2021-09-28,https://www.meyers.com/
1b076CCfF31D7Fe,Diane,French,Osborn-Cordova,Isabellaburgh,Azerbaijan,(710)912-9384,001-026-942-3628,darlene07@randall.com,2021-08-12,http://fletcher.org/
E5b5Bf2DBfcE824,Andres,Combs,Patrick Inc,Port Selenaborough,Taiwan,001-235-315-3625,(494)290-2579x338,vhaynes@wise-fritz.com,2022-01-08,http://medina-norton.com/
b516df3a7b70b9C,Clinton,Macias,Barker PLC,Tonystad,United States of America,233-829-5526x50301,983.339.5259x22425,qashley@schmitt.biz,2021-10-29,http://www.hampton.com/
84eC0b6Ed3CF38f,Tammy,Mckay,Caldwell-Friedman,Kirkfort,Central African Republic,386.260.3594x21460,(200)175-7165,theresa53@arellano.org,2022-03-25,http://www.rubio.com/
Eee44fD22E0B7D0,Cathy,Ellison,"Wilkins, Gross and Goodman",West Perry,Svalbard & Jan Mayen Islands,001-646-827-0664,370.890.2424,mike23@merritt.com,2020-11-14,http://www.lara.com/
97364A19dfdBEea,Joseph,Vang,"Mullins, David and Avila",South Jeanneview,United States Virgin Islands,(566)305-4518,(543)627-5289x98168,garycline@sexton.com,2020-10-05,https://sheppard.com/
D4B3EbDbeBAa231,Roberto,Callahan,Pennington-Shaffer,Spencerton,Jordan,+1-768-924-9519x824,001-158-054-3975x7706,qbaxter@burke.com,2020-03-20,http://www.bray.com/
52aC7BadBdD4823,Phyllis,Hatfield,Montes-Bradford,Port Alexisside,Moldova,6137332375,976.302.2855x34054,wigginsnatasha@compton.org,2021-10-26,http://www.oconnell.com/
AcBbeCc0A66D2C1,Samantha,Church,Woodard Group,North Ginashire,Holy See (Vatican City State),196-578-5878x7522,(517)947-0113,wclayton@carroll.org,2021-07-23,http://sampson-cooke.com/
8f22c9cA5a0bac0,Kim,Terry,"Vargas, Roman and Washington",Port Sean,Solomon Islands,438.732.2394x185,7579914194,espinozamelissa@gutierrez.org,2020-04-01,https://underwood.com/
3e8e788F52b4D8d,Cindy,Flynn,Harding PLC,Lake Alec,Portugal,231.119.3704x6558,996.034.5024x7710,pearsonsharon@velazquez.com,2020-04-22,http://mcintosh-bruce.com/
cB352926e6120A6,Samuel,Duarte,Craig Inc,New Angela,French Guiana,706.424.6408x013,4407540208,felicia65@frederick.info,2020-01-25,https://mcgrath.net/
A3aAabCdAe9A1da,Gabriella,Osborne,George-Stout,New Lorettatown,Bouvet Island (Bouvetoya),001-156-113-9798x196,001-560-779-0245x408,hollyhensley@hunter-mata.info,2020-05-15,http://shaw.com/
b6c9bc7E8Ded8BD,Caitlin,Schneider,Hickman-Carrillo,Oscartown,Dominica,001-251-109-9212x551,+1-073-775-0299x263,renee98@harrell.com,2021-08-24,https://hubbard-howard.com/
8DB35f10bba81DB,Beth,Lamb,"Higgins, Dorsey and Adkins",Weeksburgh,Fiji,(894)217-3043x561,9143019199,ylindsey@mckinney-ali.com,2020-03-12,http://cruz-hudson.com/
3AD32Dab554fcaD,Kyle,Jefferson,Farley-Mcgrath,Lorettatown,Australia,435-303-9388x292,(703)354-0004x2229,natalie51@reid.com,2021-07-13,http://cole-melton.com/
0Bcc10Db76BaC9b,Brett,Alexander,Tyler-Dunlap,East Mckenzie,Samoa,273.460.7716,+1-193-006-7024,gmorgan@proctor-dillon.biz,2022-05-20,https://www.morse.org/
A54D024Bebd2Aa5,Levi,Barry,Hernandez Group,West Maxwellside,South Africa,937.668.5003x885,(770)378-2636x659,mollybaird@stephenson.com,2022-01-28,http://schmidt-horton.info/
B9EDf9fE373df4d,Gerald,Salinas,Moore and Sons,Micheletown,Montenegro,+1-622-637-0984x117,(957)190-5716,tcardenas@koch.com,2021-09-02,http://craig.biz/
ebf97da7Fa42BAD,Jeff,Leon,"Brown, Huang and Marshall",North Brooke,Ukraine,252.815.3339x004,001-745-715-0845x26067,scottbianca@gilmore.biz,2021-01-24,https://mcgee.com/
dB9EaFB87bAEfb9,Cynthia,Charles,Powers Group,Leeside,Costa Rica,(675)391-9476,(181)824-1948,xhinton@mooney.com,2022-01-07,https://www.berger-chase.net/
acC07bC711E68Dc,Marilyn,Knapp,"Buchanan, Shea and Travis",Lake Evelyn,Christmas Island,(689)679-5738,783-911-3385x26887,brendan65@house-esparza.com,2022-01-12,https://www.andrade.com/
eED91Fe6f1D6F7a,Jermaine,Atkins,Durham-Gibbs,East Kathleen,Malawi,001-102-207-4760x75511,+1-274-968-4442x5787,cordovamolly@lloyd.com,2022-03-07,https://www.knapp-ellison.com/
ebc09AA8FA8FaB0,Bianca,Lawson,"Owens, Bernard and Day",Marilynland,Saint Barthelemy,+1-354-626-7409x047,001-058-396-4956x817,calvinmata@richard-greene.com,2020-07-29,https://galloway.net/
07d7D6b224b1da6,Jack,Duke,George PLC,Lake Emma,Falkland Islands (Malvinas),7619109308,(247)328-8352x8787,ralph32@ayala.com,2021-12-30,https://parsons.com/
fF2AEa722BC012f,Jake,Chan,Sherman and Sons,New Gabrielle,Armenia,658.795.8763x37092,001-279-327-6321x21500,erik31@sullivan-hayes.biz,2021-01-16,https://davies.com/
947D9Db2F6e9Be5,Lee,Larsen,"Kirby, Owens and Hartman",Port Aimee,Bosnia and Herzegovina,5017880607,701.240.1949x33204,caleb83@cuevas-hickman.com,2021-11-02,https://walters.net/
Fb7B38BAF8039EF,Ronald,Conway,Holmes-Donaldson,Bryanshire,Anguilla,313-886-2163x28559,001-844-545-1404x259,brittanywells@hays-skinner.com,2021-03-01,https://dunn-cervantes.com/
03fCfEAabA5Ecf7,Jillian,Williams,Lynch and Sons,South Jay,Colombia,+1-198-604-0724,001-136-345-1499x53404,joshua74@silva.com,2020-11-09,https://www.mitchell.com/
9529A4dfB4B52Ef,Matthew,Hancock,Wolf Ltd,Katherineberg,China,088-852-3859,414.690.3859x9846,megansimmons@norman.com,2021-06-15,http://www.bradford.com/
7e5DFDD7dFE1BDF,Curtis,Hicks,"Mcfarland, Sheppard and Pineda",Lake Anthonyfurt,Chile,725-107-5500x62862,782.072.7071x164,agentry@rosales-james.com,2022-03-21,https://shaw.net/
f0bb2a55Ad3Aa69,Tara,Taylor,"Bullock, Arroyo and Kidd",East Gordon,Seychelles,(480)550-3577,128-371-7541,mckenzie40@schmitt.net,2020-07-08,http://www.choi.biz/
4FEEa0fF0e0Ac9d,Wanda,Mooney,Wong LLC,Lake Tabitha,Zimbabwe,(402)978-0268x737,001-818-873-4183x018,glandry@moody.org,2020-01-22,http://huffman-colon.com/
3AfEEA3D9f4F5dd,Rickey,Orozco,Buck PLC,West Deniseton,Congo,2830733103,+1-212-723-3775x191,normadavies@fuller.biz,2021-04-24,https://potts-ewing.biz/
5dcDfDA17Ea8cEF,Ryan,Fry,Randolph Ltd,South Chadview,Eritrea,+1-171-591-8361x310,816.762.8634x7602,ksavage@bailey.org,2022-01-17,https://lawson-case.org/
DEEAA04b41118F5,Gloria,Molina,"Morgan, Walters and Gallagher",Lake Kyle,Zimbabwe,(926)193-6444x73003,001-262-637-6744,gwendolynowens@pennington.com,2022-01-24,https://fox.net/
B6dBC8370Cbe4aa,Robert,Stark,Mayer Group,West Deannaburgh,Pitcairn Islands,(251)628-2353,8020461341,kimmcguire@estrada.com,2020-04-05,http://www.miranda-mosley.com/
C3Bd60F154D89eA,Shelia,Chapman,Eaton-Wolf,Lake Tyronebury,Martinique,856.984.7197,355.725.0195,barnettemma@zavala.com,2020-10-12,http://bean.com/
514d9F33d1af80B,Matthew,Kelly,Crawford-Carlson,New Tashaport,Lao People's Democratic Republic,200-030-7266,+1-517-723-4833x85762,valenciabrandon@lucero-stevens.org,2020-11-17,http://nunez.net/
93Eb9e9a68e3259,Spencer,Tran,Elliott PLC,East Nicholasmouth,Montserrat,001-266-692-3522,368.981.1019x54415,rhonda25@osborn-cobb.com,2021-05-05,http://www.henry-richards.org/
2cfCbDE516cE9E6,Michelle,Callahan,"Gomez, Walls and Baldwin",Lake Wesley,Cook Islands,583-159-2177x2515,560.958.9567,stacie74@stein-wolf.com,2022-02-17,https://www.mcpherson-hinton.info/
5AFaAfa26C3EBeb,Casey,Wilkerson,Welch-Zhang,Andrewborough,Yemen,(065)646-9215,+1-011-384-9629x09617,danduke@olson.com,2021-07-01,https://archer-lewis.net/
68BC2EE928C6D72,Doris,Erickson,Zavala Group,North Hollyland,Albania,112-785-6392x47727,001-329-513-1977x82944,kcasey@logan.net,2021-03-27,http://www.woodward-espinoza.net/
1CE0c8F2faEE040,Christian,Braun,Matthews Inc,Lake Jesse,Malawi,735-322-8767x6667,923-245-4970x81082,vchavez@figueroa.com,2021-06-21,https://keith.com/
60e9e40f260aaAB,Carl,Hayden,Franklin PLC,Chrisport,Norfolk Island,686.729.0984x6718,336-069-5015x270,casey45@maldonado.com,2020-01-09,http://clayton.com/
2E58f1A238abeDf,Mandy,Gilbert,Payne-Jennings,Danielleport,Saint Martin,9234120394,(159)785-3873x12167,karlacobb@davenport-powell.net,2021-08-15,https://www.barron-blevins.info/
d7Aec08D2fd9Bb5,Gene,Esparza,Brandt Ltd,Lake Geoffrey,Uruguay,903.744.1984x480,001-450-807-4203x676,wduran@zamora-burns.com,2021-12-28,http://morse.com/
0cd7CD6eF67CEE3,Alexandria,Villarreal,Nicholson-Fuller,Jacquelinetown,Zambia,001-785-325-1452x397,303-164-6955x070,charlenegregory@parks.com,2020-07-06,http://www.frazier.biz/
CF89d6ae45AAdFd,Sheila,Riggs,Mathews-Morrow,Blakemouth,Botswana,283.826.5324,001-155-483-7686x2974,lhuffman@hancock.net,2022-05-09,https://www.bush.com/
F6d0c75E3701EFa,Isabella,Stanley,"Ali, Carroll and Carson",Kristineton,Burkina Faso,605.169.5443,001-616-953-7751,morsehelen@fox-serrano.com,2021-06-10,https://sandoval.com/
2d47defdb02DF9B,Emma,Montoya,Jones-Valencia,East Joseph,Greenland,001-735-199-6461x123,073.146.5603x765,wshaw@walton.com,2020-06-28,http://rose.info/
adEe026b1Cd00dF,Donna,Anthony,Morton LLC,New Ashleyfort,Comoros,001-285-987-4114x00714,+1-621-243-5087x23670,yujasmin@armstrong.net,2022-02-08,https://reese-nguyen.com/
Ec185dEfBC9DEB5,Brent,Dickson,Galloway PLC,Averyland,Austria,474-604-9520,+1-945-411-1722x554,jonathanlynn@brock-baker.biz,2021-07-20,http://www.oliver.com/
ade6d5c948c6CBF,Janet,Wolf,"Blankenship, Hodges and Briggs",Frederickview,Algeria,+1-691-772-1380x1777,376-034-0412x1593,angel08@hickman.com,2021-06-09,http://www.weiss-yoder.com/
9f8DB43FFeC1Da4,Stuart,Ballard,"Fox, Ballard and Patton",South Randall,Ethiopia,050.688.5030x4460,001-727-531-6612x924,vaughankirk@hunter-chavez.com,2020-05-21,http://carey-parsons.com/
a50B86CDa6133ba,Selena,Benitez,Whitehead-Horn,Jasonview,British Virgin Islands,324-060-4423,(353)577-1870,xsparks@kirk.com,2020-07-19,http://www.houston.com/
5fF431B6F7D49fB,Dwayne,Cabrera,Everett-Valdez,Pierceborough,Western Sahara,049-240-6446x240,772-471-3751x9926,xmorrow@macdonald-newman.com,2021-08-13,https://sloan.com/
bC9488Da1bBDd21,Troy,Arias,Mcdowell PLC,Perryfort,Bolivia,044-179-0609x429,001-053-315-5770x96701,ladkins@parrish.com,2021-03-20,http://eaton.info/
1F1dB9afA5C0dEa,Adriana,Clark,Riley-Tapia,West Janefurt,Guam,311-903-6878x123,969-861-2386x8241,jacobwatkins@george.net,2020-05-28,https://velasquez.com/
43A12fAbBdd87D5,Brenda,Wolfe,Schultz-Bowman,Malloryberg,Grenada,+1-812-298-6965x20015,604.381.9493x32768,philip17@dickson.com,2021-01-29,https://www.mills-bryan.com/
Fd3c711ceFcf949,Kari,Blackwell,Briggs-Estrada,Port Juan,Lesotho,(386)152-0806,(309)175-0038x74405,lobrien@herring.com,2021-12-11,https://www.vang.com/
5dd4BC870E1eFac,Andre,Rocha,Bryant Group,Phamfort,Malaysia,+1-611-784-9310x19582,+1-440-354-1631x5535,heidi30@holmes.com,2020-11-21,http://conner.info/
4975BF68A04B6eb,Samuel,Steele,Ryan Inc,Christianstad,Nauru,886.951.6541x15376,(681)287-6246x847,clineclifford@cooke.com,2020-03-04,http://good.com/
34616EE42FC1aeA,Norma,Alvarez,Wyatt Ltd,New Melvinborough,Japan,774.852.8761x78970,565-081-2471x5617,ruizrichard@york-cummings.org,2021-02-22,https://alexander.net/
b2c4d976f8740Fe,Yolanda,Moss,Mcgrath and Sons,Carpenterland,Guatemala,001-290-309-3474x711,+1-224-357-8694x071,bboone@sparks-holloway.com,2020-08-06,http://garza-calderon.com/
99e3711ba06B94A,Timothy,Perry,Randall and Sons,Lake Cassandra,Togo,(801)315-8311x6874,685.879.0528x33358,malikbradley@pierce.com,2021-11-05,http://www.stokes-arias.info/
70f65f3fAb06177,Cindy,Christensen,Wong-Santana,Claytonhaven,Slovakia (Slovak Republic),907.142.0938x5120,001-030-375-6458x77875,nlam@brown.net,2021-10-11,https://www.hendricks.com/
d2F9EAFFD73E8A8,Bryan,Cisneros,Bullock PLC,South Rodneyfort,Thailand,099.610.6865x71660,539-232-3180x4283,cesarthornton@dennis.biz,2020-04-20,http://hickman-gallegos.com/
bb891f77e3487E3,Faith,Cantrell,Orr Ltd,Langside,Bermuda,(674)647-0825x5806,189.347.1699x609,ysanford@gill-benton.biz,2022-04-12,http://www.keith.org/
C3fa29b91d47A67,Valerie,Kemp,Estes Group,Lucerostad,Uzbekistan,001-893-151-4295x693,9612282978,edward22@duran.net,2021-02-16,https://hendrix.com/
16F0421Dd94C4fD,Cameron,Meza,Gardner-Bridges,Sawyerside,Brunei Darussalam,659-260-1914x196,+1-598-815-1270x26682,gordonandersen@duarte.com,2022-02-20,http://www.soto.biz/
a8fB2E2D94B0720,Candice,Heath,"Pratt, Gentry and Crane",Marilynside,Kenya,+1-995-903-8844x949,001-404-730-6018x77942,probertson@stokes.com,2021-07-05,http://www.middleton-floyd.com/
597df5C8A75B14D,Dale,Solis,"Knapp, Huff and Garner",Spencertown,Jersey,(027)060-5731,054.420.9064x49651,jorge56@mendez-nicholson.biz,2021-08-04,https://coleman.info/
D9ecedcc7bAA421,Joseph,Maldonado,Fitzpatrick-Bryan,Andrewschester,Afghanistan,157-955-9779,001-452-719-4324x95019,hayley95@sullivan.com,2020-10-06,https://www.terrell.com/
5cFBa4e648ebbbf,Adam,Castillo,Barrett Inc,Lake Dean,Hungary,784.212.3766x9454,374.743.1453,martintanner@meza.com,2021-06-14,http://best.com/
d7Aa0C4C34Ddcd3,Alec,Norris,Stokes PLC,Harmonmouth,Malawi,6101512865,790-735-6172x815,summerwaters@mcneil.biz,2021-04-12,http://dougherty.biz/
A043Ae9f07Cb9F8,Briana,Winters,"Buckley, Ware and Dixon",Vernonville,Niue,(879)494-5896,(096)169-3103,wwong@blackburn-holt.com,2022-03-10,http://johnston-orozco.com/
dE44bAA888d33cA,Grant,Lester,"Cortez, Armstrong and Kramer",Port Tamara,Brunei Darussalam,093.153.9376,001-757-770-9191x59816,lscott@mckay-oliver.biz,2022-05-15,https://www.conway-humphrey.net/
b95A1fD5BD9c84E,Erica,Hansen,Calhoun-Zhang,Port Jerrybury,Lebanon,7511846535,3205510029,hannahchandler@forbes.com,2020-12-19,https://mack-day.biz/
eAf3CAFB8b901e9,Ivan,Richard,"Goodman, Byrd and Kelley",Brianbury,United States Minor Outlying Islands,589-709-3105x981,(420)477-4657,strongmicheal@padilla.com,2021-07-23,http://www.bartlett.net/
25849e1cEe61b33,Isabel,Mercado,"Carney, Bender and Conway",Milesport,Iceland,723.425.4454x512,512.435.5225x901,archerkaitlyn@cannon.info,2021-09-06,https://mejia.com/
f827F8a1E2Eb66d,Dale,Farley,Chaney Ltd,Royport,Kyrgyz Republic,585-427-4028x263,336.348.0017x56018,courtneyknox@schaefer-bowen.info,2021-02-06,https://rowe.com/
1cACddd5C9eeed5,Kristy,Green,Montgomery-Hendricks,Aguilarstad,Turkey,978-625-6411x86358,001-200-913-0412,zkrueger@sandoval.com,2020-02-24,http://www.rosario.com/
7fC11D0Cf8aE5eA,Stefanie,Odom,"Petersen, Tran and Krause",Lake Gilbertland,Mexico,645-975-0013x58003,927-511-8361x495,murillogabriel@mooney-daniel.info,2022-05-05,http://stokes.org/
beA6eC6519cf152,Andres,Kemp,"Friedman, Mcbride and Robertson",Kathrynbury,Bouvet Island (Bouvetoya),+1-114-135-7474x8261,199.346.7262x81035,hensleykristopher@medina.com,2021-06-03,https://www.nguyen-berger.net/
5CD993B992DaDbB,Dakota,Franklin,"Guerrero, Cordova and Vazquez",West Ellen,Yemen,137-471-6943,(747)336-4360x959,fsalazar@adkins-keith.net,2021-08-20,https://www.guerra-costa.com/
beC6fF6CCAADd1a,Greg,Mahoney,Lambert-Lara,Lake Manuel,Bolivia,000-076-5119,649.120.5116x8471,ghartman@beck.biz,2020-03-04,https://www.fields-erickson.biz/
8Ed7A948d638a9e,Joanne,Vincent,Romero-Sawyer,Fritztown,Albania,288.906.4026,(026)872-9061x188,johnathangrant@snyder-peters.com,2020-04-20,http://www.arias.net/
efebFeAC314c9AE,Brian,Mcpherson,"Koch, Huber and Keith",Toddstad,Jordan,993.324.4495,725-850-8047,jay69@horne-simon.com,2021-04-12,http://www.haney.info/
61513B2BedFEccD,Latasha,Riley,Carr Ltd,Porterburgh,British Virgin Islands,546-000-6861x02901,093-450-2714x06322,anna60@barnes.org,2022-01-23,https://www.ryan-merritt.net/
Fe369197D5da88a,Savannah,Dudley,Benson-Lloyd,Port Clayton,Honduras,+1-476-625-4258,838.853.3018x954,mendozaroy@compton.net,2021-01-27,http://www.barnes-gill.net/
fa6a8a7bfB4dE52,Colin,Skinner,"Potter, Ball and Cherry",Penaville,United States of America,342-908-0660x705,2990684092,dillonbernard@johns-boyd.net,2020-04-30,https://www.gillespie.com/
EB4863cfe1241CE,Clayton,Hancock,"Oliver, Petty and Ryan",West Ericaview,Cocos (Keeling) Islands,(128)620-1975,863.151.3484x59297,calhountara@lester.com,2021-05-16,http://newton-ware.com/
CaceDdc7aBd7e6A,Austin,Shepherd,Salinas-Pham,Bonillamouth,Fiji,(876)120-5712,556.220.9826x071,yglass@stanley.com,2020-05-29,http://king-velazquez.org/
5cb9ac5d086CAF0,Tara,Pham,Hartman LLC,South Penny,Sweden,(940)719-4952,(331)873-4821x35339,barnettjoanne@hinton.com,2020-06-21,http://www.mathews.com/
737E34C6641E9cf,Haley,Andersen,Hoover Ltd,Davefort,Taiwan,634-053-6025,(294)018-9239x2553,jpeters@shaw.com,2021-01-04,http://www.sellers.com/
2dC6c713601d4Ed,Larry,Roberson,Cruz-Frost,New Cassandra,Montenegro,+1-149-247-4169x12324,027.256.2154x46824,marissa75@lewis.biz,2021-10-10,https://www.matthews-evans.com/
E3FC40625F4318f,Luis,Booker,Spence-Ballard,North Chelseychester,Central African Republic,868.292.4980x115,176.668.7577,tdorsey@short-hardy.com,2020-12-30,http://www.kelley.com/
5F19aB608503Df3,Amanda,Gould,Nolan Inc,Holdenhaven,Puerto Rico,525.655.4697,7000133727,eileenstewart@mercer.com,2020-09-02,http://www.baird-henderson.com/
e5Da750DaB9BbC1,Jon,Shelton,"Espinoza, Beard and Bray",Cochranside,Libyan Arab Jamahiriya,407-833-1373,(008)728-8174,bautistakellie@sweeney.com,2020-01-10,http://www.roy.com/
a665c3eafa64f0c,Rebekah,Vega,Brooks-Robertson,New Brianastad,Cuba,929.287.3088,3988011641,whiteheadcharlotte@khan-olson.net,2021-08-22,https://www.mahoney.com/
D5eb0D2875dCD7A,Brandi,Prince,"Maxwell, Rubio and Schwartz",Schmidtfurt,Costa Rica,523.913.2340x6908,(699)717-9753,dominic93@olsen.com,2022-05-20,http://roy.com/
bF67FEDfF32A0DC,Lee,Bowen,Hill Ltd,New Patrick,Madagascar,444-193-5315,(133)049-4309x18470,mliu@hurst.com,2021-04-04,https://bean-mercado.org/
278afF6dd4d474c,Brittney,Suarez,Frank Group,Mullentown,Palau,(033)961-2084x56361,449.373.5110x10837,jkaufman@cunningham.com,2021-02-13,http://johnston.org/
AB994f8b460F3ef,Francisco,Barber,Gordon and Sons,Lake Christian,Myanmar,779.853.7654x5672,139.079.8952,eblake@miranda.biz,2021-05-21,https://www.fox.com/
1EEaE5b39e6B5F7,Tina,Olsen,Lewis-Webb,Carrhaven,Lesotho,001-830-107-7589x14361,9093008190,jkhan@patrick.com,2021-06-07,https://cohen.com/
E9379eeC0e4c621,Mariah,Castillo,"Weaver, Bass and Cantrell",East Terry,Mauritius,2064191317,(427)170-6397x4274,candicehenry@berger.com,2020-04-16,http://www.acevedo.com/
eDdbcf3Cef7cFFe,Dana,Thomas,"Holloway, Berry and Brennan",South Meaganchester,American Samoa,7206651395,038-632-4229,summerball@beard.com,2022-04-18,http://hester-graham.com/
0Feb0fef25bAEe1,Dave,Medina,Palmer-Vincent,Hannahland,Timor-Leste,(394)981-2686,(553)689-3266x8728,jhorn@quinn-sosa.biz,2021-02-22,https://www.conrad.biz/
6c9eba9Aa2c86de,Ruben,Wade,Howard Inc,Ricardoton,Nicaragua,179-122-5563,+1-812-385-1697x232,alicia14@acevedo.com,2020-09-19,https://www.bautista.info/
F743b8cbbcD3e1c,Eric,Hickman,Hendrix LLC,Alfredburgh,Maldives,667.365.8506,+1-894-134-2859x248,tristanmckenzie@brock.biz,2022-03-06,http://gross.com/
8eDF7cC82d0Efa1,Bonnie,Lane,Patton-Huffman,Ellisborough,Nepal,+1-718-822-1426,588-614-0390x07256,odomwanda@hall-moran.com,2021-11-30,https://quinn.com/
E46e5aC532db578,Roberta,Underwood,Lambert Inc,Prestonville,Antarctica (the territory South of 60 deg S),1457391664,(581)091-6999x3420,steven99@acosta.org,2022-05-06,http://mclean.com/
05c6e3D55a93Ce3,Dakota,Chapman,Cochran and Sons,Coxton,Saint Pierre and Miquelon,572.114.6164x236,001-991-905-2279,gwalker@stevens.biz,2022-04-10,https://www.zuniga.info/
32eFD1dCaF2980e,Ann,Garner,Stout Ltd,Sharpport,Kenya,619-528-9084x4155,+1-269-846-4158x1039,chungnancy@hoover.biz,2021-07-24,https://www.mccarthy.com/
638cd6ffAA83Afc,Ronald,Barrett,"Richard, Galvan and Ballard",Ritaland,Sao Tome and Principe,001-450-180-3290x8634,580.773.7190,tannerweber@proctor-adams.biz,2020-05-15,http://robertson.com/
6C36De54ecD7FEc,Sean,Shah,Friedman-Kramer,Reeseview,Cote d'Ivoire,900.217.6798x4176,140.763.0157x96196,jackpalmer@pugh.biz,2021-08-17,https://woodard.org/
1a1bdAa417E9222,Yvette,Baker,"Underwood, Copeland and Boyle",Bethanytown,Belarus,+1-544-357-0506x3727,434-787-7468,joycetravis@berger.com,2020-09-23,https://le-bray.org/
09a1C4E0FcbBC2d,Stanley,Griffith,"Wu, Fernandez and Arellano",Lake Lancebury,Cook Islands,064.633.4468x95046,355-540-4094x817,luisfrank@perry.info,2022-04-23,https://oconnell.info/
ebCa10C83AE5f5f,Isaac,Bonilla,Hansen-Lucero,Powellville,Armenia,375.875.9611x706,120.912.8538x7082,qcruz@ramsey-bryant.com,2022-02-18,https://www.hendricks-randolph.com/
5036998Ab425e74,Karla,Maldonado,Leach-Gilbert,Krystalville,Hong Kong,+1-292-843-6056,421-345-0261x624,wjenkins@page.info,2020-04-23,http://www.greene-morgan.info/
5900F88dA25cFa5,Sheena,Hughes,Hurst and Sons,Lake Walter,Syrian Arab Republic,+1-813-843-9655,679.277.8243,tonyagallagher@barajas-goodwin.biz,2022-01-11,http://franklin.com/
fD2EEEb535aE5c2,Gregg,Mcdonald,Reyes and Sons,Dixonchester,Guatemala,097.592.4529x0361,835.885.7228x67888,loweryjenny@parsons.com,2022-05-11,http://www.gamble.com/
fD1e2d4BB1A3Add,Crystal,Mcgee,Underwood-Kline,Staffordton,Falkland Islands (Malvinas),(276)700-6967,(025)035-7908,nayers@higgins.com,2021-11-29,http://peters.org/
48B456efFA6Cb9C,Erin,Glenn,Rose Inc,Cobbside,Zambia,+1-223-136-9897x0883,001-069-507-3913x89178,flynndoris@galvan.com,2022-01-25,https://stark-gibbs.com/
CDf44F5BFA8f53F,Dillon,Hines,Bridges LLC,Lake Mario,United States Minor Outlying Islands,631-946-7388,(365)083-1309x2541,carolyn32@bond.com,2020-02-29,https://www.schaefer.net/
2CB6C1C583c343a,Max,Sawyer,Ferguson-Yang,Lake Tim,Iraq,233-974-9979x0365,(503)164-2814x2974,acaldwell@villa.com,2021-06-16,http://www.bass-orozco.org/
0D1E29E9a3C3Aae,Calvin,Sawyer,"Bates, Beck and Blevins",Yoderfort,Russian Federation,205-746-5797x84576,+1-252-530-9356x811,mercedes25@hooper-castaneda.com,2021-08-27,http://burch.com/
D0a8C3b58239C71,Kirsten,Williamson,"Huffman, Hubbard and Walters",West Cassandra,Iran,+1-730-799-8199x38349,+1-120-168-9813x3223,ruth94@ashley.com,2020-09-12,http://www.shepherd-parks.com/
6aa7821BffF805c,Corey,Harmon,Jarvis Ltd,Penashire,Guernsey,+1-744-114-2159,262-017-3871,barberanthony@wu-strong.biz,2021-11-16,http://hooper-pratt.info/
77e4cFeA28CCaD7,Darlene,Carroll,Tyler-Greer,Bellmouth,Denmark,+1-771-192-6984,001-242-565-7366x729,hintonvirginia@malone.net,2021-07-05,https://www.fox.net/
af77E67cFC14F2E,Traci,Bird,"Rodgers, Villarreal and Flores",Woodwardshire,Oman,+1-186-952-8512x3613,001-815-720-2480,spineda@mcfarland-humphrey.com,2021-05-10,http://dyer.com/
a7EEA9653B26f7A,Dakota,Beltran,Rhodes Ltd,Jaredberg,Chile,7406557525,+1-827-770-4844x72130,kathleen80@fernandez-noble.org,2021-12-03,https://www.david-clarke.com/
e048afAbCFa1d1E,Kristopher,Mayer,Page-Morales,South Cliffordfort,Venezuela,+1-712-170-3649x77045,+1-244-037-7818x420,oscarferguson@bradshaw.biz,2022-02-16,http://www.strong.info/
16A42bAFA0fCc0e,Monique,Todd,Brewer Ltd,West Ronniefurt,Timor-Leste,6421203313,(755)490-1137,linda68@allison-allison.com,2021-03-03,http://www.jensen.com/
B8eaD15cca2deC4,Marcia,Garza,Riggs-Bolton,New Kurt,Cyprus,412-914-0034x951,001-949-322-2438x0804,allensergio@kim.com,2021-02-02,http://miranda.net/
7efa28813fd4261,Whitney,Moody,Stokes-Rivas,Lake Gilbert,Zambia,2988550419,4754926632,floresangela@boyd-schaefer.com,2021-07-13,http://george.com/
bA939dE996CF4BF,Ian,Pennington,Roy-Riggs,West Patrick,Algeria,+1-500-645-4371,999.108.0534x8807,danielewing@mcgrath-dunn.com,2021-05-09,https://bond.info/
Ddc284Ca2e2CAe9,Jennifer,May,Delgado Ltd,New Virginiashire,Azerbaijan,243-674-1479x418,041-829-3862x4309,stephensonlori@villa.biz,2021-01-03,https://salinas.com/
85eaA5A4d07116D,Lacey,Carney,Krueger-Cline,Josephmouth,Tajikistan,001-165-172-2382x57538,(896)619-2037,kochbrandy@bowers.com,2020-03-30,http://novak-smith.com/
4bddEc9ab37Eaea,Cristian,Ritter,Preston-Quinn,New Kayla,Cote d'Ivoire,001-686-477-2816,704-894-8000x2217,colemandebra@waller.com,2020-02-07,http://www.sanchez-daniels.org/
90e9e7EFfcd3eBB,Bryce,Wood,"Mcbride, Mosley and Torres",Jillianfort,Faroe Islands,+1-906-242-3100x3039,(265)152-0863x8388,hortonnoah@pacheco.biz,2020-03-11,https://cowan-roman.org/
Bfa3bCc248D4289,Jake,Whitney,Floyd and Sons,New Javier,Brazil,(938)229-2017,(852)721-4601x27340,gouldtroy@shelton-compton.com,2021-01-25,https://wall.com/
B6a7d1dC7c7Fc4A,Oscar,Dorsey,Jennings Inc,Port Kellie,Kuwait,(119)524-0104x8633,024-317-7794,landrymakayla@moran.com,2020-08-17,https://www.cortez.biz/
4B1C25db2bab129,Mercedes,Hale,Herring Inc,West Hayley,Taiwan,287-630-3353,280-865-6288,deannakirby@gardner-chang.com,2022-05-13,https://www.grimes-mullen.com/
d1ea0a41F2aba42,Damon,Pacheco,"Oconnor, Mooney and Chan",Kirkton,United States Virgin Islands,+1-511-019-8312x988,(130)109-0240x0993,bbond@hart.com,2022-02-02,http://www.owen.com/
F078Fc9C4aDCCae,Melvin,Holt,Warner-Callahan,Brandyburgh,Namibia,(675)533-8426x11456,525-232-7732x7409,sheila30@cobb-andrews.net,2021-08-13,https://cooper-adkins.com/
d81da3Aafe2DbD1,Katelyn,Chase,"Blevins, Diaz and Mccann",Sergioshire,Iran,863.767.9615x7786,968.253.0049x268,skinnerstephanie@webb.com,2021-05-31,https://osborn.com/
03dDeF0a6206bCd,Jermaine,Hayden,Carr-Chung,Jorgefurt,Libyan Arab Jamahiriya,+1-794-570-4578x177,723.774.6444x37947,lsimmons@chavez-silva.com,2021-03-24,https://ellis.com/
8401A221A66bB5A,Tamara,Krueger,"Conley, Ford and Buck",West Lukeview,Timor-Leste,001-330-066-6063,762-960-5764,ghodges@morris-hayden.org,2020-08-29,http://wood.com/
5d7Efe7cFAe76FD,Kara,Terry,"Huerta, Braun and Kent",South Jacobborough,Canada,451.982.8783x3929,009.561.0178,alexa45@calhoun-barron.org,2021-09-12,http://www.arnold.biz/
F70E36EaaADd2ED,Marco,Weber,"Hancock, Hull and Roman",Lake Jorgefurt,Mayotte,001-351-525-9731x016,511-304-1658,kathrynbird@gordon.com,2022-04-08,http://randall.com/
FFC1aE0c26c3DD5,Meghan,Young,Terry-Pacheco,Wolfeshire,Azerbaijan,813-377-4407,663-894-5928x6808,hendrickscole@cabrera-miles.com,2020-10-31,https://www.petersen-castro.info/
af7F8FFfC17014E,Grace,Thompson,Barajas-Houston,New Adrian,Taiwan,626-451-6922,(590)461-8969x099,salinasolivia@kane-hubbard.com,2021-07-23,http://arnold.info/
54C9fAb4E24375B,Clifford,Perkins,"Oconnell, Lam and Petty",Kristophertown,Slovakia (Slovak Republic),205.569.6200,(119)665-8553x2647,cisnerosbrianna@larsen-payne.com,2020-02-07,http://haney.com/
Cf94c0C80fFdFf7,Kaitlyn,Kane,"Villegas, Hatfield and Perez",East Anne,Botswana,001-719-187-0143x34907,001-906-218-6989x052,destiny50@york.com,2022-04-05,https://www.barton.net/
c128aa5fff1EFeA,Chad,Kelley,Ashley Group,East Ethanborough,Lao People's Democratic Republic,001-521-959-6076,2548950910,amber53@tapia.com,2020-05-18,http://shepard.com/
6BF0F748795Ef68,Johnathan,Stephenson,"Drake, Vaughn and Abbott",Herringland,Gambia,(200)506-2953x6401,666-564-1328x0955,isaiahlara@khan-garrett.com,2021-05-26,http://www.whitehead.biz/
65E35bFB92F0FF0,Kurt,Sheppard,Potts-Everett,Fergusonberg,Bhutan,001-546-815-8137x279,+1-200-406-8015x6446,xcarlson@palmer-pruitt.net,2021-02-06,https://www.cain.biz/
E03ab87BB948CdA,Cheyenne,Sanchez,"Mckinney, Wheeler and Prince",South Kaitlin,Guernsey,(376)780-7846x8350,508-999-0341,katrinacurry@dyer.net,2021-01-19,https://www.davidson.com/
Ce5b0D0f4232Dc1,Leonard,Nicholson,Franklin-Holland,Lake Raymond,Ethiopia,210-224-7594x50383,+1-702-089-4083,rossspears@sherman-simpson.info,2020-02-23,https://www.cochran.com/
8Eb43c61b73a5da,Katie,Oneal,Bradshaw Inc,Jacksonfurt,Thailand,4532311463,(195)394-7813x54972,robert51@farmer.com,2022-04-16,https://guerra.com/
B2c9Fae7DfbE4cA,Sandy,Carlson,"Berg, Miles and Gamble",South Melodyburgh,Marshall Islands,+1-266-483-6070,001-804-702-3280x77623,curtis04@gomez.biz,2021-04-20,http://www.sanders.biz/
70DcEfb4bB551b7,Cameron,Potter,Ross-Parrish,Codymouth,Armenia,040.852.3384,(772)055-1613x98307,kreid@nelson.com,2022-04-09,http://www.nelson-green.biz/
d2a9B85B4975E0C,Reginald,Barnett,Allison-Clements,Port Julie,Switzerland,001-434-181-7364x2391,+1-063-713-1770x9580,michelebridges@zimmerman-leach.com,2021-05-16,http://delacruz.com/
cE97eAdC8fAe5dc,Derek,Odom,Rivas-Turner,Mcguireside,Gabon,(303)575-6100x493,614-235-2659x0474,juan92@gentry.net,2020-09-29,https://harrell-sherman.org/
cdF6EaBC23a6a74,Yvette,Swanson,Stanton LLC,Ramosville,Cyprus,+1-706-625-8482,487.262.9612x77342,floydhayley@salazar-wyatt.com,2021-08-12,http://pope.biz/
bFBdC1cf26cecdF,Darren,Murillo,"Martinez, Mccormick and Gilbert",Victoriaview,Kazakhstan,449.315.4450,+1-433-875-0164x46367,cassidykent@green.com,2021-05-15,http://roberson-gonzales.org/
b43c4e337ae6dB2,Brooke,Pineda,Thomas-Cook,Port Cassieton,Guinea,923-602-3526,187.309.9844,tasha59@jacobson.com,2021-04-26,http://brown-beck.com/
290BcDc2eE7fFCB,Renee,Savage,"Miles, Thornton and Acevedo",East Margaret,Cuba,(913)010-2190x0091,(217)453-1175x7948,hermanmolly@brown.com,2020-02-06,http://ortega.org/
B4EAEfaaD7690Fb,Angel,Marsh,Boyer-Duffy,Lake Gerald,Malaysia,331-594-0023,+1-936-176-1411x125,umadden@le.com,2021-05-15,http://www.rhodes.com/
af886A8EF9Aecc9,Anne,Parrish,Mullen-Beasley,Lake Chadtown,French Guiana,+1-223-440-9369,(575)894-7483x879,olowe@weiss.com,2020-02-04,https://www.pollard.com/
2Ae4d9df594d9Ed,Tamara,Terrell,Mckay Ltd,Braunbury,Tokelau,620-559-6905x9594,020.850.2233,millersergio@bray.net,2020-03-19,http://church.com/
0A80BAF5eA107CD,Frances,Benjamin,Gonzalez Group,Nancyview,Uzbekistan,9068218250,4690404798,aimee74@morrow.com,2021-12-18,http://horne.com/
ACe61F51389188B,Mary,Griffith,"Dorsey, Cox and Juarez",South Lynn,Cuba,+1-023-410-9167x7568,(298)624-6666x70912,xfrey@stanton.com,2021-06-05,https://www.watkins.com/
a76bB5ee6d78ED2,Paige,Adkins,Stone-Edwards,East Jodi,Turkey,149-338-5712x9712,908-026-3799x07923,lambkristie@bradshaw.biz,2020-04-13,https://www.dominguez-owen.com/
AA4Cdadb65122F4,Cameron,Williamson,Walton Group,Riceview,Belgium,114-782-3258x63306,001-741-851-9824x18969,sheriglover@fritz.com,2020-08-03,http://www.estrada.net/
C94bE3EfEB2dD81,Alice,Maldonado,"Francis, Alvarado and Montgomery",Prestonton,Netherlands,(414)909-5454,316.446.1681,harrisonguy@townsend-underwood.com,2021-11-22,http://david.com/
c3B101a57231F2d,Yvonne,Price,"Miller, Merritt and Singleton",West Ashleymouth,Christmas Island,671-667-9556,001-042-434-2141x206,gwendolyn18@wright.com,2021-10-07,http://holden.com/
dFB8Ebf04d9b655,Sheila,Dean,Woodward Inc,South Haileyport,Nigeria,486-140-2038,751.527.4787x860,vaughankerry@ball-roth.com,2022-05-27,http://rubio.com/
bF9309768Ec6fE6,Kaitlin,Cooley,Whitaker LLC,Huynhfurt,Qatar,075.247.0199x0136,+1-775-265-6930x2828,xcisneros@powell-thomas.com,2020-02-27,http://madden-walker.org/
e5FDAEA1df1D7b3,Wyatt,Ryan,Larson-Jimenez,Kiddfort,Swaziland,+1-848-934-9310x200,001-135-007-0021x6952,mauricesnyder@maynard-compton.biz,2020-11-15,https://www.olsen-hopkins.com/
C3Ac9a163b9b4F2,Kellie,Fitzgerald,Potts-Cooke,North Stephanie,Madagascar,244-736-2987,6771263984,rchaney@stout.com,2020-01-12,http://browning.com/
beC4df88C10a5D3,Bryce,Whitney,Austin Inc,Lake Jennifermouth,Aruba,(104)584-4615,700-323-7102,priley@beltran.com,2021-04-27,https://www.acevedo-barton.org/
c0A4a01C81dFb18,Donald,Church,Byrd Ltd,Scottmouth,Congo,264.211.1322x47101,(033)003-6981,dbanks@nichols.biz,2020-07-17,https://haas-summers.biz/
BCd7aF1A59a4BDf,Martha,Frazier,Mcdaniel-James,Beasleyshire,Montserrat,001-686-239-6091x3847,244.269.6291x4797,marcofloyd@castaneda.com,2021-08-01,http://patterson.com/
cb6Ad053DB15223,Tiffany,Yang,"Stevenson, Chase and Miller",East Joyfurt,Nicaragua,320-630-7617,+1-927-040-1669,sbooth@hayden-haney.com,2020-07-28,http://castaneda.com/
BA8E2beEeDb11a5,Samuel,Fowler,Fritz and Sons,Louiston,Guernsey,011-473-3474x84387,836.593.3271x90274,lukemejia@pacheco.org,2020-10-29,http://www.farrell.com/
d48e68C29CDA2fb,Summer,Garrison,Bullock Inc,Perrystad,Netherlands Antilles,+1-181-104-2160x1390,(153)722-8916x35654,wyatt85@russo-ashley.com,2020-06-16,https://www.farley-moses.com/
eeFaFbEf151cAcC,Karina,Blackburn,"Gentry, Weiss and Velez",Lake Olivia,Montserrat,001-900-197-5763x98762,372-792-8329x60243,timfreeman@taylor-velez.com,2020-06-08,http://mcconnell.org/
bEcb134FeCc4fD5,Kenneth,Harris,Marks-Farmer,Port Brandy,Macedonia,774-937-5625x89638,408-223-4142x1543,blake59@jefferson.com,2022-01-10,https://www.marquez.net/
1c4C0d0BD6ed5c7,Haley,Hendrix,Hogan-Bass,East Cory,French Guiana,+1-389-414-8203,357-981-4453x86295,orocha@hines.org,2021-10-13,https://richmond-johns.org/
BAf0b23B79ABFD4,Tammie,Parrish,Bradshaw-Ellis,New Jeff,Sierra Leone,462.665.3624,251.370.7478,gibsonderek@fields.info,2021-09-12,http://jacobs.com/
DcA6bB841e11f1F,Jeffrey,Munoz,"Green, Russo and Brady",West Dominic,Australia,249.725.1094,+1-562-837-9040x55026,hernandezcharlene@ayers.com,2022-02-07,https://www.gallagher.org/
EaBBd1De8D9F81D,Drew,Powell,Duke-Burns,Tracifort,Bolivia,(253)754-1526x835,(297)185-4151x97888,maureenwalters@mathis-hayden.com,2021-04-13,https://www.hahn.biz/
0dF4C59eB1DDd03,Bobby,Riddle,Knapp Ltd,Hesterhaven,Gibraltar,903.584.2655x7147,341-669-7893,reginald04@conner.net,2021-11-15,http://www.lozano.com/
3088c4b3d941DFF,Lydia,Rogers,Hale and Sons,Whitneybury,El Salvador,001-442-821-0409x58515,431.111.4089x530,mindymalone@newman.com,2020-09-12,http://galvan.com/
81Bb12Df6abb0A3,Lawrence,Serrano,"Maxwell, Meza and Roberts",Greerchester,Saint Kitts and Nevis,001-280-586-6198x00021,9725893899,wblackwell@zavala.biz,2022-03-25,http://www.mcclure.com/
4a8A2BeCB61dC00,Maureen,Ewing,Barber Inc,Port Angie,Sierra Leone,001-103-054-9356x84861,001-421-053-3079x09754,albert39@guerrero.net,2020-06-13,https://werner.org/
Dcee8E26aeE4AFa,Jacqueline,Kaufman,"Horn, Collins and Roy",Clinemouth,Serbia,001-046-689-0176x40861,7094363659,vbean@short.com,2020-11-29,https://www.carroll.com/
c3C7ABF384Fdb1a,Kelli,Fry,"Joseph, Cooper and Delacruz",Popefurt,Bosnia and Herzegovina,5310598778,753-323-4406x7484,yharmon@wolfe-haley.com,2021-01-30,https://pugh.info/
4ccf47c0B4Ada1a,Sara,Oconnell,Nichols LLC,South Cameron,Isle of Man,100-627-8054x1413,5058523655,nancylutz@cooley.com,2022-05-26,https://www.mays-bass.com/
1cE4Ae451e4b06f,Steven,Roberson,"Mclean, Pena and Decker",Sheppardmouth,Bulgaria,779-377-6508,635-106-6408x829,christine51@callahan.com,2020-09-18,https://campos.com/
7BbA3edD4eFFBC4,Madison,Shepard,"Pham, Benjamin and Payne",Lake Erika,Saint Helena,+1-605-337-7697x307,675-015-8064,mathew27@james-krause.org,2022-01-26,http://www.ramirez-wilkins.com/
7ee0955c09C42C5,Lonnie,Shah,Conner-Cruz,West Blake,Palau,766.881.4499,148.159.5414x188,andrewstoni@whitehead.biz,2020-09-19,https://www.fox-reyes.com/
6BfB1CdA8DBF6dd,Tony,Fuller,Hendricks-Dominguez,Frazierside,Barbados,001-482-957-9722,236.887.3293x61516,steve28@everett.com,2020-09-16,http://www.cain-colon.com/
F9F76CCdBa6247f,Brittney,Martinez,Morgan-Juarez,Port Shari,Georgia,399.317.8454x730,+1-689-701-1818x14280,nelsongilbert@mcmillan-jones.com,2020-06-17,https://leonard.com/
035B4df0C4AaB2c,Sergio,Juarez,"Parrish, Mack and Beck",South Monica,Tunisia,001-820-334-3451x79860,311-339-7817x5869,shawna20@andrade.biz,2020-03-29,http://www.washington.biz/
040517eff707929,Lindsey,Benjamin,Riggs-Greene,New Candice,Norfolk Island,001-844-110-1921x107,1164704437,adam20@wong-downs.com,2021-02-20,http://www.oconnell-gonzales.com/
c7681fD1E85ca7d,Tina,Campos,Cline Inc,New Brandy,Liechtenstein,077.660.0552x4560,7083439699,trobles@montgomery.com,2020-01-10,http://crane.biz/
F4f806a8Ed8f91a,Ryan,Lutz,Davis-Walter,Dennisfort,Macao,001-280-003-2366x866,(506)729-6626x44412,cassie40@walton.com,2021-01-13,https://www.munoz.net/
FF6b308faeab3Bd,Glenn,Ortega,"Moyer, Mckee and Montgomery",South Trevor,Norfolk Island,629-219-5269x7959,503.224.8983x78321,olittle@wall-barber.net,2020-05-05,http://www.casey.com/
790aFF2EaCA8D73,Casey,Shah,Baker Inc,South Kristiebury,Micronesia,001-947-925-0022x194,6389569633,fritzcharlotte@livingston-hatfield.org,2022-01-31,http://pennington.org/
CEb6ab7Bd8fe7bf,Yolanda,Peters,Shaw-Riley,West Larry,Guyana,(446)660-1373x4307,+1-124-743-0592x144,bcline@graham-galloway.com,2020-05-20,http://www.orr.com/
aeDf0D183A78b81,Dwayne,Randall,"Copeland, Flores and Barton",East Kara,Guyana,490.338.4375,6585975098,bruce88@foley.info,2020-08-20,https://www.kerr.org/
DDDBFdFaC16F2cA,Theodore,Drake,"Lin, Ellison and Page",Ortiztown,Christmas Island,625.398.7611x74667,909.476.3690x3835,bolsen@carpenter.com,2021-03-13,https://www.moss.org/
DB2C9D8cC75dd2d,Jeremiah,Vang,"Serrano, Mills and Roman",Khanville,Turkey,+1-934-656-1056x70855,001-114-534-9654,patrickallen@sims-moore.com,2021-05-25,http://www.gillespie.com/
a0b56AfaCba8CE5,Clayton,Duran,Burns-Acosta,New Wendy,Tonga,001-152-308-6862,(814)468-4190x867,rfoster@curry.biz,2021-09-25,https://quinn-hardin.com/
ef9FaB7288481Fe,Shannon,Garza,Mack-Sullivan,East Veronica,Equatorial Guinea,001-476-427-6163x48148,4886643413,paulaperez@hahn.com,2021-09-25,http://www.gibson-savage.biz/
a89e7bDEA8E54B3,Alexis,Jordan,Lutz-Hughes,Port Marvin,Niger,880.431.0233x9272,385.894.4725x61197,espinozaphilip@rangel.info,2021-03-20,https://www.mueller.com/
23a1CeD8A626af7,Traci,Cooper,Mcneil-Rose,Karinahaven,Norway,587-562-4038,+1-131-774-0910x143,gloverjeffery@hart.com,2020-12-31,http://www.jordan.com/
E0319dcEabEDE3d,Connie,Welch,"Fields, Rivers and Horton",Carolynborough,United Kingdom,163-267-1325x663,+1-122-175-1023x8927,grossjaime@combs.com,2020-05-08,http://www.lowery-morrison.info/
8C959eC7E6Ee2F8,Shirley,Cuevas,Stewart-Crawford,North Jocelynton,Tuvalu,334.474.1950x1963,637-518-1723,laura75@lawson.org,2022-02-27,http://www.benson-black.com/
b86AfB34C99d83e,Derrick,Braun,Schultz-Montoya,Sergioborough,Sweden,+1-940-585-6448x85995,607-836-7219,tstevenson@mcguire.com,2021-02-17,https://kline.com/
d3EECDB9281CB5D,Lawrence,Best,Massey PLC,Tannerfort,Svalbard & Jan Mayen Islands,1249409857,+1-745-683-3946x7509,ilambert@zuniga-huffman.com,2020-01-27,http://berger-meza.com/
de9F414Ace1E1b5,Jerome,Cohen,Aguirre-Bean,Brandiport,Cape Verde,945.429.3246,+1-224-884-7215,kerrsheryl@campos.com,2020-04-14,https://www.elliott.com/
3af1dfda07dbaA0,Reginald,Pope,Choi and Sons,East Jane,Sweden,544.251.4289,4353767616,christensengreg@stein-randolph.org,2020-03-22,https://everett-sloan.org/
6665FaeD316b3A8,Vincent,Juarez,Tucker-Rivera,Hopkinsshire,Guernsey,001-945-599-6404,171.293.8718x2146,clairemahoney@medina.com,2021-08-26,http://holder.com/
04A4BfE1a3E2cD5,Sergio,Robertson,"Ayala, Obrien and Pennington",New Lindafurt,Papua New Guinea,(422)662-1344,(784)511-3949,drew52@barker.biz,2020-11-23,https://www.hawkins-hancock.com/
A94DDeD7ce4CB0f,Tanner,Zamora,Hanna Group,West Marissaland,Oman,530.022.9932x68483,575.582.9910,howardrobertson@chase.info,2022-01-30,http://elliott-barrett.com/
BEbf92ea125c6ba,Kent,Melton,"Green, Doyle and Osborne",Yvettetown,Albania,072-832-5726,001-083-777-6575x6173,mroberson@zamora.com,2020-07-21,https://www.henson.info/
F1ceFabDBAbdE1f,Tammie,Lane,Moody Inc,Sheltonland,Japan,001-136-220-1282x112,988-735-0598x14165,isims@jimenez.info,2021-08-08,http://miranda.com/
bD3af85B4c44B14,Jeremiah,Solomon,Pace-Choi,Mauricehaven,Eritrea,356-274-1357x88110,201.578.5240,alecbennett@mcgrath.biz,2022-03-18,http://www.owen-sawyer.com/
7c54FeB933C5Cef,Kristy,Johns,Barnes-Giles,Lake Lindseyview,British Virgin Islands,546-136-7499x94960,858.409.4695,summersjerry@stark.com,2021-01-01,http://bell.com/
613BB3cfbd365dE,Brian,Farmer,Boone PLC,Dwayneville,Faroe Islands,724-004-2127x37544,718.868.1908x08464,fmccormick@cowan.info,2022-02-28,https://patel.com/
BFfdCEbaFc2a8c6,Nichole,Decker,Hinton LLC,New Tara,Malta,105.423.2913x19422,001-591-271-5276x691,dicksonshane@pearson-sheppard.com,2020-02-24,http://www.bean.com/
DDD3bc2bd5a7302,Leonard,Morris,Carrillo-Hanson,Estesside,Anguilla,001-708-354-5581x89402,001-779-052-4386x20969,nbooker@spence-ramirez.biz,2022-02-21,http://allison-fitzgerald.com/
aEDFFf1cDD175d7,Raven,Irwin,"Campbell, Clark and Spears",Rhondaville,Morocco,001-553-382-8514x15812,357.889.1648x3751,nielsenbrandy@mooney.net,2020-03-04,http://www.orozco-barron.biz/
c811AA9e7356884,Ryan,Baldwin,Cortez Inc,Landryside,Tuvalu,486.680.9465x023,6973275695,stacie98@newman.com,2021-12-30,http://duarte.com/
77fed1Da3fFFacF,Stephen,Hooper,"Peck, Stark and Nash",Vernonstad,Morocco,+1-513-343-2973x252,237.953.3333x889,tcuevas@moore-rice.com,2021-03-14,https://www.duarte-mcdaniel.com/
BCAba51C23BB78C,Kristin,Estes,Miles-Benson,East Maureen,Iceland,+1-049-168-1943x525,378-955-3678,timothystrickland@jefferson-mendez.net,2021-12-26,https://www.moon.org/
9E6eB4e0d8C8f58,Ellen,Prince,Huang PLC,Kaitlinland,South Georgia and the South Sandwich Islands,638.359.2029x38642,834-466-1240x27300,uphelps@house-rubio.com,2021-12-15,http://www.vazquez.info/
1f6321b7C33d6dB,Kim,Adams,"Larson, Reilly and Wade",West Belindamouth,Cameroon,+1-843-452-1172x524,(030)488-9936,marco42@mcneil.com,2022-02-15,https://www.klein-trevino.com/
aaEA2FAA5B4A808,Karl,Tanner,Perkins PLC,West Crystalhaven,Madagascar,369-917-0938,001-527-095-4711x066,grossbecky@horne-hunter.com,2020-02-14,http://nelson-steele.com/
59dbfFCdc0fBEC4,Breanna,Bush,"Pennington, Galvan and Neal",Cristinastad,Liberia,001-476-026-4388x00576,192-295-0587,xberg@phelps.com,2020-05-24,https://little-mercado.biz/
EBf46DBa0d72C47,Cristian,Stevenson,Gibbs Group,Port Xavier,Colombia,(644)040-6505,133-459-4871,jorgesampson@roach-hull.com,2020-05-19,https://barnett-reed.biz/
07C3F32D92dE412,Deanna,Mejia,Sheppard-Glass,Collinfurt,Dominica,644-929-5961,001-554-183-6046,gabrielle06@logan.com,2020-02-20,http://pruitt.com/
378cfCAFAD9439F,Stephen,Chung,"Haas, Acevedo and Ward",Laratown,Congo,(542)847-3124,001-868-264-1117,zmoreno@travis.info,2021-10-29,http://www.huerta.biz/
8731fEE83b8dDC6,Joanna,Roth,Sandoval Inc,Karlshire,Micronesia,001-098-859-1712x2837,(153)310-2149,ugolden@eaton.com,2020-05-13,http://hull.com/
B3fe1A7d6C6eb76,Tabitha,Reyes,Sanchez LLC,Port Dwaynetown,Benin,001-074-842-1727x212,+1-377-839-2640x37415,kennethnolan@callahan-waller.com,2021-09-07,http://www.acosta.com/
92021846B5ad659,Hayden,Mack,Simon LLC,Boltonstad,Saint Helena,(443)692-4767x5498,+1-295-529-0533x869,wangalicia@wright-potter.com,2020-03-01,http://waller.com/
c0C0d0FE5eF1aeE,Jimmy,Glass,Miller-Kelly,Ginaside,Macao,715-171-1443,2935604473,kristopher39@lawrence.biz,2021-08-20,https://www.lindsey.com/
b7697aC75a0bF5b,Natasha,Henry,"Andersen, Stafford and Foster",Port Allison,French Polynesia,999.945.4299x8273,802.799.7924x71384,preston71@bowen-lucas.info,2022-03-26,https://www.vaughn-douglas.info/
580a5AA0D534e6e,Justin,Mcpherson,"Donaldson, Dougherty and Holloway",West Mathew,Afghanistan,+1-982-274-5504x12756,001-173-087-7818x48484,doriswilkins@ramirez.org,2022-04-19,http://leon-flores.com/
Cfc27ef7029D320,Selena,Cohen,"Chang, Bright and Goodwin",Nicolemouth,Thailand,(109)801-8979x01529,001-153-831-0935x56181,erica97@bird.com,2021-11-25,https://www.miller.net/
694EA6b9A0Ae1d7,Alyssa,Hines,"Keith, Pruitt and Becker",East Don,Macao,007.141.9882x727,(674)026-8069,middletonpenny@lawson.com,2020-02-01,https://bird.com/
fCaB3ABC49bF713,Dorothy,Vance,Sweeney-May,Nunezbury,Oman,+1-796-636-6677x9002,3573602786,shorton@nolan.com,2021-08-11,http://www.ochoa-rose.info/
AFDBA1d51C9560f,Wendy,Berger,Boone-Tanner,Isaacside,Papua New Guinea,001-281-674-5905x623,(289)674-6338x5596,mcoleman@parks.com,2021-02-22,https://www.marshall.com/
381b9252Ae24bBD,Tasha,Vang,Wells-Blackburn,Port Meaganmouth,Hong Kong,2143191110,176.924.5226x68644,martingilbert@short-munoz.info,2020-04-04,https://www.mcmillan.com/
12693cEf7bE485E,Alyssa,Reese,"Pearson, Velazquez and Morton",Haleyburgh,United States Virgin Islands,393.211.0919x58662,+1-364-787-9701x9701,tiffanysalas@phelps-bright.info,2021-11-27,http://www.terry-barnes.com/
Ff4AFa8FDAA3c7F,Geoffrey,Fuentes,"Moon, Simpson and Chan",Muellerberg,Congo,+1-907-827-0439x24328,(381)278-7277x389,buckleysandra@schultz.info,2021-12-21,http://www.christian.com/
4A1DaFdd15ecF6C,Alan,Harrell,"Werner, Sparks and Harrell",Goodwinhaven,Senegal,7531543408,001-030-384-3274,feliciablake@oconnell.com,2021-09-30,https://www.rojas.com/
a42B6cdFf5abee5,Levi,Porter,Oneill Ltd,Port Courtneyhaven,Bahamas,(575)770-1834x942,937.338.8543x381,ejuarez@cline-oneill.com,2020-05-13,https://www.oneill.biz/
CFefa76aB91EaD6,David,Figueroa,Coleman Ltd,New Vicki,Norfolk Island,128.691.1808x0491,+1-251-523-4339x2439,maxwell03@whitaker-shaffer.com,2022-02-19,http://www.green.com/
3026C119EfdDc48,Jenny,Bullock,Marquez-Perez,Lake Timothy,Falkland Islands (Malvinas),(692)517-9944x0811,(260)094-0660x70671,taylor52@bruce-bender.org,2022-02-05,http://www.andersen-gilmore.biz/
803e5ed400fF3AF,Bobby,Cervantes,Hicks-Hoover,East Levi,South Georgia and the South Sandwich Islands,001-432-239-2866x38094,8505627187,gabriela69@thomas.com,2020-08-09,https://www.rios-morgan.com/
9c34A35BA9ac7dB,Kimberly,Goodwin,Keith Inc,Geoffreytown,Denmark,064.800.0941x9392,(915)723-7105x8678,joanne50@woodward.com,2020-10-25,https://www.choi.com/
a35FBCA4cf322cB,Laurie,Frazier,"Gates, Tran and Simpson",Port Stuartfort,Andorra,+1-238-958-7740,(275)989-2919x948,mccarthyalicia@scott.info,2021-10-26,http://www.summers.com/
DAF78aB8aCcb1B0,Kari,Wilkinson,"Ingram, Allen and Foster",East Brandon,Ethiopia,005-623-9685x175,001-297-985-8261x661,farmerspencer@beltran.org,2022-05-25,http://gallagher-scott.com/
3ec61bB5e6e0c72,Dominique,Valenzuela,Fields-Ferrell,Geneshire,Portugal,(914)042-8723,(060)723-5660x8826,bhatfield@hood-stewart.net,2021-09-08,http://burns.com/
eFB5b9Dfb6Cd2D3,Deborah,Casey,Cross LLC,South Carlfurt,French Southern Territories,+1-488-888-7387,001-129-885-2707x6141,fvance@knapp-barron.net,2020-07-05,http://www.dodson.org/
1B0Dd9AafC99B87,Harold,Short,Cooper Inc,Port Sherry,Turkmenistan,871.875.9449x7697,(633)752-6137,austinbarrett@simon-roberson.com,2021-09-04,https://brewer.biz/
8DC54AcBE3D9bDE,Ricky,Griffin,Bowman LLC,West Willie,British Indian Ocean Territory (Chagos Archipelago),+1-284-938-2219x38266,644.628.7497x2029,acevedokristi@howard-ashley.com,2021-07-23,http://www.escobar-mccullough.com/
8cb0eB43F26Fc91,Belinda,Pham,West-French,Port Jacobside,Sri Lanka,059-774-6888x7522,(146)793-0310x40832,sherryburch@hawkins.com,2021-04-10,https://www.hudson-mata.com/
03e4F70c30615cc,Shaun,Miranda,"Fernandez, Cain and Andrade",Brettchester,Madagascar,001-643-182-6509x681,+1-014-206-4887,kwalsh@mccarthy.biz,2021-05-02,http://randall.com/
acA081720f6BCfA,Austin,Deleon,Maxwell Group,North Louisville,Bhutan,001-734-153-4846x9247,134.292.7651x61158,pzhang@booth.com,2020-06-06,https://www.hernandez-hahn.info/
6FBffebb4d4BD46,Mathew,Lam,Meyer Ltd,Orrtown,Germany,648760669,799-153-9137x8396,goodwinkristina@whitehead.info,2022-01-04,http://www.porter-terrell.net/
fFd6116411d77eF,Ricardo,Kirk,"Underwood, Mendoza and Stephenson",Mccannville,New Zealand,+1-499-734-2552x685,(826)656-4958,jimenezbrad@mcgee.com,2020-08-26,https://www.frye.com/
3Afab3c6abdE5E3,Isaac,Hendricks,Ruiz-Harrison,South Corey,Bahamas,341-892-9798x0347,169-549-4280x2691,tammy32@mendoza-richards.net,2021-04-03,http://www.wolfe.com/
fD582B6be0baB6c,Tommy,Gallagher,Hunt Ltd,South Caitlinville,Austria,001-296-355-1459x214,383.793.1131,melissadavid@mcbride.com,2021-10-13,http://www.weiss.com/
7CEAAc70dc5FaFA,Chad,Goodman,"Gardner, Gentry and Craig",Lake Ana,Syrian Arab Republic,001-724-080-9134x589,(625)422-2953,shawbetty@salinas-carey.com,2022-04-28,https://www.mata.com/
E30e361B14eD1Ec,Bridget,Benton,"Beck, Butler and Duran",Erinfort,Russian Federation,612-119-6547,092-153-0362,wesleywalter@whitaker.com,2022-04-21,https://greer.net/
9262abadDe8Fc3D,Dakota,Hunt,Reed-Salazar,Lake Lisaland,Western Sahara,(526)576-0569,406-356-2011x7523,lynn73@sherman.com,2022-03-26,http://www.chambers.biz/
FfBBFd5cFBbdF3A,Tammie,Cunningham,Yu Ltd,North Billville,Peru,+1-726-124-9474x7924,840.027.3793,michaela61@sims-terry.net,2020-04-25,https://hicks.info/
4A731BFCab46b6c,Amber,Glenn,"Small, Durham and Pitts",Richardbury,Portugal,712-492-9554,(790)937-4081x0734,efaulkner@andrews-morrow.net,2020-09-16,http://www.bautista-baird.org/
d7Be5F1F08B6ba4,Adrian,Moon,Carr LLC,East Jodistad,Croatia,(037)354-6401x54229,+1-891-301-6165x9327,stricklandmargaret@johnston-ayers.com,2021-03-09,https://price-eaton.biz/
EFCD1FB1406Ec8F,Candice,Orozco,Mcintosh Inc,Lake Reneefort,Zimbabwe,916.311.5483x22590,626-148-0874,ivanyoder@eaton.com,2022-05-17,https://davidson-dean.info/
bc011dE2C2aC99D,Charles,Chen,"Beck, Ortiz and Dunn",Martinhaven,Indonesia,+1-588-534-2721x49783,298.841.1919,eclements@gordon-combs.com,2020-07-06,https://blackwell-williams.com/
5B6d34BaF962B79,Paige,Stanton,"Mason, Whitehead and Barrera",Wolfetown,Greenland,+1-171-137-3148x5404,537.851.9794x3164,tranmarcus@maxwell.net,2022-03-03,http://krause-porter.com/
a49dB142BeE2DBf,Mary,Mcpherson,Schroeder-Lane,Rileyview,Sudan,+1-400-734-7602x0355,(890)293-5041x62266,saraduke@saunders.com,2021-02-24,http://gay.net/
60BCf0CbBe6b27D,Aaron,Butler,"Robertson, Wise and Love",Houstonburgh,Iran,2192841211,001-222-324-9995x154,cindy82@shaw-saunders.biz,2021-01-15,http://www.fischer-walters.net/
C96Fe8ce1B0C60E,Mckenzie,Cuevas,"Oliver, Baird and Boyer",East Coreyton,Azerbaijan,(208)998-7004x974,287.403.3863x088,charlesronald@mcknight.com,2021-06-30,http://gross.com/
0D0a5257B8d3fa8,Cheyenne,Cobb,Rowland LLC,East Yvetteport,Sweden,175-232-8721,001-989-627-7753,betty98@rhodes.org,2020-01-30,https://www.smith.biz/
7BC572EEf30E1C8,Madison,Simpson,Neal-Molina,Port Mitchell,Martinique,+1-103-124-8534x31326,522407698,bonnie13@mclean.com,2020-04-06,https://www.vance.com/
26A226B3CcF9e0B,Wesley,Morales,"Montoya, Vaughan and Velazquez",Hopkinshaven,Cambodia,704.806.8259,1919236155,qcrawford@hughes-schultz.com,2022-04-13,http://www.henry.biz/
33109D4a0173C75,Kristopher,Mcmahon,"Clay, Hodge and Andrade",Lake Charlesside,Andorra,001-899-611-5856x118,001-632-770-8961,kyliemartinez@webster.net,2020-01-18,http://greene.biz/
c36bE0DA8FbC4Ee,Karla,Mccormick,Cole Inc,Lake Elizabeth,Saint Lucia,649-156-7076x66036,528.142.6204,wrandall@sweeney.com,2020-08-02,https://www.acevedo-may.com/
2c5eBF3da13Ee49,Bob,Oconnell,Mills LLC,North Jordantown,Namibia,(517)321-9679x21611,552.734.8814x704,yreid@salazar.org,2020-05-14,http://www.rollins-mayo.com/
F345E846F17Fa3A,Garrett,Kaufman,"Anthony, Bowen and Martin",East Mckenzie,Bangladesh,(952)928-0972x4041,907-283-0857,sduffy@hall.com,2022-05-29,https://www.hayden-gates.com/
55FDDDdfd6dECBb,Diamond,Nunez,"Bartlett, Reynolds and Bryant",Port Kellieburgh,Iceland,+1-031-536-6371x7003,(464)948-6940,nashstephanie@gordon.com,2020-08-08,https://joyce.net/
FbEbaf3dfC9CcD8,Savannah,Singh,Hess and Sons,North Annette,Saudi Arabia,(721)685-8782,001-523-145-3751,tammy98@donovan.biz,2021-05-06,http://clay.com/
86DA925B478DB0f,Jorge,Patrick,"Benton, Blair and Wolf",Chaseland,Poland,545.112.6471,(544)966-3686x6711,krystal75@ware.com,2021-12-26,https://murray.com/
2fD471dE46BAF8C,Rodney,Eaton,Rice-Sweeney,Lake Brooke,Saint Barthelemy,+1-725-274-7887x9550,001-422-419-6715,tonya14@walters-ruiz.com,2022-05-27,http://www.burton.net/
4fd5eE784ff78FD,Eugene,Good,"Sutton, Crane and Archer",New Shelia,Gambia,940-455-4778x47481,164.035.5681x628,greg88@day.com,2020-08-07,http://herrera-atkins.info/
2fCcFE289f562BF,Felicia,Pruitt,"Gould, Ayala and Butler",New Marilyn,Italy,(552)464-8419,(245)191-3631x112,kaitlin15@garcia-haney.com,2020-08-31,http://norris.org/
2F924F17beFeCcC,Leroy,Mann,Waters PLC,Dannybury,Northern Mariana Islands,478-845-4768,001-209-798-6403x18190,zbowers@cameron.com,2020-12-31,http://arellano.biz/
2A4AE5dE3fbfAE6,Ashlee,Dixon,Reese Ltd,Mcmahonborough,American Samoa,001-674-243-7422x57501,001-078-052-4654,jorgenewman@bullock-welch.com,2020-09-07,https://www.boyle-berry.com/
3E15Abee61EBE01,Gabriella,Hughes,"Horne, Walters and Duke",North Mariobury,Palestinian Territory,333-372-4895x90191,+1-429-152-7432,cdouglas@mahoney.com,2020-09-27,https://www.francis.com/
08D5DeAEd67321d,Dwayne,Wheeler,"Cooke, Walls and Blair",Lake Yvetteport,British Indian Ocean Territory (Chagos Archipelago),573-999-7446,(235)194-7064,jennifer64@church.com,2020-02-09,https://vaughan.org/
a3A97EAB8EAef0D,Pedro,Aguilar,Brooks-Kennedy,Fieldsfurt,Vietnam,+1-716-854-7725x23751,001-940-925-3567x4640,dudleyabigail@crosby.com,2021-10-12,https://www.mckenzie.net/
ACEFbfCc013240F,Leonard,Clayton,Acevedo Ltd,Morrowport,Guam,001-894-504-6202x44380,320.174.9665x004,sheena51@oneill.com,2022-02-02,http://www.marshall.info/
AbA8dd430553bF1,Derek,French,Fritz Group,Lake Raymondborough,Botswana,+1-562-498-9218x0652,(125)614-1450x972,williamcline@rowe-bishop.com,2021-10-21,http://www.kirby.com/
7Ee95bBaacC6663,Gordon,Walsh,"Vega, Potter and Skinner",Port Bob,Qatar,+1-326-521-5598x5029,408-928-9321x3641,boltonwillie@mclaughlin.net,2021-05-23,http://horne.com/
b545De0695cAAdC,Hayden,Mckenzie,Beasley and Sons,Watsonview,Vanuatu,+1-761-961-4121x8524,853-784-3616x818,jwallace@rojas-rowe.org,2020-12-21,https://www.garrison.com/
d59AfC9b255Aa8b,Adam,Garrison,Clayton Ltd,West Stacie,Bermuda,001-822-021-0681x78994,001-059-304-7143,yhardy@watts-hayes.info,2020-08-10,http://sawyer-booth.com/
C39c9e820C737DD,Charlotte,Hendrix,Conley-Cochran,Morsemouth,Guadeloupe,001-533-138-5627x605,+1-406-329-8420x317,weisscarolyn@thomas.biz,2020-08-28,https://www.manning.net/
40AC39c8647eF80,Jocelyn,Cuevas,Meadows LLC,South Sherryside,Congo,935-039-2833x756,278-143-1451,gouldkristie@donaldson.com,2021-08-26,https://www.stanley.biz/
8A17ce96e29cF2f,Greg,Crawford,"Gibson, Galloway and Williamson",Fisherstad,Burundi,001-804-786-7702,421-417-1983x4479,tatehailey@hayden-mayer.com,2020-07-22,https://weaver-hodges.org/
7Dd9A7e1dbfdBaE,Tom,Galloway,Gill-Mccarthy,Lake Austinstad,Sao Tome and Principe,772-260-6045,114.545.8698x26374,christopher86@suarez-boyle.com,2020-02-09,http://www.figueroa-oneal.com/
A9A1d18Ba443F0E,Jerome,Ortega,Solomon Group,Bernardfort,Saint Pierre and Miquelon,+1-737-995-5737x03400,(664)856-8452x6313,dwarner@huffman.com,2022-03-25,http://holloway.com/
FC62774BEddF749,Makayla,Potter,Vance Ltd,South Melvin,Gambia,(881)134-5637x31764,001-441-013-4535,barrymelody@horne.com,2020-11-02,https://wallace-patterson.com/
539C67dE0EAF5f3,Eduardo,Singleton,Fox-Guerrero,West Bryanfurt,Chile,(922)548-4683x6622,040-627-0820,caitlyn50@house.com,2021-08-18,http://www.giles.com/
43ea26e15bf1469,Deborah,Espinoza,Kelly Inc,New Andrew,Rwanda,856-211-3344,001-897-860-2574x90718,meagan30@underwood.org,2021-11-26,https://www.huang.com/
5Cbf937eAF42AAC,Sophia,Scott,Bartlett-Hardin,Port Sheryl,Bahamas,(245)790-6293x875,789-274-6413x999,tbishop@diaz.com,2022-04-07,https://www.chan.com/
cC1dCaC11c9ffbC,Sarah,Walls,Collier-Warren,Sierraton,Togo,428-561-0373x777,(004)725-7424,brianamyers@lamb-pollard.com,2021-05-30,http://carson.com/
07EAE4DF7625ddF,Makayla,Ibarra,Huber-Griffin,Espinozaburgh,Macedonia,001-625-554-2466,033.853.6408x435,dchan@valdez.com,2020-07-21,https://www.maldonado-newman.net/
6D810B88eBBDEE4,Natasha,Nicholson,"Olsen, Hernandez and Garza",Griffithburgh,Monaco,207-456-6983,001-147-048-0671,afrye@sandoval.biz,2020-12-24,http://www.stevens.com/
924ba7a4BFE7Deb,Vincent,Mccoy,Clayton-Jenkins,Rossstad,Japan,+1-343-284-5091x853,838-559-7376,andrewdonovan@graves-watts.com,2020-07-29,https://cortez-stewart.com/
39e619Fd48a7e12,Clarence,Kelley,Dennis-Murillo,East Chelsey,Malawi,(748)037-6785,+1-931-879-1902x362,montesdan@morrow.com,2020-01-11,https://harper.com/
Ea7C37fAeBdb0cb,Trevor,Duarte,"Hoffman, Mcfarland and Montgomery",North Ann,Reunion,+1-135-960-6239,610-576-9545x00729,blakevalerie@hooper.net,2020-11-01,http://watts-carlson.com/
E71b2840eDdf21c,Tyler,Obrien,"Holland, Fry and Mckinney",South Carlos,Cambodia,049-955-1909,047.057.7267x7858,carolynjohnson@larsen.com,2020-06-08,https://blake.net/
6F6D9c6CDcd5F1b,Clayton,Maxwell,Frank-Finley,New Alejandrofurt,Botswana,766.780.4772x894,001-321-740-7284x80426,darin22@decker.com,2020-07-11,https://porter-banks.org/
48aF63FadeDdAa9,Elaine,Davis,Robinson-Schneider,Lake Kristina,Belize,(642)083-1297x9038,001-805-820-6288x787,goldenbridget@rivers-harris.info,2020-08-16,http://www.castillo-lynch.com/
adc8CeDA7BD4A69,Sandy,Stein,Jimenez Ltd,North Jack,Azerbaijan,2578911098,+1-078-045-0018x9559,tim19@daniel.net,2020-10-01,http://www.santos-patrick.com/
6eA0979dA445FAA,Jessica,Carney,Gallegos Group,Weissfort,France,759.269.3995x076,8269936424,zlarsen@zimmerman.com,2020-06-22,http://www.gross.com/
b07424e5EeC73cD,Cole,Rollins,"Wiley, Wiley and Townsend",West Daniel,Vietnam,322.131.5486x62409,+1-479-787-8360,barnettkristin@livingston.com,2022-03-21,http://www.pollard.net/
fe8b575DA13c59b,George,Rocha,"Cisneros, Wheeler and Espinoza",Moodyfort,India,538-670-4798,6081916993,fowlervernon@curtis.com,2021-08-23,https://brandt.info/
f058359eC0bD6db,Rhonda,Banks,Swanson Ltd,South Lonnieberg,Gambia,249-710-4526x417,(789)126-0563x301,tristansingleton@marks-fitzpatrick.info,2020-12-05,https://price.info/
a8a2B4e499C210A,Jo,Woodward,Horne and Sons,Lake Kerrifurt,Timor-Leste,001-752-057-6655x568,292-933-7318,marvinstuart@jacobs.org,2021-12-19,https://bass-vaughan.com/
be35Bddfe87CcC7,Carlos,Hudson,Hays-Lynn,Lake Linda,Belarus,(414)354-5504x6813,465.876.9771x16879,alexsutton@nixon.net,2021-12-20,https://logan.net/
4cacD43Dd1480a0,Morgan,Moses,"Sanford, Keller and Davila",New Francesside,Guam,346.945.2217,(299)554-6670,yesenia98@ortega-lang.org,2022-01-09,http://www.bowen.info/
0bea0a0B23c286F,Breanna,Merritt,Riley and Sons,Port Chrisport,Thailand,001-988-272-5771,537-435-3952,shari87@simmons-villanueva.info,2020-04-20,http://curry-blankenship.org/
8A9bBbFcEc21842,Willie,Rollins,Small PLC,New Spencerbury,Sri Lanka,997.871.3990x6902,(761)855-3170x1973,smcclain@sloan.net,2020-07-06,https://www.crawford.net/
9CDa6CDB6AACfDa,Felicia,Townsend,Obrien-Webb,Patrickbury,Cape Verde,(582)975-3462x08382,(932)539-6455x79440,curtisroberson@travis.com,2020-02-14,http://carter.org/
CCEF2Aa8B663F5E,Lacey,Madden,"Wheeler, Sandoval and Gay",New Daniel,Estonia,437.467.6644x7230,940-053-3708x2393,zmaldonado@bass.com,2022-01-31,http://www.maldonado-armstrong.net/
32e78699553B7DE,Daryl,Harrell,Bean Group,Lake Belinda,Serbia,001-164-645-0236x1029,382-774-6433x35682,kirbysylvia@houston-hebert.com,2020-09-02,https://www.hardin.biz/
8767A003F9aDD95,Daniel,Schwartz,Olsen and Sons,Rileyhaven,Suriname,367.892.0682x7916,+1-850-980-7595x2041,gshannon@rojas.net,2021-10-24,http://allison.com/
1e0a9de3Fc41f4d,Mason,Huynh,"Floyd, Cox and Richard",Port Cameron,Saint Lucia,5894629364,001-449-146-4680x8839,lucas66@mora.com,2022-01-23,http://www.bryan-carson.com/
971fa0BB499e0e3,Norman,Bates,"Luna, Ballard and Robles",New Wyatt,Dominican Republic,864-360-2837x98383,546-772-2003x1317,fruiz@burns.com,2020-07-18,https://www.faulkner.com/
FAcCa20A01f1782,Kellie,Davenport,Lewis Inc,Clinemouth,Antigua and Barbuda,1101291547,001-069-498-8492x022,maria02@becker.com,2022-03-28,http://ball.biz/
0de1513f0e04f40,Natalie,Stuart,White-Mejia,Olsonhaven,Heard Island and McDonald Islands,001-448-685-2567x4816,001-616-109-2998x21215,schaeferchristie@davila.com,2021-11-23,http://www.thornton-bender.com/
5aa73EbF2FF04a0,Jennifer,Kidd,Stanton and Sons,South Heidistad,Nepal,(822)026-7285x809,651-783-3121x87916,xavieroneill@booker-carter.com,2021-08-03,http://werner.biz/
c6bFafa9aaC15Da,Tami,Hampton,Guzman-Brewer,Tylerberg,Barbados,354397529,(963)424-8195x0124,gspears@pace-blake.com,2022-03-16,https://bradley.net/
BbcfFd9D29685BA,Roger,Jimenez,Sims-Mckenzie,South Haydenville,Lebanon,747-121-4101,(421)754-9282,amy85@banks-russell.com,2021-03-01,https://www.landry.com/
C44d9CaF849FCbf,Allison,Nixon,"Madden, Knox and Harris",Novakton,Denmark,001-795-457-1873x998,+1-999-903-8173x39258,jweber@holt.com,2021-07-20,http://lam.com/
EdffD0Fce258adE,Anne,Hardin,Santos LLC,Jonathonview,Suriname,486-807-6475x166,(311)395-3251x9021,barry55@kane-mercado.com,2021-11-28,https://www.bruce.com/
a3abFcEAFd26cC2,Sheri,Sosa,"Wilson, Bates and Potter",Malloryburgh,Reunion,(803)370-4465x8862,975-222-4178x8483,jharding@snow.biz,2022-02-21,http://frank-walker.com/
e00ec9a3EB1Aedd,Elijah,Bennett,"Patrick, Duran and Weeks",West Leslieview,Holy See (Vatican City State),001-844-975-2263,(055)258-5996,tabithamitchell@woodard.com,2020-02-05,https://www.carey.net/
79B604c25b08F7b,Gregg,Mcclure,"Mcmillan, Sparks and Bean",Samanthaville,Malaysia,+1-110-769-1479x976,9339302604,nbautista@poole-mcneil.com,2020-07-17,http://gross.com/
D43Da0A148BB14D,Haley,Lawson,Ayala-Mcgrath,Earlshire,Finland,001-980-074-3637,(220)206-3082x6175,schaefergerald@hill.net,2022-03-26,http://stanton.com/
3E32D754Cbb56ef,Manuel,Harper,Peterson LLC,Brownview,Montenegro,001-120-453-5450x21782,001-485-709-5600x9820,kathy06@vang-stevenson.info,2020-08-24,http://pierce.com/
D7db457bccB9eE8,Devon,Horn,Burch-Elliott,East Xavierview,Philippines,+1-776-517-8706,001-791-057-4364x00816,brittney20@burke.biz,2020-12-13,https://www.wade-randall.org/
26cB333b6EE9481,Maxwell,Conway,Oliver Group,Robertamouth,Mexico,699.602.4358,998-447-0075,tvang@gay.biz,2021-01-14,http://www.robertson.biz/
BdEa0BABdFfa0E9,Dillon,Chung,Horn-Hines,Choiside,Barbados,+1-640-186-3665x84637,(744)579-7069x52352,carrie26@nunez.com,2021-01-24,https://www.harrington.com/
7B63C90d01DB0F8,Connor,Serrano,"Solis, Fields and Paul",North Jimmyfort,Mayotte,745-360-7320,5115516988,olivia37@phelps.com,2021-03-31,https://french.com/
3dAe819B0EA3f4D,Chloe,Reilly,Matthews-Camacho,Lutzhaven,Bahamas,001-317-954-9043x251,001-063-031-6424,jaimeconrad@bowman-simmons.com,2021-06-08,https://madden.com/
ff9cAc6C5E6BAa4,Ronald,Li,Pollard Inc,New Mindy,Haiti,001-089-547-2367,1109421921,ibird@acosta.com,2021-09-07,http://www.rosales.org/
BAADddA555d3022,Arthur,Hampton,"Parsons, Baldwin and Rivas",Kerryton,Barbados,(010)916-3348x43272,355.631.5182x01351,mlutz@george.org,2022-03-22,https://www.norris-cooley.info/
0341cC68a6965BB,Shawn,Ramsey,"Copeland, Travis and Bartlett",Allenmouth,Sweden,562-023-1622x351,001-458-958-1052x32001,vanessa27@guerrero.org,2020-04-05,http://sweeney-terry.com/
A9CbdBEf7cCBAdA,Brian,Spears,Hubbard LLC,Hodgesshire,Peru,001-636-935-8060x93176,(496)996-0474,marissa13@love.com,2021-09-14,https://www.nunez.info/
7DD8d6e0AABA8FF,Roger,Novak,"Cortez, Stevens and Ayers",South Barry,Netherlands,149-407-4039,+1-907-768-1609,gardnersandy@zuniga.net,2020-01-03,http://orr.net/
cEF6414E79bCECB,Theresa,Wilkerson,"Mack, Hall and Leon",Lambury,Mali,941-087-8168x6014,132-872-9629,grant00@chang.com,2020-07-26,https://www.durham-walls.net/
c619d5eB2cB3e9b,Miranda,Clark,Roberson Ltd,Gallowaytown,Turks and Caicos Islands,001-098-675-7272,775.406.2646x512,stewartspencer@tran.com,2022-02-18,http://hester.com/
ae37F41D3CDd82d,Kelli,Barron,"Gray, Contreras and Ball",Angelicatown,Macao,128.189.6323x5170,074-693-6371x208,trevor78@beltran.biz,2020-10-09,https://sloan-valencia.com/
9C0B5dAEDDA1C7d,Mason,Mccann,Contreras-Avila,East Coltonhaven,Mauritania,001-922-755-5590x059,782.089.6909,garciajerry@francis-barry.com,2020-01-15,http://www.leblanc.info/
9fb7A55B76aAaEd,Anthony,Mendoza,"Moon, Benitez and Hanna",Mccoytown,Barbados,471.344.9899x828,(182)765-1091,brewerannette@costa-winters.com,2020-03-17,https://www.estes-chapman.com/
E5aE4efa83cCAC6,Frances,Alvarez,"Hendricks, White and Donaldson",Frostshire,Trinidad and Tobago,+1-710-811-5825x5616,+1-368-101-4036x90708,sotobill@trujillo.com,2021-04-13,http://www.mcneil.com/
7837256D21D9BeA,Marvin,Harmon,Roman Inc,North Alyssa,Panama,145-044-9784x212,863.633.1034,erika98@christensen-bray.biz,2020-05-29,http://cooke.com/
b05eD2cf6bf55C3,Jeanette,Sullivan,"Hartman, Craig and Rivas",West Stephen,Tunisia,3744069356,228-615-5615x3046,bennettjoseph@cisneros.com,2021-05-22,http://www.schmitt.com/
dBc9B40874101D7,Marcus,Gillespie,Oconnor and Sons,Mccartymouth,Panama,614.124.9703,564-113-8371x343,courtney45@christian-bishop.com,2020-01-05,https://www.mathis.com/
C350cDb6C99Bf1D,Chase,Campbell,Pollard Inc,Rodgersshire,Luxembourg,001-635-091-3667x287,103.916.4971x702,lydia08@shelton.info,2022-04-24,http://www.mccarty.net/
CCD016f5e064faF,Gwendolyn,Foley,Heath and Sons,Emmaland,Turkmenistan,320.107.8978x2778,001-156-511-5085x73976,kara18@short.com,2020-03-10,http://donaldson-roach.info/
695cA606ecF5F75,Danny,Barron,Yates Group,Lake John,Niger,+1-182-320-6044x282,857.685.9812x80466,lwood@davila.info,2021-04-12,https://www.morgan-brooks.com/
C3CCE5B9412dDD8,Manuel,Woodward,"Compton, Tran and Campos",Vegashire,Jersey,(468)796-8316,618.226.0765,colton05@cooley.org,2020-09-18,http://woodard.biz/
D44EaEf1226b4ae,Keith,Raymond,Bauer Ltd,Port Jerometown,Lebanon,(831)006-3484x1816,(119)562-7626x3507,harry87@terrell.net,2020-11-02,http://navarro-preston.com/
daCD7e1c74D0ddf,Norman,Kramer,Douglas PLC,Kurtchester,Oman,464-960-4692,163.524.1975,vegajustin@terrell.com,2020-06-03,https://barron.org/
BdcEaBE2dDAe5E7,Frederick,Benton,"Fuller, Sandoval and Cameron",West Glendaton,Guyana,001-119-724-0976x35117,+1-140-740-9588x164,linda58@shaw.biz,2021-04-14,http://www.shields.com/
ABa12bD6703162e,Stephen,White,"Doyle, Estes and Dennis",New Alicia,Vietnam,069.962.0551x34572,001-171-904-3129,curtis16@clay.net,2020-10-26,http://www.herrera-perez.com/
98195d38DfadfDb,Nicholas,Spence,"Kidd, Smith and Duran",North Ariana,Cameroon,+1-444-637-0960x849,(463)047-1014x9158,theresa92@guerrero-arellano.com,2021-11-06,http://www.osborn.net/
5Feb1837B61cA9f,Alvin,Leon,"Anthony, Salazar and Ashley",Cabrerafort,Guatemala,564-691-5494x42730,8497549506,qcervantes@morton-huerta.com,2020-08-20,http://www.page-hampton.com/
Aa7E9dcedBf3A3e,Norma,Owens,"Austin, Fitzgerald and Hale",New Judith,Equatorial Guinea,+1-461-624-1215x25056,980.653.2421x5429,ybanks@franco-daniel.com,2021-09-04,http://haney.com/
56dE084ff34F362,Alejandra,Braun,Ferrell-Whitney,Jeffersonland,Andorra,(949)514-4961,+1-939-206-8414x504,dominique23@larson-macias.info,2021-10-23,https://daugherty.com/
fadfD51c8fAf80a,Ryan,Caldwell,Curry-Burgess,Howardville,Sudan,+1-816-562-0779x4639,001-288-379-8576x3668,peggy73@kidd.com,2021-04-04,http://campbell.info/
F6aD9D5470fc6fF,Sara,Salas,"Mcmahon, Reyes and Maynard",Churchstad,Nicaragua,(258)085-9117x04579,772.954.1186x77963,dmayer@rasmussen.com,2022-01-02,http://www.mercado-brown.com/
ebd25dbbdEFe520,Francis,Hatfield,"Rose, Kaiser and Hinton",West Bailey,Kyrgyz Republic,(630)742-2703,+1-478-990-4022x121,nicholsjasmin@sloan.org,2022-01-29,http://snyder.info/
E5afdBe3778c85a,Madeline,Perry,"Jacobson, Salazar and Miller",Mariahmouth,Japan,(565)008-7256,566.625.1678,gordon61@marshall.biz,2021-12-11,http://massey.com/
0F5b91b9CFF04e4,Kelli,Bautista,"Wiggins, Vasquez and Gibson",Willisshire,Bouvet Island (Bouvetoya),(619)954-6369,+1-525-206-0906,novakbrady@dunlap.com,2020-10-04,http://www.tapia-dickerson.com/
a7dC7cebCfA011e,Joy,Cardenas,"Terrell, Davila and Bailey",Haneyhaven,Montserrat,+1-483-867-5023x43343,+1-913-721-9096x522,stacycooper@norman-love.com,2020-09-19,https://www.mcfarland.biz/
A7Db6c72bAaB2C5,Belinda,Smith,Snyder-Lowery,Tabithaview,Iceland,001-715-426-0136x11943,+1-862-203-9069x8067,bruce92@watkins-burch.biz,2022-02-21,http://calderon-benson.net/
57D8eeDBCEC5915,Eugene,Lucas,Miller-Wu,Kerryberg,Faroe Islands,148-360-6577x347,449.716.8233,jowall@gallagher-george.com,2022-02-18,http://www.mcdonald.net/
025077BfbCFCFaf,Michelle,Bass,Mcclure Ltd,East Gabriellestad,French Guiana,945543957,001-002-017-6061x120,turnererik@greer.com,2022-01-08,https://ware-cisneros.com/
F3b1FafcDf2BFD9,Roy,Richmond,Haynes-Maldonado,North Josechester,Yemen,001-797-673-2350x19098,001-936-733-0586,benjaminalfred@novak-hodges.biz,2021-01-14,https://little-collier.com/
65BD5BB3D018adE,Jim,Holt,"Mccarthy, Baldwin and Gardner",Paulaside,Liechtenstein,(748)367-5510x16011,(681)176-1774x7373,andrew95@lopez-arias.com,2021-04-26,https://beasley.com/
cdcb2654DEaD8A4,Danielle,Barr,Vaughan-Greene,West Brianhaven,Chile,787-740-3528,3900940612,omarreed@alvarez.com,2021-07-17,http://www.russell-lopez.biz/
9adC887e5bBdDC7,Ryan,Wong,"Kramer, Ewing and House",Trujillomouth,China,059-035-7994x1757,7532692998,ywiley@allison-contreras.com,2020-07-19,https://www.powers.net/
eC4B194dEbfA1cF,Wyatt,Jennings,Stone-Wallace,Sheashire,Malaysia,4835747678,8557569201,tammynewman@vazquez-diaz.com,2020-11-14,http://www.whitney.com/
abbaa374b64a13d,Jesse,Gill,Fuentes-White,Salazarborough,French Guiana,848.113.3990x33531,+1-446-884-0474x407,prestonburns@chang.com,2021-03-04,https://www.cabrera-cooke.com/
5f7CEB4Eca19efB,Ernest,Lopez,"Vargas, Wade and Donovan",Toniview,Mauritius,799-839-0938x2066,954-749-4728,cuevasdana@brooks.com,2020-04-14,http://duncan.net/
e28ca6eED0ab676,Desiree,Vang,"Osborn, Palmer and Mooney",South Christian,Anguilla,(034)816-9478,(679)804-4072x2180,hbryan@landry-short.com,2020-10-13,https://www.vazquez.com/
e7EEB79Becdaa19,Robin,Choi,Mason Inc,West Beverlyborough,Honduras,001-751-436-5472,608.680.5837,jordanhernandez@spears.com,2020-06-16,http://christensen.org/
DDB00D515DC1cEe,Elijah,Acosta,Cisneros-Roach,Maysborough,Saint Lucia,622-469-0502,001-210-998-1907x03366,wcarroll@bartlett.com,2022-03-25,https://brown.info/
0baBa8a3e0a46Ab,Edwin,Winters,Grant LLC,Bridgetland,Uzbekistan,(594)874-7501,+1-534-915-3908x91188,fordantonio@adkins-krueger.info,2020-08-10,http://www.frazier.com/
e205B68c24D0f8E,Edwin,Strickland,Strong-Acosta,Lorishire,Guadeloupe,(551)071-3254,+1-582-291-6550x101,harry18@stuart-bean.com,2021-03-12,https://www.lara.com/
bcfCEB505EEF8a3,Sandy,Price,"Pollard, Brady and West",New Sheilaburgh,Turks and Caicos Islands,001-741-932-0932x0177,360-900-2707,vstanton@lucas.com,2021-04-20,https://simmons.com/
0dCdaB72E1f65Fc,Louis,Tanner,Malone Ltd,West Jacob,Grenada,(442)211-3561,206-929-4696,norrismanuel@torres.net,2020-05-29,http://www.bishop.org/
3E3bfED8c4CB7FA,Ernest,Chandler,Hawkins Ltd,Lake Glenfort,Jamaica,(207)969-9678,635-838-4189x71067,darlenepayne@villanueva-stevens.com,2020-01-13,http://randolph.info/
cf67E09ccbc4cA1,Erin,Burton,"Neal, Wright and Moss",New Gloriastad,Faroe Islands,001-268-417-5764x8435,174.045.0984x003,vhammond@schultz-jensen.info,2020-03-26,http://yu.com/
8A90aab81aBAFc8,Roberto,Bolton,"Mcmillan, Johns and Velez",North Makayla,Togo,(590)599-4092,(838)231-7940,adkinsbrittany@nolan.net,2022-01-23,http://thompson.net/
941BFAeCb22a6AF,Bryce,Conway,Willis-Rodgers,Wandaport,San Marino,+1-653-700-0067x5431,(346)349-2161,uosborne@hayes-chen.com,2020-05-03,http://strong.org/
Cbf5CfccF97Cac8,Dean,Stone,Patel-Mercer,Caitlinland,Saint Kitts and Nevis,3237621468,(348)743-8731x95608,wesley97@keller-walters.com,2022-04-18,https://www.bell-murphy.com/
aCfb20008cAbe8e,Mallory,Kemp,Howard-Duffy,Maureenville,Zambia,239.704.1943,393-779-8912,darrell04@cardenas.net,2020-06-14,http://www.rodriguez.net/
c6c68a7A59A9B8d,Rebecca,Singleton,Aguilar PLC,North Caitlinchester,Indonesia,(832)549-8161,+1-741-086-0739x21171,conwaytommy@mullins.info,2021-07-06,http://www.hunt.org/
d47D9cf5dFA3813,Corey,Melton,Jacobson-Wade,Port Bailey,New Zealand,+1-104-581-5426x4237,001-614-999-8183x785,kemplaurie@bradshaw.com,2022-03-17,http://morales-brewer.net/
B0d8ceC3bAbD87d,Sarah,Rubio,Moody-Gilmore,New Tristan,Uganda,(879)649-3776x55078,001-194-081-7692x471,tanner94@mann.com,2022-03-04,https://www.stone.com/
a63ff9dd592c55F,Phillip,Kelly,Boone Ltd,West Fredmouth,Montenegro,(531)570-2386x630,440-791-4041x495,gabriela37@sanford.com,2020-11-24,https://www.shaw-martin.com/
79Bc537a312fD8D,Connie,Andrade,"Quinn, Mendez and Jacobs",New Rose,Antigua and Barbuda,261-197-3480x52938,510.153.5414,dwayne67@bernard.com,2020-07-10,https://www.scott.com/
a6f01EcEcFf79d1,Frederick,Vargas,"Blackburn, French and Zimmerman",Traciemouth,Mauritius,821-143-1835x110,+1-728-960-4095x68882,suarezcaleb@hoffman-craig.com,2021-03-07,https://herring.org/
61DbE2f2f4CfA55,Emma,Douglas,Mccullough-Harrison,Jeffhaven,Tonga,(447)750-0364,(925)023-5928x97748,jermainesherman@weeks.com,2022-01-13,https://www.mcclain.com/
27D970AE9DeaFCd,Eileen,Knight,Jackson Ltd,Valerieport,India,2676815326,126-758-7046x060,woodsshawna@alvarado.net,2020-10-14,https://dillon.com/
303E1ebfd701D4D,Laurie,Galvan,Blevins and Sons,South Michealtown,Bermuda,4415985743,(336)842-6305,codyscott@potts.info,2021-03-27,http://padilla.com/
6Ae684fcC61bfC4,Kaitlyn,Howe,Mcdowell-Wade,Castanedaport,Isle of Man,+1-378-929-0747,106.085.8771,qbray@wiley.biz,2021-03-05,http://knox.com/
7Abf6B543B4b7a7,Terrence,Avery,"Francis, Stevens and Stuart",East Omarton,Seychelles,714-503-6277x429,(587)075-2187,brady45@holland.net,2022-05-26,http://doyle-goodman.biz/
A9bDA2C696C8C1C,Vernon,Gilmore,"Wagner, Briggs and Watts",Port Kaitlinburgh,Malawi,583.153.2719x071,256-050-8318x197,sara83@tran-dorsey.info,2021-04-19,http://www.gould.com/
A27bEc5e937811b,Ernest,Mullins,Sanchez Inc,Lake Dillon,Liberia,+1-732-370-2845x64623,768.789.0673,lbryant@farley-park.com,2020-07-20,https://fritz.com/
4d06FD37DcFDf4A,Glen,Foster,Russo Inc,Parkermouth,Saint Vincent and the Grenadines,+1-947-033-4914x124,+1-673-039-8802,marissa92@harding.info,2020-04-25,http://lam.com/
F9E517CB088712f,Alice,Hebert,"Floyd, Golden and Bass",South Renee,Costa Rica,298.634.5895,(214)300-1481,sharpperry@west.biz,2021-09-15,http://kemp-craig.biz/
d07882386D90Af8,Julia,Williamson,"Murray, Jennings and Mccarty",Moorefurt,Cote d'Ivoire,+1-000-610-1378x37842,913-094-6948,cassiesilva@patton-edwards.com,2022-04-10,http://www.mejia.com/
fedE7F470B17B0B,Andres,Roth,"Woodard, Sharp and Colon",West Patrickfurt,Argentina,(031)368-0600,001-542-332-4810,hsolis@griffith.com,2021-01-04,https://burgess-alvarez.com/
bA34810aC7B7aE7,Destiny,York,Juarez PLC,Mezaborough,Kazakhstan,937.545.7338x134,006-948-3832,lucasconway@hardin.net,2020-08-02,https://www.webb.info/
ad2d9e0D7C5e3D9,Monique,Ramsey,Tyler Ltd,Port Bridgetstad,Taiwan,+1-153-603-3967x23618,3952990473,beltrancandice@estrada.com,2021-08-16,http://www.mercado.com/
2a3c52D94a8FDCF,Rebecca,Scott,"Schneider, Fischer and Soto",Brendanside,Seychelles,001-697-288-6176x3335,(925)404-5066x6239,woodwardalicia@davenport.com,2022-03-12,https://www.whitehead.info/
a89F0cf6EEfd8f4,Dominic,English,"Mcclain, Klein and Chaney",Estradaville,Lesotho,431-046-3807x07034,4515683636,ksimpson@rosales.com,2022-01-27,http://www.rodriguez-reyes.com/
B2ebB2bB040e172,Ebony,Miller,Gates LLC,East Brenttown,Bermuda,916.142.4714x65582,341.044.5626,davidcasey@ponce.info,2020-12-01,http://warren.com/
1614531Fac153C7,Isaiah,Schneider,"Reynolds, Payne and Bullock",Alexaview,Vietnam,483.795.3412x2520,001-514-197-5719x01692,kenneth56@adkins-flores.com,2022-02-11,https://sharp.com/
6a1fECCedcD5C3C,Savannah,Marsh,Hobbs-Mayer,North Toddview,Uganda,001-091-350-9171x113,208-628-6855x25954,ablankenship@mccall.com,2021-03-27,http://juarez-carey.biz/
fb3DDD2fEDFfee2,Mason,Osborn,"Wang, Sanford and Stout",Lake Tracie,South Africa,074.176.6421,+1-826-902-8925x58826,gouldruth@mendoza-hull.com,2020-07-21,http://www.leach.com/
Ae241447ccECDAc,Erica,Walter,Cole-Gould,South Manuelfurt,India,+1-992-604-9326x50451,221.569.2289,kaitlin56@sosa-thomas.net,2020-03-16,https://www.wells.com/
6EAaAe4DBBC5c7F,Adriana,Obrien,Herrera-Conner,West Leeborough,Bolivia,001-919-381-2791,405-739-8290x2064,claudiaberry@bender-gillespie.net,2021-08-23,https://www.mahoney.com/
26DA623bcf8BFB2,Joy,Mercer,Cain-Smith,Johnnyview,Cote d'Ivoire,(429)672-7636x6097,944-407-6115x221,maysalyssa@preston-whitaker.com,2020-11-14,http://www.hanna-butler.net/
dEE756Ce30Fce52,Christopher,Allison,Hess LLC,Fordfurt,Nepal,669.805.4311x9823,+1-136-450-9225x57742,hharrell@mills.biz,2021-03-19,http://joseph.com/
97aDf4215738A7B,Marilyn,Macdonald,Hayes Group,West Carolineton,Faroe Islands,001-701-443-3527x036,+1-039-414-8064x046,devinrosario@byrd.com,2020-03-26,http://bright.net/
5CE55DA29696E1F,Ian,Galvan,"Bradford, Obrien and Morris",Middletonhaven,Saint Kitts and Nevis,675.492.1709x3219,+1-277-845-4265x029,robynlevy@spence.info,2021-08-28,https://reid-crosby.com/
647EBDCefd6ABfA,Natasha,Kemp,Moses LLC,South Paul,Paraguay,3445758198,809-051-8318,mario53@long.com,2022-01-04,http://ross-summers.com/
aaEAbf6C5EC23C2,Gloria,Anthony,Pierce Inc,Soniafort,Barbados,001-209-995-5970x830,601-551-6979x23749,samanthamccall@conley.com,2021-11-09,http://www.reyes.net/
a75d51C0dDECb89,Sheryl,Haney,Mayer-Velez,South Pamelastad,Germany,197.369.1571,+1-309-031-2453x0674,colejon@carson-davis.com,2021-01-27,http://castillo-padilla.biz/
3C5ca1Dce7Aaa8f,Kylie,Paul,"Hatfield, Hudson and Glass",Alisonbury,Croatia,200.335.5435,(148)492-5891x31274,tommy62@love.com,2021-04-06,http://delgado.com/
C5e818ec08B5aaA,Laurie,Graham,Murphy and Sons,West Kaitlynfort,Canada,4009876205,(826)314-0450,waltergreene@ortiz-marshall.com,2020-04-08,http://www.ashley-ewing.org/
9F3EF2B86c3ea30,Jackson,Huerta,"Villarreal, Fernandez and Winters",Ballchester,Moldova,199-288-2506,(070)063-9219x741,tara33@solis-rojas.com,2020-05-15,http://www.noble-raymond.org/
46CE451Aaff8C3d,Jon,Holland,Sullivan-Terry,Jakeborough,Sierra Leone,054.226.3890x48230,001-337-948-8312,farrellmanuel@kennedy-kirby.com,2021-07-30,http://davis.net/
BC92124BbAdb9a4,Shelia,Webster,Serrano-Nielsen,Lake Katelynton,Montenegro,001-400-478-6214,(991)442-8543x3864,millskatelyn@ponce.com,2020-04-12,http://www.robles.com/
cCdaaCEff7ab4a0,Timothy,Shaffer,"Mullins, Cisneros and Boyd",West Jesus,Wallis and Futuna,001-686-209-7368x12737,+1-117-660-4653,laneandres@gilbert.com,2020-02-12,http://www.wilcox.com/
A7784bF3F61Abbc,Carl,Byrd,Hartman-Zhang,Simonmouth,Hong Kong,+1-821-085-8923x576,+1-093-110-9428x1078,arthurnguyen@mendez-kennedy.net,2020-06-26,http://www.wheeler.com/
Ea5906ce832cAA2,Felicia,Stein,"Johnston, Pope and Kirk",Rileybury,Djibouti,+1-479-211-1356x7705,(234)757-0892,angie16@ayers.com,2022-04-21,https://larsen.com/
2ace8D41E7eA5ED,Jeremiah,Boyer,Case PLC,Cindystad,Turkey,(388)862-9602x5134,(130)284-2873,jakestanley@hughes-williamson.info,2020-08-04,https://www.ray-austin.info/
aB5C6b1Fd82bF1f,Darren,Huynh,"Howard, Frye and Neal",Jimenezland,Andorra,+1-095-864-3551x4775,+1-119-925-6997x97182,kariarnold@valentine-underwood.net,2021-10-05,http://lester.info/
1c550d3C2a6CaFE,Allen,Gordon,"Turner, Wagner and Gould",South Feliciaborough,Sweden,496.404.8958,+1-460-270-0834x42768,nmontgomery@singleton-hodges.com,2020-09-16,http://joyce-sampson.com/
fE18b60F48DB50c,Drew,Benson,Pittman PLC,Port Hectormouth,Lithuania,(104)809-3951,+1-211-855-5357x6865,ferrellmarc@mata-lindsey.info,2021-06-15,http://www.moran.org/
4EECdbcDce6C4fC,Dennis,Bailey,Conley Inc,West Desireebury,South Africa,001-194-904-0576x4632,001-845-191-8517x8250,roykelli@huang.com,2020-11-23,https://www.stanton-strickland.com/
2dd2BaD73eDF940,Kristi,Cain,Singh-Mcneil,Lake Judy,Sweden,(352)387-6140x83619,(509)265-2073x79944,kari40@strong.biz,2021-10-09,http://www.daniels.com/
Cc7dfdc626caEFf,Kyle,Cline,Williams Group,Mistyside,Pakistan,327.788.2477,001-061-977-3572,isaac44@cisneros.info,2020-01-30,https://vance.com/
1C141a357dA4Ddd,Gabrielle,Dennis,"Gomez, Sanders and Cantrell",New Damon,Namibia,001-616-702-7385x89733,+1-741-762-2242,caitlin73@acevedo.com,2022-04-16,https://sullivan-dunlap.com/
DBaBaB3Bbb1fDC2,Cassie,Frazier,"Mcclain, Mccann and Delacruz",West Antonio,United Arab Emirates,(518)380-4802,(603)014-3499x59085,roger90@spence-moore.com,2021-12-19,https://www.saunders.org/
BEDcbBf220Ecc7c,Mason,Collier,Booker-Norton,East Leonardbury,Costa Rica,751-596-9083x204,001-005-006-0782x813,lovejade@maxwell-vargas.com,2020-01-22,https://mills-bryant.com/
4cC5f64DA8dd420,Tonya,Greene,Waters-Tanner,Caseland,Saint Vincent and the Grenadines,+1-849-482-4087x91427,(361)556-0172x0811,joseph42@woodard.org,2020-05-14,http://strong.info/
ecbAa91517b5fAB,Lynn,Kelly,"Snow, Oneill and Rangel",Port Aprilville,Gambia,(046)102-1070,205-901-0925,fmay@pope-baker.com,2020-04-29,https://www.tyler.com/
bDFFc3B1e4AD3Fd,Shaun,Knight,"Moore, Douglas and Woods",Macdonaldtown,United Arab Emirates,001-854-783-6560,662.566.2684,vprice@sloan.com,2021-12-12,https://blankenship.com/
cE26d5BBEc5aeeE,Austin,Knight,Walter-Espinoza,Sheriville,Kazakhstan,+1-994-436-6664x6190,+1-716-520-9719x1785,herbert33@keller-morrow.org,2021-09-29,http://saunders.com/
A4EAc3aaDBfF292,Kirk,Kidd,Bridges-Salazar,West Meaganhaven,South Africa,200.769.2581,+1-201-869-1581x13901,chloeray@sims.org,2020-11-14,http://www.savage.com/
Aa45dE7769DfEa6,Aaron,Horn,Callahan Inc,Sydneyport,Timor-Leste,(846)730-1820,(446)611-2429,ckemp@travis.info,2022-01-06,http://khan-arias.info/
ED4E80eBDF1d2Ae,Jaime,Zuniga,Boone Inc,Lake Sheilamouth,French Southern Territories,(351)948-2499,985-122-8726,shelleykirk@sloan-love.info,2021-01-29,http://www.orozco.com/
600c1738d3Eeea8,Wyatt,Roy,"Bond, Petty and Carey",New Alvinstad,Guyana,9311252418,879-230-3040x834,alex50@choi-booker.com,2022-05-28,http://www.colon-santiago.com/
eeB8832b6477dfB,Darin,Clay,"Gordon, Stanton and Chapman",Anthonyborough,Sierra Leone,434-158-1526x08812,906-726-7936,jeffreydaniel@higgins.com,2021-04-07,http://www.bowers-walter.biz/
CDe18D005a1ba61,Tim,Rowe,Clayton-Fitzpatrick,Lake Marilyn,Cameroon,+1-725-722-0639x427,868.984.3423,vanessa75@love.com,2021-02-28,https://ford.com/
Ef03b9DcbFbe3Cd,Yvette,Phillips,Dickerson and Sons,New Caitlinburgh,Montenegro,001-828-468-3820x51710,7632323716,tballard@carey.com,2020-03-22,http://carter.com/
c6eea640aAE21CF,Bonnie,Erickson,Mullins LLC,Port Brendastad,Maldives,208-848-1634,2923449224,meredithpalmer@brewer.com,2021-09-01,https://murphy-hampton.com/
ab01e15Ca204bE8,Kathy,Hester,Cruz-Leach,Lake Harryburgh,Jamaica,214.230.7711x0244,975.842.4979,nicholsshelley@smith.com,2022-01-29,https://elliott.net/
bC687Fbdd2424ab,Blake,Holloway,Ferrell-Mueller,Kathrynfort,Botswana,946-554-8585x603,(155)387-6739,ramseygavin@curry-jefferson.com,2021-01-04,https://woodard-ritter.com/
DeaA6D332fADe14,Erik,Fowler,Ross PLC,North Breannastad,Greece,+1-019-947-0604,001-652-874-0350x527,whitney60@harper.com,2021-12-10,https://www.ibarra.com/
7581adDf1d7DD8C,Richard,Mitchell,"Spears, Flynn and Hendrix",Kentmouth,Korea,782-290-6262x10779,255.068.4162x28759,tracie52@ortiz.info,2021-05-29,http://www.trevino.com/
d4B5b7f4f19A1a2,Edgar,Bernard,Gay-Benitez,Port Yvonne,Kenya,(861)254-0855x515,456.382.5387,amack@cordova.info,2022-03-06,https://burgess.com/
EDF84b2D3f452d7,Lisa,Norton,"Beck, Sharp and Waller",Bentleyland,Maldives,681.119.3503x195,064.571.4165,jherring@gates.com,2021-04-13,https://www.butler.com/
E6B6Dbd1cCCB900,Meghan,Trevino,Pearson-Brooks,Port Edwardhaven,Honduras,+1-578-346-4552x90051,2012428909,geoffreyguzman@pace.com,2021-06-01,https://larsen.com/
F5E4EA14AFd42B0,Herbert,Day,"Rivera, Bradford and Montgomery",West Damon,Cyprus,+1-703-382-9671,(769)736-2690,kentdunn@russo-mays.com,2020-09-03,https://patel.com/
6abaeFbdb212Ad1,Gilbert,Hansen,Conner LLC,Lake Anabury,Mayotte,479.411.1690x2355,(004)893-7423x918,gordonisaac@gardner.com,2022-03-25,http://www.mcpherson.com/
fC49c3D4aFAD1Ab,Faith,Conway,"Ball, Leblanc and Baxter",North Erikberg,Bolivia,565.087.9856x481,1947568597,karlahood@walls-massey.org,2021-05-24,http://hartman.com/
0e5d94FC6778978,Suzanne,Terry,Richmond PLC,South Elainetown,Angola,818.794.0389x82537,6719858432,sherry54@pitts-greer.com,2022-02-04,http://glenn-levine.com/
Bdfb94c29dd34FF,Kaitlyn,Jefferson,"Riddle, Nelson and Beard",Roweburgh,United States of America,(573)103-1010,(730)390-0577x2847,kmays@parks.com,2021-10-04,https://www.sweeney.org/
BBBff63AedF1eb0,Kendra,Barnett,Jordan and Sons,Changville,Tunisia,+1-180-987-6830x3399,001-693-358-4345x39003,ybarron@rios-hendricks.com,2020-10-01,http://moreno-stokes.com/
63ddEa6Dd71Db50,Jared,Duarte,Sellers-Smith,East Julia,New Caledonia,067-505-0999,901.000.6348x117,alexandra01@vaughan-cooke.com,2020-08-06,http://www.sims.com/
Dcae5D501C9adD3,Monique,Alexander,"Small, Fox and Lamb",West Shellyview,Bolivia,001-999-291-7401x8115,775-142-8391x19212,arthurwang@pittman-foster.com,2021-07-03,https://www.johns.com/
04Bd5F8854C0BB2,Jack,Gordon,Estes-Norton,Lake Mallorymouth,Syrian Arab Republic,560.171.1559,001-717-520-9659x236,beverly55@curry.com,2021-01-31,http://www.price.info/
3d7BfF93ff9F5ba,Lindsay,Logan,Lucas-Haas,Alejandromouth,Monaco,+1-482-370-0560x6951,524.752.2246x12495,jadewells@ibarra.com,2020-05-05,https://www.reyes-andersen.biz/
FBdEB8beaD4CC91,Natalie,Ochoa,Bond-Banks,South Timothy,Cape Verde,+1-214-881-7936x4542,001-797-064-6943x9216,branchkelsey@fowler-charles.info,2022-04-26,http://carroll-oneal.com/
6CDef9Ed36B58D4,Shelley,Bruce,Kelley Ltd,South Jesus,Ecuador,416-808-2413,(912)391-7872,mpayne@villegas-french.com,2021-06-09,https://mcintosh.com/
fD7E3baEA3b9739,Mckenzie,Villa,Holland Inc,Darylmouth,Australia,5203899167,402506130,mirandaalexis@duffy.info,2021-12-08,https://robles.biz/
7d60D2dDF121acd,Cathy,Jarvis,"Cain, Roman and Pruitt",South Caseyhaven,Norway,+1-044-510-4797x01649,(175)257-8958,miguel55@zimmerman-wong.org,2020-10-13,http://www.mcconnell.com/
49FB80BFa60a782,Zoe,Pope,Campos-Clark,New Aaronstad,Ethiopia,(426)153-7018,(176)240-3916x303,tabithahoffman@hudson-berger.com,2021-03-16,https://www.norris.com/
e3d2bDBAD208dD0,Christy,Lutz,Walker Inc,New Hunterstad,Japan,2019250766,(951)793-2121,tomterry@gilbert-livingston.biz,2021-07-10,https://www.jimenez.info/
EddbA8F7CFA0954,Tammie,Duffy,"Randolph, Wilkins and Arellano",Alexanderstad,British Virgin Islands,027.537.9757,153.678.4330,rmaxwell@nichols.com,2021-01-28,https://melton.com/
c0F95C4823CfbAd,Lori,Fritz,Ramsey-Henry,West Anitafurt,Gibraltar,869-161-3806x72773,(620)496-6950,mandy36@benson.biz,2021-06-11,http://clayton.com/
ebfBfCd49f4e8FD,Sheri,Andrews,"Vance, Lopez and Gillespie",Dorothyfurt,Saint Lucia,175.487.6371,001-648-823-8417x3830,palmershelia@charles.com,2020-08-30,https://bradley.net/
771fdAa2a7E96A7,Andrea,Jefferson,"Chavez, Swanson and Foster",Raventon,Egypt,(865)960-5639,(360)024-5835x482,tannerjanet@walls.info,2020-04-19,http://mann.com/
dDb9dc9d88a9a3D,Tyrone,Callahan,"Solomon, Mcfarland and Norris",South Melissamouth,Tajikistan,411-137-3447,001-528-633-7975x9794,rachelvalenzuela@stuart-turner.com,2022-01-24,http://bond-hurley.com/
F19fBEcE1a740B2,Michael,Davis,"Knapp, Mckinney and Pham",Ariasport,Kyrgyz Republic,148-954-7793x004,(910)768-4838x74095,byrdvanessa@turner.com,2021-10-04,https://petersen.com/
433b6a71bfff4b6,Justin,Gardner,Dickerson and Sons,Beckyland,Switzerland,(793)285-0979,001-545-946-9230x97398,sanfordgordon@swanson.com,2021-01-02,https://arellano.com/
75e778b4fe40C0e,Ellen,Jarvis,"Dillon, Taylor and Compton",North Elizabethstad,Paraguay,059-763-9074x2112,197.444.3482,vegajohnathan@hardin.com,2022-01-31,http://harvey.com/
632CbfBa0E8EFf0,Ray,Costa,"Heath, Berg and Gibbs",Port Marilynmouth,Liberia,(267)090-3873x73189,590-919-1051x3235,rherring@galloway.info,2020-12-08,http://marsh-oconnor.com/
C4dcCd7Fa171FAe,Chelsey,Dixon,Meza LLC,Port Tabitha,Moldova,(573)688-1874x52087,750-008-3407x6172,erik82@cruz.com,2022-05-13,https://valencia.biz/
AdA06923CcA2d4F,Rebekah,Vang,Roth and Sons,North Ruben,Kiribati,887.883.2090x71190,+1-135-951-0688x0956,alex79@patton-campbell.org,2021-02-21,http://www.michael.net/
39ed6d9eeDC7D3e,Kent,Mitchell,Benitez Ltd,West Robyn,Sri Lanka,001-789-986-2163x40411,+1-143-925-4248x789,brent20@marshall.biz,2020-01-08,http://dudley.com/
930ebcE79D71FdE,Joann,Levine,"Kim, Aguilar and Andersen",New Mckenzie,Denmark,+1-900-215-2182x1198,676.839.7215x66829,shawna42@downs.com,2021-12-20,http://davenport-moran.com/
4bECa220B8E2066,Maureen,Mathews,Curtis and Sons,Lake Claytonview,Luxembourg,423.447.9998x54950,(904)675-2988,nielsendarius@gentry-chaney.biz,2021-04-18,http://www.hodges-yates.org/
59c712ACDf547d8,Judith,Moyer,"Holt, Yang and Boyle",New Brianna,Central African Republic,691-349-8187x950,(531)732-7358x595,ale@massey.com,2021-02-12,http://daniel-bray.com/
8df2ba29eCeCFbd,Jade,Frederick,Phillips Group,Robertfort,Armenia,001-700-548-5563x8943,(932)013-7148x15187,christinewoodard@melendez.biz,2020-12-04,https://www.tate.com/
FDC8DbC8dE94bA5,Reginald,English,Gamble-Gibbs,Christensenborough,Cambodia,+1-862-371-4517x67353,858.868.6379,marcus80@morris.com,2020-05-01,http://frazier-church.info/
bfBD14Ac0D2Cdd0,Isaac,Wilkinson,"Burke, Gordon and Wilkerson",Lindaview,Greece,3020977540,596-090-5728,rickey93@vargas.biz,2020-04-07,https://www.nichols-heath.org/
eeb4fCeeF00Ef8d,Kristen,Cameron,"Forbes, Kaufman and Beard",Ricefurt,Mali,+1-851-823-2698,521-878-3704,joseph94@tanner-ryan.com,2020-03-17,http://www.stout-oneill.com/
32C993f1F0D1C9B,Meredith,Roy,Mendez and Sons,Darinshire,United States of America,068.901.9170,(935)035-8188x0041,levinekelly@mays.net,2022-03-26,https://www.evans.org/
AF448EaC8b6b1Af,Tasha,Pittman,"Ferrell, Pierce and Calderon",Haroldville,Sierra Leone,875-461-4445x82567,530.849.3398x587,leonardirwin@garner-krueger.info,2021-11-18,https://giles-orozco.com/
304Ad71930542d0,Jacob,Rhodes,Murphy Group,Port Carmen,Algeria,370-544-7640x045,569.261.2410x123,karipitts@ayers-cox.biz,2021-09-13,https://www.stuart.info/
f2A8dB8a58FF9Ee,Glenn,Lopez,"Norton, Casey and Little",Lake Erinbury,Israel,444.836.0932,(579)185-2818x685,kerickson@summers.com,2021-10-02,http://gray.com/
cD70f8c8EF5eAE4,Jesus,Gonzales,"Hammond, Leon and Gilbert",Barreraburgh,Gibraltar,210.562.3331x327,549-231-4687,whuang@lin.com,2021-04-15,http://www.palmer.info/
dE1Ae4fea53eaC2,Sarah,Leblanc,Ashley-Melton,Daltonville,Sudan,317.783.1164x385,2227393195,jimbailey@hays.org,2020-02-07,http://www.acevedo-allison.biz/
186843Edf87c24B,Hayley,Norris,Pena Inc,Valentineberg,Seychelles,(462)804-7489,(550)359-0984x17016,leehooper@wise.com,2020-08-22,https://www.butler-singh.com/
b1Fc8fcEa248e17,Regina,Mcfarland,Larson Inc,Spencerborough,Sao Tome and Principe,354-972-1078,001-844-241-8734,craigmurillo@curtis.com,2020-03-23,http://herring-cisneros.com/
53eD081839B6E57,Yesenia,Alvarez,"Holloway, Ferguson and Fitzgerald",Port Nathaniel,Guadeloupe,001-389-426-7805x9646,(855)827-1085x7634,pottskerri@rosario.com,2021-03-30,http://savage.com/
AdF54Baa6eF3f1A,Rick,Hoffman,Cain Group,West Devintown,Hungary,377.518.2038x824,1607373301,salinasxavier@arroyo.org,2021-08-02,https://www.ramsey-cabrera.org/
add8585D174a0cB,Joy,Crosby,Trevino-Mathews,South Charlestown,Isle of Man,564.723.7447,001-739-111-0380x9519,priscilla20@david.com,2020-12-07,https://www.cunningham-sanders.info/
Df4d4eccc4EfE1d,Kristine,Mcclain,"Hicks, Hines and Hull",Javierton,India,937-843-6103x129,033-305-1640x6916,hamiltonelaine@levine-andrade.com,2020-07-12,https://velazquez-simmons.com/
20284c34EcbE37D,Gregg,Shaffer,"Roberson, Mcclain and Bradshaw",West Kelly,Poland,229.729.0761x958,6189627017,travisstacy@orozco.com,2022-03-19,https://olson-gray.org/
7b36eDE996a3bd2,Toni,Robertson,"Russell, Allison and Serrano",Warrenburgh,Bahrain,+1-698-694-8778x193,281-384-1180x45572,gravestasha@sellers.info,2021-07-05,http://www.robinson.com/
DF81313D8Acf45a,Martin,Pacheco,Greene Group,Karinabury,Faroe Islands,931.442.4323,667.531.8118x8413,bmaxwell@keller.com,2022-02-28,http://www.hogan.org/
38D5391A1ae539f,Brooke,Dunlap,Buchanan and Sons,South Nathanstad,Costa Rica,(073)561-1738x798,+1-290-077-9733,kiddwayne@marquez-ayala.com,2021-07-27,https://www.montoya-carney.com/
b3d8DBfAE0EA8ED,Kristie,Tapia,"Hammond, Shepard and Wilkerson",Port Michael,Estonia,277.988.9460x01512,022.539.1624,imann@blackburn.biz,2020-02-07,https://www.knapp-callahan.org/
EB838Cb6FcBB2F2,Joseph,Shaw,Hudson Inc,Port Prestontown,Gambia,(745)768-8584,001-628-116-5211x2210,omorgan@meadows.com,2022-02-05,http://soto.com/
9da3d344D1F759B,Jack,Franco,Blackburn and Sons,Alisontown,Poland,+1-178-419-0745x12857,+1-594-929-5302,watersanna@dudley.net,2020-01-26,http://www.berry-berg.org/
0aB3b979af2d6D0,Mckenzie,Jackson,"Mcgrath, Escobar and Cuevas",Henrymouth,Burkina Faso,299.348.8964x6462,(402)661-4214x6322,brosario@mercer.com,2021-11-30,http://foster.info/
Ffb73C1AF28Fc7D,Franklin,Herman,Cantu Ltd,Allenhaven,Ecuador,217.091.3915,(214)546-4840x58518,salinasjasmin@jackson.com,2021-01-22,http://everett-wheeler.com/
fBbc1E0CeE65BE7,Ronald,Tate,Wolfe-Silva,New Daniel,Mozambique,592.086.5254x926,+1-722-076-4361x98157,cervantesmaria@vincent.org,2021-05-10,http://www.english.com/
69FEC3F0FD6A897,Mason,Donaldson,"Andrade, Norman and Ibarra",West Rileyfort,Nepal,(265)786-1892,001-458-084-0201,ryaningram@stevens.org,2021-12-08,https://www.mcclure.com/
94cA16AFe68CC4D,Caleb,Griffith,Morton-Dudley,North Evelynville,Niger,+1-350-020-0270x7526,5361352759,peter97@newton.com,2020-05-10,https://bautista.com/
EdC595c710f313f,Caitlin,Boyd,"Frazier, Li and Landry",Wandaville,Austria,496-245-3496x550,366-275-4738x261,javierconner@saunders.com,2021-07-30,https://www.harper.com/
ff711516CaC705b,Terrence,Delacruz,Lang-Branch,West Jasmine,Kuwait,492-738-6070x1443,138.909.7471,robertacoffey@fry.info,2020-10-02,https://munoz.com/
eAa1Cf1f05cBD0a,Bianca,Nguyen,French PLC,Harryton,French Southern Territories,884.973.2490x7880,+1-795-403-4217x089,jterry@potter.com,2021-03-18,https://bryant.com/
bc1beCbCcF20CDB,Felicia,Schroeder,Stafford-Arias,South Dwayneview,Gambia,067.957.5321,001-726-945-6083x431,foxjoan@guzman.com,2022-02-20,http://choi.info/
5a16bE270f9cbFC,Elijah,Navarro,"Giles, Reid and Cisneros",North Jimmy,French Southern Territories,4036464204,731-835-6137,williamrich@byrd-harvey.net,2020-03-16,https://www.booker.biz/
eEaA6F9Fd9D1cd6,Darin,Frederick,Wilkerson and Sons,East Grant,Niger,(753)711-9659,685-940-4112x795,tannerseth@hughes-hawkins.com,2020-02-08,http://www.valdez-carr.org/
f2aab2A7CCDaEC9,Noah,Orr,Mathews-Floyd,Pughhaven,Togo,1695662591,(570)903-0217x470,eshea@newman-nelson.com,2021-06-07,http://ferguson.com/
d6c06b3d5A3FefE,Howard,Larson,Henson Ltd,Lyonsmouth,Jamaica,155.545.9670x1337,+1-643-000-5438x7377,lmoon@macdonald-meyer.biz,2021-02-18,https://www.morales.com/
5c6d2EBBB3229AF,Karina,Zhang,"Allen, Byrd and Oliver",Daveville,Lao People's Democratic Republic,(679)223-3818x7569,001-856-286-4813,bridgesivan@reynolds.com,2020-01-08,http://bass.net/
CBDbCE4988ACeEA,Patty,Rose,Banks-Dalton,Wareton,Monaco,716.670.5905x140,5735395696,paula16@brock.info,2021-03-06,http://raymond.com/
4167Bd6cCacB3a1,Isabella,Koch,Gould-Montes,Lake Melody,Togo,739.874.7103x5216,816.128.1343x4758,angela09@herman.com,2022-04-26,https://burke-jarvis.com/
Dc06edFE3AAB106,Wanda,Acosta,Lozano-Henson,Hannachester,El Salvador,+1-525-735-1302x010,+1-257-218-9549x4213,joherring@osborn.com,2022-03-17,http://leon-huerta.biz/
83f8924AEa5aBc2,Marilyn,Huerta,Heath-Cummings,Arthurberg,Yemen,001-564-986-8605x792,354-293-9198x36238,sreeves@maddox-fry.biz,2020-09-24,http://www.daniel.net/
f6Abb2B16eC7dcC,Melissa,Mcgrath,Kent PLC,East Angelmouth,Netherlands,001-248-936-5390x9704,317.394.4095,robyngray@pearson.biz,2020-10-20,http://www.tate.com/
34f4A71fBBa5C2A,Sara,Heath,Molina-Wall,Staceyburgh,Angola,+1-473-858-2053,(569)112-3125,jaredshannon@shaffer.org,2020-11-16,http://hicks.com/
AdcB6E7b2774f4C,Vickie,Snow,Brady Group,Clarenceport,Northern Mariana Islands,(677)620-7471x81011,536.051.0833x5809,kerrihale@ritter.com,2020-04-06,https://www.goodwin.info/
AF64c02A20410f5,Susan,Faulkner,Dillon Ltd,Port Kirstenmouth,Zimbabwe,+1-491-811-4201x4025,(325)759-9729x95975,leroymeyer@beard.com,2021-02-01,http://www.berg.biz/
adc155A42a8FEFa,Janice,Garrison,Nunez Ltd,South Edwin,Mauritania,231-007-9710x4571,341-180-2305x81183,pedro48@page.com,2020-10-21,https://www.clayton.com/
2374F8ff43fa006,Marilyn,Conrad,"Jennings, Wall and English",Tammyville,Cook Islands,001-570-521-9370x898,(704)604-4413,parkershields@navarro.com,2022-05-25,https://www.henderson.net/
9Dd78C7bb9E6C6a,Dana,Ross,"Hayes, Holder and Russo",Lake Ellen,Hong Kong,+1-808-176-3957,329.153.2849,marie53@bell.com,2022-01-18,https://mcgrath.info/
28f9Beee5e0daF5,Cory,York,"Arroyo, Parrish and Odonnell",North Russellmouth,Reunion,(779)423-3627,624.591.5273,kirk79@cummings.com,2020-07-25,https://www.case.com/
1D6BE6F89c3BeA8,Diamond,Jones,Huang PLC,Michaelton,Aruba,467.417.9943,+1-723-654-5630,dominiquelawson@price-cabrera.com,2021-10-09,https://padilla.com/
BEb0cfBaD6cf47C,Darryl,Davis,Booth-Yoder,Walshmouth,Venezuela,(121)123-6625,416-804-9684,marshallalejandro@harding.com,2020-08-22,https://www.keith.com/
2b98EaB2dA46fA7,Norman,Aguilar,Tanner-Fuentes,Judyhaven,Lithuania,9969867329,001-177-695-3840x97459,wallsparker@dorsey-payne.net,2020-02-11,https://www.walton.org/
6B7956f5e2BEE31,Rebecca,Buck,"Steele, Kennedy and Leon",Stuarttown,Ireland,500.577.3389x51940,001-847-242-4079x634,meredith76@bonilla-boone.org,2021-01-14,http://www.christensen.com/
C2A7Fc2d37b04be,Clayton,Bryant,"Horn, Wilkins and Knight",Neiltown,Monaco,(057)805-3850,(988)004-7853,cookemarie@morse-romero.net,2021-12-31,https://owens-larsen.info/
0cDdf9e46aACEe7,Jennifer,Vang,Gonzalez Inc,Maxwellton,Guyana,7844163994,(839)421-4546,craig46@raymond-cooke.info,2022-05-13,http://www.horne-hurst.com/
08800F76A7bb4c0,Cathy,Stanley,Kline Group,Lake Hayden,Nepal,556-116-4958x14315,024-650-8735x25924,kirsten54@hansen.info,2020-12-09,http://mack.info/
86754FAbaDFddBE,Ebony,Harris,Greer-Heath,Sheilaburgh,Uruguay,418.701.1963x591,344-922-0831x2872,cynthia85@jones-harrington.com,2020-09-04,http://flores.info/
2Ad0F4eecaacED0,Alexis,Ferrell,Andrade-Orozco,Port Katieville,Central African Republic,+1-079-614-6908,001-712-846-4941x4473,dakotamadden@singleton.com,2022-04-01,https://melton.com/
fF5C11e5bCbfAdf,Grant,Davila,"Vaughn, Benton and Khan",Robertsbury,New Zealand,(423)587-1259x098,641-936-8092,mccarthyerika@bruce.info,2020-10-25,https://levine.com/
73a3A6590c70D34,Jenny,Phillips,"Carson, Colon and Contreras",Kirstenfurt,Jersey,8137688492,055.436.3178,osborncody@osborne-lindsey.com,2021-02-23,https://murillo.biz/
Fae7cAFd65F7fBf,Peter,Parks,"Pham, Holmes and Wyatt",Douglasburgh,Tokelau,+1-313-724-4645,117.693.2475x9301,ralphking@mata.com,2021-01-25,https://atkins.com/
ADFf4FdCceDFD3D,Latasha,Weaver,Chen-Contreras,Dwaynehaven,Ghana,252.330.6673x443,(731)669-3488x71780,henrymurray@kane.biz,2022-04-04,https://www.oneill.com/
bF18DCc9ecDeB8d,Antonio,Novak,Summers and Sons,Isabelfurt,Guadeloupe,255-291-3469,615-553-1228,erin69@parrish-benton.com,2020-12-10,https://raymond.com/
99E508dF1caeBa9,Martha,Merritt,Camacho-Jennings,Port Olivia,Korea,916-525-9259x075,231.333.1602x7123,mike28@garrett-kaiser.com,2022-05-25,http://www.friedman-friedman.net/
f3D889D2d1E53CB,Cynthia,Haley,"Browning, Dean and Rhodes",South Ashlee,Saint Pierre and Miquelon,613.656.7476x4538,001-558-661-5399x32068,qmiranda@holloway.com,2021-01-16,https://www.morgan.com/
EB6FFfBe03BDBA3,Kerry,Cantu,Mcguire Group,East Charles,Seychelles,777-415-1815x65105,977-838-8692,galvanblake@bradley.com,2020-09-26,http://calderon-maxwell.com/
dfaEeb5CE00cdb0,Bernard,White,"Bray, Oneill and Buckley",Parkerhaven,Gibraltar,983.842.7520,(117)709-5812,daviesnatalie@chapman-weber.biz,2021-06-09,http://giles-hutchinson.com/
08B2937A4d50FEd,Melanie,Mcneil,Burch-Dodson,West Mercedes,Poland,712.040.5163x85264,(481)826-0039x71519,nbarber@kerr.net,2021-08-30,http://boyer.com/
a7a07082c726fdA,Austin,Joyce,Roberson-Delgado,Greerchester,Peru,8110994126,(949)909-5007x5625,robersonkristopher@tanner.com,2020-11-24,http://montoya.net/
2EaF0BFa43bFce3,Crystal,Bond,Bradford Group,East Nina,Jordan,164.783.8559,282.723.3628x031,wjordan@daugherty.com,2021-02-21,https://campbell-benson.com/
b50Af85F352ED3d,Trevor,Evans,"Wolfe, Travis and Ochoa",Lake Janeberg,United States Minor Outlying Islands,270.497.2589,330-716-6478x52752,theodore18@reese-fletcher.org,2021-07-23,https://www.reese.com/
7ee8cCFceE7BE18,Roger,Maddox,Baldwin-Wagner,Suttonburgh,Peru,001-151-266-7565x87681,+1-070-661-1556x48988,yarcher@noble-valencia.com,2020-10-14,https://daugherty.info/
342150f79da1b1f,Kirk,Campos,Ochoa-Collier,West Tami,Montenegro,335-246-8547,741-477-2833,nelsonbeth@zhang-rivas.com,2020-11-25,https://www.whitehead-byrd.net/
EAbCB93DA3C8BC4,Daisy,Hernandez,Roth LLC,Sotoville,Jordan,(950)713-4305x2847,(840)206-1897,eduardo76@mason.com,2020-02-29,http://www.wu.info/
24EcdAC50fD1BdF,Christine,Hernandez,"Davila, Schaefer and Maynard",Kellieton,Cote d'Ivoire,(720)337-9628x51538,+1-036-731-2389x63344,vincent51@brennan.com,2020-07-30,http://ho.com/
fDdCF8a73A8Ffe7,Ariel,Mendoza,Kaiser-Patel,Derrickmouth,Dominican Republic,214-076-7923x2881,+1-990-646-2225x5435,matthew54@good.org,2021-01-30,https://durham.com/
e30D09bcC5EaDEC,Stacie,Reyes,Bradshaw PLC,Warnerton,Guinea-Bissau,+1-805-112-3373,651-826-9516,karl57@martin.com,2021-03-14,https://sampson.com/
E8fA43fedefE20C,Vanessa,Cain,"Pham, Roy and Gibbs",Ninachester,Bouvet Island (Bouvetoya),483.348.7492x5170,590-032-9673x62007,seancruz@chung.com,2020-08-06,https://payne-nielsen.com/
0D3Cb620B4Ba8c7,Leonard,Alvarez,Juarez LLC,West Natashachester,Gabon,001-519-669-3466x33083,+1-147-321-3306,prestonkirsten@carson.biz,2021-11-15,http://www.marks.info/
B77c73dDFFFcd09,Randy,Beck,Bond PLC,East Collinmouth,Taiwan,993.490.9312x7860,001-890-410-2795,fandersen@ibarra.net,2021-12-08,https://soto.com/
acf1Ec3C6F149FE,Courtney,Page,Prince-Robbins,South Gwendolynland,United States Minor Outlying Islands,(492)964-2678,+1-248-263-6685x40882,kaylamata@cole-bean.biz,2021-05-09,http://small.com/
3c4A0F6eC172711,Denise,Medina,Singh Ltd,Nicolasbury,Norway,343-029-3561x287,+1-183-867-2005x8687,greggcortez@simpson.info,2022-03-05,https://www.montoya.com/
ACe423C3Ba715dD,Neil,Morris,"Rice, Mcclain and Anthony",South Seanview,Serbia,1733386399,+1-750-790-1198x697,isaiah50@jenkins.com,2021-02-27,https://www.medina.com/
B7dC6C2dFdD7DDF,Angela,Lutz,Fox-Williams,Hatfieldview,Puerto Rico,321.537.4190,9655187123,brittney72@jefferson.com,2020-06-07,http://www.butler.com/
2FbF0B8b0DACC6E,Maxwell,Bass,Powers Ltd,New Anntown,Bahrain,990.436.5915,661.796.2851x82808,melissatownsend@calhoun-prince.biz,2021-06-17,https://www.morris-hartman.info/
eF99aE70bc0bAeC,Jared,Sanders,Singleton Group,Duranfort,Lebanon,623.014.3632x0688,165-503-1515x697,ocarrillo@hall.net,2021-12-03,http://www.sutton.com/
CFA6dc203eBe8CC,Jay,Rios,Miles and Sons,Port Larry,Cambodia,669.783.1178,215.543.6489x49002,ewillis@wang-garza.com,2020-10-30,https://hendrix.com/
FC67EF7bcB7E45e,Darius,Mcbride,Peck LLC,Cookehaven,Moldova,001-760-063-4749x118,224.861.5309x4911,ebrowning@bautista-reilly.com,2020-08-04,https://www.chaney.com/
DEf74cab7e8a373,Jenna,Cameron,Pitts and Sons,North Brittany,Saint Barthelemy,3317664189,770-640-2124x608,jasminepetersen@simon.net,2020-06-21,https://www.gillespie.com/
fE4a599FF0fB6F5,Stephanie,Roberson,"Rowe, Patton and Shelton",Toddville,New Caledonia,850-980-8782,155-062-2265,rebecca38@horton-delgado.org,2020-06-23,http://garrett.com/
FC7ce1F9A65eFca,Crystal,Guerrero,Huffman Group,Stacyberg,Brazil,+1-491-410-8903x704,001-991-011-3725x40321,stephen66@nielsen.com,2020-08-07,http://www.hodge-brown.biz/
0ec348cBC3aedCf,Kenneth,Page,Warren and Sons,South Grantton,Philippines,168.669.6368x0319,667-006-7031x65683,olivia97@stephens.biz,2021-12-19,http://www.clements.com/
fb07C73BF5DAe62,Jasmine,Huynh,Hale Inc,North Joshua,Reunion,(213)448-3869x4153,+1-928-924-2695x3141,andrescarr@atkins.com,2020-08-03,https://www.young-calhoun.biz/
5F4892bAcEfc3ff,Phillip,Pollard,Kline and Sons,Port Caseytown,Kuwait,+1-761-873-8836x57095,(874)698-0951x57206,meghandalton@glenn-madden.biz,2021-04-02,http://www.wood.com/
FacDCA8B83b327d,Charlotte,Gill,Hull Inc,New Barbara,Belarus,(928)353-9637,4029096492,jasmine50@white.com,2021-03-24,https://romero-bates.com/
F6AcbBE8Cc9E19c,Antonio,Reeves,Carroll-Frazier,Port Lancefurt,British Indian Ocean Territory (Chagos Archipelago),197-003-7791x170,(560)103-8338,paulweaver@day-coleman.biz,2020-12-03,http://www.pope-burch.com/
e3C097Db36A10f0,Selena,Mcmahon,Brewer-Becker,North Timothychester,Kazakhstan,880.788.3761x3456,+1-160-824-8836x4383,diamondphelps@lambert-bowman.com,2022-02-23,http://www.foley.biz/
3ae9E4EA802d8Ef,Alexander,Mcmahon,Osborne-Crosby,Hannahville,Egypt,565.703.6722x9988,7658708300,desireelam@bradshaw-melton.biz,2020-10-02,http://www.francis.com/
Aae568cC3adb376,Jim,Maldonado,Clark-Garrison,Miahaven,Haiti,752-292-6196x2540,(673)098-1030,mbowman@sutton.com,2020-08-19,https://www.friedman-manning.com/
8ac02a294D99bBB,Kristina,Hensley,"Jacobson, Webb and Snyder",Billland,Senegal,933-631-6414x06702,(397)771-1728x130,shawnchung@porter.com,2020-04-12,http://www.jennings.info/
3e87C6ebC1DeCba,Vanessa,Houston,Harrison LLC,Blankenshipburgh,Kyrgyz Republic,001-888-863-3591,5639613701,franklin22@chavez.com,2020-03-15,https://www.barnes-downs.com/
Fe32c4eF5B1fF3d,Stacey,Thornton,Copeland-Macias,Port Katelyn,Turkey,(701)324-4570,(474)285-6235x44212,brichardson@meza-francis.org,2020-08-04,http://sandoval.org/
bd0BBCE7c8Dbaad,Kayla,Lamb,Barber-Mora,Mccanntown,Myanmar,+1-237-324-5309x25007,(445)086-5831,tfletcher@gardner.com,2020-02-22,https://www.dorsey-wilkinson.net/
Fd30DdF7A4dADeF,Randy,Bender,Mcgee-Montes,Leslietown,Cyprus,382-076-4342x4598,552.923.7545,tamaramorton@parker-turner.info,2020-04-24,http://beltran.info/
B84fe2AA088c71c,Breanna,Griffith,Wilkinson-Mejia,Lake Cynthiaborough,New Zealand,+1-268-983-9648x965,+1-295-381-8947x13549,monica99@boone.com,2022-04-19,https://yates.net/
D9FaEfd9f2E71b2,Sierra,Case,Reeves PLC,Davenportberg,Slovenia,+1-257-768-8102x55218,(636)141-3663,charleswalls@phillips.com,2020-08-22,https://mora.com/
6b133ca2D3A1D00,Donald,Ingram,"Sosa, Bolton and Macdonald",Tashafort,Anguilla,001-498-373-7008,6435716927,danny62@montgomery-rosales.com,2022-01-14,https://dyer.com/
adbCFFfBF1eABF0,Wesley,Keith,"Vang, Shaffer and Gilmore",Suemouth,Ghana,+1-687-922-6577,(676)161-8782,kdominguez@moore.info,2021-02-14,https://case.info/
7bE3731aDBDEd36,Dan,Blake,Christensen Ltd,East Janiceton,Sri Lanka,001-863-017-3062x741,+1-174-682-1769x0718,belinda40@glover-cain.biz,2021-10-09,https://byrd-sampson.com/
ef8cdF16d1BcFC9,Kurt,Swanson,Peck and Sons,Danielleberg,Yemen,899.658.7720x3122,(071)270-3123x72659,mariebartlett@mahoney-houston.com,2021-11-13,http://www.spence.com/
caBfF96a40aE715,Tom,Shaffer,Montes-Todd,Derricktown,Belize,(948)182-8192x78688,1592437718,kirkcain@bolton-shaw.com,2022-02-13,http://cherry-cuevas.com/
CF7ad8FF9d0779B,Mariah,Richmond,Patel and Sons,North Sophiamouth,Malawi,299-735-5157x046,001-728-578-5919x896,katherinepatrick@frost-wagner.com,2020-01-06,http://www.hanson.com/
6de09ab5dE8e6B8,Fred,Taylor,Cordova Inc,West Joann,Ethiopia,858-569-1816x84261,8168211377,roberto35@forbes-liu.com,2022-05-15,https://espinoza.biz/
bDB4dBaaaa070a4,Rhonda,Mullen,Saunders-Yang,West Latashaside,Azerbaijan,+1-779-835-2012x71884,419.893.3033,lowerycolton@huffman.com,2021-11-06,http://rhodes.net/
fFB10e24EB6bb1a,Molly,Browning,"Bowman, Chapman and Collier",East Chase,Korea,+1-053-915-3435x264,(585)414-2787,riley46@cunningham-holt.com,2020-03-06,http://frye.com/
B3a7dbC2CaBD55e,Jackson,Fitzgerald,"Nelson, Bates and Arias",Daltonstad,South Africa,046-079-7300,687-842-3722x547,savageeddie@wells-villa.com,2021-07-16,https://www.santana.com/
6800CCbFb15ebf1,Norman,Sosa,"Pitts, Dougherty and Petty",West Holly,Bouvet Island (Bouvetoya),154.383.5296x028,164-866-6809,lindacraig@guzman-estrada.biz,2020-07-30,https://www.sheppard.com/
BEfA2CBE462e561,Natalie,Rosales,Johnston LLC,West Melissa,Niger,+1-008-522-5954x9262,(683)532-7801x3943,uboyle@kemp.com,2022-05-28,https://rogers.com/
85F54DA3e4A4cFD,Norma,Ortega,Abbott-Grant,Carlborough,Nicaragua,+1-152-975-9065x2069,632-815-1673x980,patty06@marsh-mcclure.com,2022-04-06,http://www.barker-larsen.com/
Eb3c12fc46a7966,Oscar,Church,Frost Ltd,Smallstad,Korea,(460)036-9281,(746)482-3059x962,lonnie66@blake.biz,2022-01-25,http://potter.org/
